source_id,spec_class,teff_K,L_Lsun,R_gaia_Rsun,R_derived_Rsun,R_resid_pct
2733266472200635648,M,3218.2083,0.0045952066,0.21777043,0.21806069,0.13328686
5626341152706427904,M,3727.9312,0.07286486,0.6455596,0.64710753,0.2397805
5214925720023958912,M,3610.3237,0.043403827,0.5328438,0.53250647,-0.063307642
6511230039178478848,M,3502.224,0.029441321,0.47381416,0.46606229,-1.6360565
5871798847258673920,M,3844.3267,0.047252756,0.49257192,0.49003394,-0.5152515
1308268650638218752,M,3196.2102,0.005635203,0.24509893,0.24481458,-0.1160147
1891359324914273664,M,3889.3809,0.093311206,0.6713018,0.67275837,0.21697651
168128320166206848,M,3615.0835,0.051640783,0.57871073,0.57931251,0.1039857
6873519635930161024,M,3753.3867,0.041353013,0.48505715,0.48090591,-0.855824
4733786170513097984,M,3568.6606,0.020598263,0.37596714,0.37545507,-0.13620188
5554448141812497152,M,3622.5852,0.056757707,0.60655105,0.60482309,-0.28488237
4509249536590264448,M,3551.928,0.050361272,0.5931385,0.59261576,-0.088130762
1155516936164348544,M,3512.1206,0.027685072,0.4502795,0.44940422,-0.19438535
2153578618910254720,M,3384.6914,0.05038487,0.653589,0.65277735,-0.12418371
1973572210217352832,M,3418.7332,0.029031068,0.48593527,0.48568451,-0.051604577
3346749709456338560,M,3663.689,0.04615025,0.5333682,0.53321577,-0.028577963
5156359550270224000,M,3683.9097,0.046290264,0.528704,0.52817767,-0.099550786
3125014012684556288,M,3300.5488,0.007637274,0.27333066,0.26726989,-2.2173776
4590233142120018560,M,3469.358,0.031823885,0.4928407,0.49377776,0.19013461
1272804044819090816,M,3761.1135,0.07679689,0.65407187,0.65266767,-0.21468631
5773293733615706240,M,3778.3213,0.057526533,0.5557574,0.55974405,0.71733692
2762575333324399104,M,3336.183,0.012301404,0.3308416,0.33199441,0.34844781
6801346936765589248,M,3641.6753,0.083672896,0.73820645,0.72667985,-1.5614326
6032351214424816896,M,3560.0413,0.02276633,0.3966503,0.39663369,-0.0041872483
2978371738865384192,M,3538.8447,0.03393518,0.4737967,0.49006674,3.4339712
233587126455796096,M,3662.6372,0.023667717,0.3846272,0.38207053,-0.66471383
5781364359420371840,M,3461.442,0.022672474,0.4201633,0.41868606,-0.35158762
1565955663217068672,M,3735.392,0.11541557,0.8155306,0.81117206,-0.53444186
2037704803617185152,M,3368.6235,0.009930046,0.29792777,0.29256599,-1.7996904
5322711227155204864,M,3585.0903,0.053483523,0.59710836,0.59946381,0.39447537
2930546277298588288,M,3415.546,0.0409403,0.58023393,0.57784105,-0.41239854
2163455707980134272,M,3530.4697,0.030245328,0.46420324,0.46485481,0.14036401
6224151332742512128,M,3423.0432,0.025100192,0.4481695,0.45047109,0.51355301
1795437754411600768,M,3424.3813,0.011331993,0.3039238,0.30244198,-0.4875622
5850233885138776960,M,3532.5112,0.022122605,0.39809716,0.39710394,-0.24949131
482091425938463232,M,3667.1418,0.053628795,0.57910216,0.57371575,-0.93013105
3301816036481126912,M,3884.925,0.24919792,1.069381,1.1019454,3.0451666
6792282116231384960,M,3537.3276,0.023094542,0.40575165,0.40462925,-0.27662277
4666499013830653440,M,3592.6008,0.07530886,0.71373343,0.70836692,-0.75189249
3014794023608154752,M,3840.5803,0.092951246,0.68595576,0.68863179,0.39011731
1770141084233383168,M,3286.1934,0.014234615,0.35274458,0.36807794,4.3468723
5192711157032467968,M,3504.1897,0.06392059,0.6831892,0.68595927,0.40546193
4876939663872726272,M,3754.7263,0.062334724,0.5840835,0.59001304,1.0151875
1807875399898638976,M,3542.991,0.056000162,0.62966865,0.6280695,-0.25396682
5724171715913779200,M,3331.7043,0.019365065,0.39133045,0.41766659,6.7298992
2022838783627742976,M,3823.0784,0.060866,0.56214976,0.56235963,0.037332727
5545547011071835392,M,3450.5137,0.025740478,0.4496876,0.44894584,-0.16494989
2295656313156693120,M,3563.3965,0.03947168,0.51886547,0.52127593,0.46456278
968477505631771008,M,3663.0032,0.033104654,0.45244068,0.45177593,-0.14692471
3986360121822767872,M,3431.6155,0.021735374,0.4171876,0.41709932,-0.021161614
6815187378680908800,M,3430.3235,0.02271873,0.42686382,0.42675147,-0.026319149
1125633039051464448,M,3856.9805,0.08345863,0.6391343,0.64698454,1.2282607
5317063104650497536,M,3514.003,0.033140466,0.5008345,0.4911659,-1.9304973
5626544360500009344,M,3613.2146,0.027303569,0.42111334,0.42167258,0.1327996
5348622520031798912,M,3482.9702,0.014746318,0.33308682,0.33349969,0.12395416
1375358960378760704,M,3453.7031,0.010327078,0.28705952,0.28383888,-1.121943
6179604099446348288,M,3687.0762,0.04170952,0.50489485,0.50050282,-0.86988964
315341721552964736,M,3836.6165,0.05819744,0.5468793,0.54601971,-0.15718069
5160260995482558976,M,3594.9644,0.058069646,0.6189923,0.62121018,0.35830448
4941229483137613952,M,3203.5073,0.008717202,0.30079147,0.30310303,0.76849299
1092124730703552896,M,3340.7979,0.010678134,0.30812103,0.30846112,0.11037661
1353951129684926976,M,3378.02,0.02555679,0.47436172,0.46674737,-1.6051779
2991908273192312320,M,3529.6055,0.0354964,0.50414616,0.50384039,-0.060650772
4065480600700474752,M,3634.0444,0.06495065,0.64387465,0.64293113,-0.14653804
204490127472761472,M,3721.443,0.061048474,0.5920758,0.59438498,0.39001377
3514960037720750848,M,3353.243,0.009773951,0.30043224,0.29292618,-2.4984207
4759969867401789568,M,3555.4338,0.054514125,0.617003,0.6153504,-0.26784243
630601774302831488,M,3678.4592,0.076110266,0.6807443,0.67927072,-0.21646617
6833777856859897984,M,3227.5393,0.0072521474,0.2759857,0.27236004,-1.313712
5458458341464094336,M,3630.22,0.05823092,0.60794944,0.61004812,0.34520712
4561946281348956288,M,3617.446,0.03506956,0.47726074,0.4767758,-0.10160853
2795245191039713152,M,3599.8047,0.031692605,0.45700046,0.45769298,0.15153575
5910768975275094784,M,3763.212,0.045704197,0.5029029,0.50293728,0.006837191
4049358216793874816,M,3878.2468,0.08423471,0.6503775,0.6428769,-1.1532694
3218631036876848640,M,3542.2112,0.021397598,0.388618,0.38840675,-0.054359214
1944921243592640640,M,3611.2078,0.041746665,0.5263321,0.52198629,-0.82567869
1396282494856489728,M,3734.9902,0.047474973,0.5231008,0.52036322,-0.52333737
2012920192316396672,M,3187.9495,0.0048523378,0.22807378,0.22835252,0.1222147
5593939889365220992,M,3238.853,0.00845105,0.28462636,0.29196179,2.5772148
4755530078104462976,M,3316.0955,0.0066835834,0.24706857,0.24768733,0.2504398
5889950993945365632,M,3429.9204,0.018064246,0.38027135,0.38062297,0.092466488
1194371890383586816,M,3413.218,0.012716171,0.3263622,0.32248037,-1.1894233
5436102143335990784,M,3518.1375,0.029912854,0.4661843,0.46553943,-0.1383299
6009461207706160768,M,3480.7986,0.023991717,0.42636237,0.42591804,-0.10421431
1869547900457905920,M,3557.9702,0.054180093,0.6114225,0.61258791,0.19060633
5283564490032985216,M,3513.6711,0.024996202,0.42736444,0.42664628,-0.16804457
2845253659931962368,M,3619.0928,0.024116784,0.39799753,0.39501485,-0.74942255
1716185579052348672,M,3518.5586,0.042619854,0.55487293,0.5555582,0.12350052
4557150555228159744,M,3647.4617,0.07092092,0.67850816,0.66689715,-1.711256
449580275852573696,M,3525.858,0.019969253,0.3789283,0.37870796,-0.058147798
1992480481611925888,M,3781.573,0.05265712,0.53492785,0.53460958,-0.059498162
6288668407312131968,M,3484.3796,0.009867492,0.28603598,0.27258731,-4.7017421
6134480283982904320,M,3839.4165,0.04423596,0.47444078,0.47534665,0.19093374
3671752186843116416,M,3685.621,0.06424927,0.6317006,0.62167859,-1.5865124
4208448551382238464,M,3135.6384,0.0067251604,0.27804342,0.27787696,-0.059869093
420933840427608320,M,3635.974,0.09870732,0.79761094,0.79174678,-0.73521621
6776027967117158016,M,3662.1787,0.06536287,0.634205,0.6350964,0.14055434
6837314092412667008,M,3366.3237,0.012176206,0.32494146,0.32441237,-0.16282641
3016494349620782080,M,3670.836,0.031074548,0.43588504,0.43583852,-0.010673581
393538301327255296,M,3416.6375,0.012372806,0.31799728,0.31746032,-0.16885532
3666796481778157696,M,3543.345,0.027030671,0.43609923,0.43626934,0.0390076
4280957147040282240,M,3694.5,0.041740187,0.49843317,0.49867663,0.048844692
3439092842051829504,M,3792.2607,0.10889621,0.76730216,0.7644748,-0.36848098
3848939722609424000,M,3432.9363,0.022592962,0.42471546,0.42492106,0.048409054
3147006104960751232,M,3520.1545,0.045678895,0.5766795,0.57462895,-0.35557804
5250344979593323264,M,3649.7651,0.18722562,1.0818776,1.0821961,0.029441179
7092232251988480,M,3321.5322,0.015603007,0.37769312,0.37720755,-0.12856163
2255952256787112320,M,3372.6814,0.038222726,0.57219213,0.57261584,0.074049576
4806267454485482880,M,3374.6836,0.012956847,0.33307752,0.33299423,-0.025007131
5525701792560794112,M,3639.1772,0.022554316,0.3863072,0.37779968,-2.2022681
4528422652857777920,M,3678.3604,0.044547904,0.52023053,0.51970661,-0.10070899
6089490806496725760,M,3455.1501,0.039185025,0.55659676,0.55243271,-0.74812653
353038894324986112,M,3430.7698,0.021537073,0.41592312,0.41539699,-0.12649723
983828096704413056,M,3561.2375,0.0727638,0.71343327,0.70861276,-0.67567721
1917912492068764800,M,3470.9678,0.029860245,0.47702682,0.47785779,0.17419879
5153483876391459072,M,3613.1233,0.035902243,0.48323476,0.48355779,0.066848136
5744048339222572672,M,3595.9985,0.045618597,0.5546888,0.55028176,-0.79450638
22754771094131200,M,3649.5427,0.03593079,0.48314404,0.47414333,-1.8629455
5876139783540386048,M,3469.4475,0.15538716,1.0914257,1.0910385,-0.0354744
4718604045237179136,M,3647.2395,0.091641165,0.75740284,0.75817576,0.10204897
2040226597953645312,M,3507.1824,0.03526945,0.51021945,0.50866962,-0.303758
1672393027350307968,M,3490.4045,0.022031642,0.40538925,0.40590563,0.12737857
1298396002589203968,M,3531.6812,0.014920955,0.32650584,0.32627853,-0.06962025
5529727138995954176,M,3681.8516,0.06084581,0.6034769,0.60622793,0.45586295
259856280304874368,M,3674.9714,0.05700359,0.5876233,0.58897429,0.22990755
665587066069254400,M,3452.962,0.017756851,0.37357476,0.37235101,-0.32757788
3338657024699329536,M,3841.5208,0.042350996,0.48093253,0.46459935,-3.3961481
5307596962364587776,M,3624.3079,0.034993567,0.4752138,0.47445726,-0.15919995
2556200127526734720,M,3524.0525,0.014179075,0.34099513,0.31944226,-6.3205797
3684951411617737088,M,3620.8892,0.047938265,0.55427885,0.55637018,0.37730668
5952790759195227264,M,3520.249,0.12661791,0.9700101,0.95665196,-1.377114
2103059976626041856,M,3222.3132,0.010511893,0.3290284,0.32897139,-0.017327675
660106374264832640,M,3708.7837,0.047828976,0.53034806,0.52970697,-0.12088015
2037999708949457664,M,3420.4133,0.017682105,0.3826767,0.37867181,-1.0465477
1044235849649909504,M,3596.3994,0.022126501,0.38279575,0.3831543,0.093664939
3045126938086464640,M,3472.159,0.02855271,0.46822822,0.46695778,-0.27132845
4236364017733229696,M,3718.4287,0.04288382,0.49904847,0.49897752,-0.014217953
2169772917661784576,M,3799.3208,0.14895466,0.90591335,0.89077553,-1.671001
2271119847894139904,M,3654.1357,0.043704998,0.5239745,0.52161416,-0.4504689
5033861890372409344,M,3354.4766,0.01547833,0.3688327,0.36835424,-0.12972161
6058443862300431616,M,3772.2322,0.06333105,0.5879785,0.58920262,0.20819127
5545510383589579776,M,3645.1196,0.045342054,0.53742945,0.53392492,-0.65209129
4717263122087350016,M,3476.4197,0.0477788,0.6055163,0.60256843,-0.48683554
6399044634413949056,M,3594.8774,0.080193155,0.72833776,0.73005175,0.23532832
1871317422669330688,M,3684.2617,0.04661045,0.5269147,0.52989993,0.56654991
5665192091128481664,M,3257.7197,0.02239922,0.4427487,0.46983155,6.1169809
5498421358587574144,M,3888.8684,0.07191662,0.59540296,0.5907739,-0.77746652
5190596413918309376,M,3879.5586,0.0617428,0.5545912,0.55002406,-0.82351439
1210410092836307840,M,3822.6208,0.13275795,0.8299956,0.8307321,0.088735472
5932046891797039744,M,3676.265,0.059816908,0.60752225,0.60290866,-0.7594109
1942697584398228992,M,3588.1501,0.02814829,0.43773308,0.43414816,-0.81897396
5562949290841456512,M,3480.8618,0.025025398,0.4362557,0.43498081,-0.29223504
5689714288509433728,M,3460.0095,0.042397153,0.5739827,0.57301623,-0.16837904
2034243060014099584,M,3593.4114,0.086159855,0.76389724,0.7573415,-0.85819599
1850188146373235456,M,3890.9675,0.10472386,0.7137141,0.71213243,-0.22161045
1951214057875820160,M,3562.8684,0.050963007,0.6010253,0.59249013,-1.4201015
2297145842175040384,M,3641.3696,0.026637046,0.4156233,0.41007819,-1.3341684
5340895839507691136,M,3511.6772,0.01860926,0.37932822,0.36854331,-2.8431594
6891046126150741888,M,3579.0886,0.035862666,0.49213,0.49252644,0.080555562
5348018377058395648,M,3769.0483,0.045290183,0.5016981,0.49910485,-0.51689391
3083391007877181056,M,3719.4048,0.03960024,0.47835028,0.47924233,0.18648572
523058610717878144,M,3317.4429,0.0123106,0.33698487,0.33588133,-0.32747606
6536703490210003584,M,3701.8616,0.05871038,0.589168,0.58907454,-0.015863532
6439067166905943296,M,3806.3374,0.064768896,0.58455324,0.58522362,0.11468186
1341070110447142272,M,3781.108,0.03890118,0.46092662,0.45961732,-0.28405876
2911971819348142464,M,3680.061,0.05983557,0.60302293,0.60175934,-0.20954207
3388883162533300992,M,3731.2131,0.08945878,0.7219984,0.71575525,-0.86470477
3723127344395011712,M,3442.6255,0.011248793,0.29918286,0.29814433,-0.34712073
5243292261031339008,M,3818.925,0.06766898,0.59114915,0.59424525,0.52374224
4080011780682157056,M,3811.297,0.12935826,0.8345107,0.82490637,-1.1508935
1338774879926225024,M,3567.793,0.07772871,0.7296743,0.72970041,0.0035788875
1999737739399072896,M,3749.416,0.036642056,0.45486635,0.45364468,-0.268578
4552524630634118656,M,3207.6921,0.00697944,0.27138373,0.27050675,-0.3231526
853645198420332672,M,3773.7585,0.06149652,0.58084315,0.58013654,-0.12165197
2169652108822841600,M,3830.2334,0.066877045,0.588673,0.5872746,-0.23755062
143468301578793344,M,3818.9375,0.046632033,0.49297473,0.493299,0.06577797
4793190825257267456,M,3606.2253,0.08647676,0.75287926,0.75335063,0.062608536
3997775114103572992,M,3467.711,0.02856031,0.46772408,0.46821878,0.10576707
6782610360978836736,M,3394.9602,0.018092845,0.3883399,0.38880981,0.12100565
6392030948523053824,M,3571.4026,0.018008374,0.35911736,0.35051999,-2.3940279
1246767025356587264,M,3448.673,0.018100927,0.3833927,0.37687691,-1.699507
1884318086809940352,M,3626.1707,0.03324649,0.46207294,0.46198681,-0.018640749
2079829258737856640,M,3619.2576,0.06462765,0.646439,0.64658162,0.022061933
142224616488164096,M,3247.4524,0.013923925,0.37244418,0.3727764,0.089200059
2519289968858720896,M,3465.4253,0.04499653,0.58802974,0.58847713,0.076082816
3403560375749587072,M,3484.0505,0.040166363,0.5533767,0.55006693,-0.59810509
4130006879293060864,M,3593.228,0.0235187,0.39605173,0.39572206,-0.083237888
4445618359149979008,M,3754.8066,0.04409603,0.5032495,0.496224,-1.3960281
5447850115839424000,M,3402.0068,0.024331288,0.4558486,0.44901966,-1.4980721
4768790463211736448,M,3330.395,0.01791294,0.39943692,0.40201764,0.64608834
3221217088224717824,M,3889.8142,0.05019932,0.4894416,0.49333777,0.79604316
3336875751439460352,M,3779.3772,0.043898,0.49061447,0.4886918,-0.39189052
2460748323368652416,M,3641.5854,0.03472122,0.46859807,0.46813342,-0.099156481
5926576855809175168,M,3520.0115,0.042841457,0.5483228,0.55654093,1.4987766
5953583438361053312,M,3500.329,0.03179837,0.489959,0.484884,-1.0358
1353667868001512064,M,3587.819,0.028596384,0.43488944,0.4376709,0.6395782
6187914109544963200,M,3565.7095,0.026400832,0.42816547,0.42576509,-0.5606192
5389613279883708672,M,3474.0444,0.019745024,0.38987437,0.38789239,-0.50836256
5656173003404748800,M,3519.2927,0.028110445,0.45105582,0.45099969,-0.01244401
4534267038203940352,M,3541.688,0.024098357,0.41390872,0.41231229,-0.3856967
2818454163515646976,M,3729.1223,0.053805877,0.56123024,0.55571838,-0.98210232
6911866748916686848,M,3342.8342,0.009211309,0.28575346,0.28614368,0.13655941
1874611323281293952,M,3485.472,0.020482592,0.3943342,0.39248442,-0.46908948
5298642741522077696,M,3522.507,0.028678628,0.46102628,0.45470383,-1.3713851
6902974487283334912,M,3823.1519,0.06889887,0.5981107,0.59829601,0.030981804
4148621233194655872,M,3680.6086,0.084476255,0.70952517,0.71479452,0.74265858
5554212227848124160,M,3354.4434,0.018679963,0.4049709,0.40466927,-0.074480966
4730165032046332032,M,3443.3193,0.01509078,0.34538615,0.34518698,-0.057664787
1215302850860319232,M,3814.8933,0.06795083,0.59704,0.59674083,-0.050109163
2604809227353195776,M,3569.221,0.042322762,0.5375554,0.53801364,0.085244382
5516273686508696960,M,3338.3467,0.010678185,0.3090004,0.30891501,-0.027635492
6002058195917775488,M,3482.7656,0.019517466,0.38600183,0.38372172,-0.59069887
345437180168456960,M,3746.3423,0.053883493,0.5501475,0.55101842,0.15830719
1140823788621782656,M,3690.4985,0.05917469,0.59835386,0.59504675,-0.55270074
3950191308870884992,M,3219.1519,0.004523236,0.21631794,0.21621949,-0.045510287
3526098021790949632,M,3443.7012,0.01938125,0.3917693,0.39110478,-0.1696191
3886440422100617344,M,3202.4136,0.006178865,0.25585282,0.25535988,-0.19266416
1834102188197970304,M,3486.7659,0.01980324,0.38600484,0.38563435,-0.095981821
3716300171752649984,M,3485.537,0.029096305,0.46972132,0.46777035,-0.4153471
5406005623884166528,M,3524.0564,0.050010525,0.5974037,0.59992667,0.42232197
329380560894228736,M,3185.3464,0.007746533,0.28859735,0.28899712,0.13852124
4144515455023438976,M,3735.6875,0.053443953,0.5555068,0.55190124,-0.64905792
6024847395467088896,M,3464.2517,0.042879555,0.57543856,0.57485646,-0.10115716
1521864868985899136,M,3788.5881,0.03970822,0.4638184,0.4625286,-0.27808369
3056152939464468224,M,3295.3455,0.01331672,0.3527233,0.35403801,0.37272995
3865553476449055744,M,3361.9392,0.015823193,0.371193,0.3707836,-0.11029379
3890769504321703552,M,3323.4675,0.012617093,0.33988607,0.3388051,-0.31803858
6791508124467139328,M,3582.462,0.044437513,0.5469186,0.54722364,0.055773831
4664368121641153536,M,3553.348,0.038625676,0.51905984,0.51857995,-0.092453495
4437003754265040384,M,3419.3977,0.018546337,0.38759696,0.38804581,0.11580454
123265458316531584,M,3379.2422,0.021383679,0.42910755,0.42663427,-0.57637852
2547910389673746176,M,3415.4673,0.018176762,0.3831989,0.38504471,0.48168381
4689918641569163136,M,3710.531,0.052901514,0.55828464,0.55656396,-0.30820778
6655483044168921088,M,3411.3203,0.016352735,0.36366484,0.36610306,0.67045897
2602540758771348608,M,3245.9802,0.008316779,0.2877618,0.28836265,0.20880135
6885802035506629632,M,3425.1675,0.019794334,0.3994339,0.39953974,0.026496623
6062931832570654848,M,3784.063,0.10424826,0.74303895,0.75122642,1.1018894
4354414973434316416,M,3729.6833,0.088510424,0.716123,0.71253542,-0.50097223
1880634585417076736,M,3622.4897,0.040135488,0.50832933,0.50863134,0.05941225
4476574494853524736,M,3527.5366,0.05073379,0.59874713,0.60305755,0.71990621
6114156704893722368,M,3867.3953,0.06624008,0.57554924,0.57329276,-0.39205736
5608993195679539840,M,3608.6987,0.045192823,0.5470051,0.54385941,-0.57507446
6670056452316746496,M,3831.1545,0.08221007,0.6485392,0.65081318,0.35063059
5502787660997142784,M,3426.8262,0.012928132,0.32270464,0.3225796,-0.038749036
6663495627780332032,M,3615.3992,0.027026813,0.41744247,0.4190232,0.37866897
2162178831373969280,M,3517.9019,0.06848767,0.6908727,0.7045177,1.975038
6241462490483858048,M,3438.493,0.014355876,0.3373946,0.33762276,0.067625269
5404396145028849536,M,3814.1982,0.048486132,0.5067832,0.50426104,-0.49767988
374990815771450240,M,3619.804,0.026207238,0.420569,0.41161735,-2.1284608
2822222327303416320,M,3650.4023,0.079863384,0.55144286,0.70655432,28.128292
3116020557325507328,M,3866.6714,0.05043917,0.50145334,0.50045219,-0.19964963
2251201782439212672,M,3872.086,0.09267373,0.66218084,0.67645902,2.1562361
2388199183208567552,M,3487.7632,0.032853495,0.4954331,0.4964208,0.19936029
6882492230628934528,M,3321.1694,0.010259862,0.30577734,0.30594395,0.05448629
1958034706456566272,M,3774.1855,0.078084424,0.6555908,0.65356514,-0.30898165
4686764559319028480,M,3476.414,0.026225008,0.45181656,0.44642447,-1.1934238
2212400090113115264,M,3568.89,0.019100508,0.36282864,0.36150083,-0.36596148
5381306194656874240,M,3627.4092,0.05015186,0.5656445,0.5670268,0.2443754
6744033484423150208,M,3430.135,0.018506395,0.38346198,0.38520476,0.45448658
916171263595963648,M,3422.2786,0.011467879,0.30421522,0.30462391,0.1343425
535820092420499456,M,3744.2327,0.06316153,0.5987366,0.59724678,-0.24882704
1181464658961076864,M,3382.7576,0.029319244,0.5004013,0.49852597,-0.37476505
2932305534565794176,M,3366.9521,0.010424791,0.30025163,0.30006336,-0.062705133
3830532729729391104,M,3562.6414,0.050310384,0.58845776,0.58875927,0.051236881
4949303368819846144,M,3762.8813,0.058115803,0.5693799,0.56723007,-0.37757408
3533665002548633728,M,3596.4507,0.031313136,0.45837393,0.4557936,-0.56293181
3017687319737325568,M,3797.4001,0.09604847,0.71328396,0.71602085,0.38370334
6358935446665335296,M,3633.0232,0.052834176,0.5767151,0.58019541,0.60347105
4200548246799166592,M,3714.7542,0.1089038,0.795428,0.79673613,0.16445641
2834803725327199744,M,3460.3552,0.022719394,0.42060375,0.41938237,-0.29038702
3790547511917074688,M,3341.8967,0.022706639,0.44931993,0.44951433,0.043266433
6283305092671286272,M,3580.771,0.0239155,0.4014508,0.40182763,0.093867583
6583746709384685696,M,3467.867,0.03458473,0.51888937,0.51519364,-0.71223932
1846411835030507904,M,3519.0105,0.037694324,0.5229139,0.52233607,-0.11050241
2665575661607646592,M,3429.7961,0.02443234,0.4420332,0.44268936,0.14844234
2146942447762060416,M,3387.6787,0.050100103,0.64717215,0.64978255,0.4033546
4851012904810993536,M,3590.1697,0.039892685,0.5246869,0.51626162,-1.6057728
4509658627938075008,M,3497.4036,0.030912466,0.47935236,0.47888196,-0.098131431
1386463306264570752,M,3366.0613,0.017897794,0.39377674,0.39337692,-0.10153554
3660079870186678016,M,3579.342,0.0306993,0.45335472,0.45562863,0.50157382
2695207671774746880,M,3559.2244,0.029128926,0.44911504,0.44885354,-0.058225102
126176071753286016,M,3826.2783,0.05393633,0.522657,0.52849484,1.1169534
2922259640417135104,M,3652.387,0.06323338,0.6258075,0.628019,0.35338332
3407901625612667264,M,3571.2378,0.02566266,0.4185221,0.41847205,-0.011958774
1913821660275130368,M,3719.6763,0.045922875,0.52818865,0.51600915,-2.3059002
4994849847724747520,M,3634.5374,0.065968715,0.6496105,0.64777456,-0.28262148
2317170315442746240,M,3306.461,0.02439883,0.4756348,0.47600427,0.077680213
2089782003631665792,M,3715.4844,0.036519583,0.4631864,0.46119563,-0.42979937
6129794161126879104,M,3750.0027,0.05207293,0.5526931,0.54062485,-2.1835348
5585553909877319040,M,3543.6602,0.026951076,0.43423712,0.43554905,0.30212355
4613015641519828864,M,3551.9768,0.038464677,0.51837456,0.51789768,-0.091995417
3383951204344435968,M,3752.445,0.055654027,0.57272124,0.55817809,-2.5393065
2542430732958201088,M,3304.0476,0.010334572,0.3110823,0.31024645,-0.26869165
5848306716154798080,M,3438.2815,0.01773037,0.37533766,0.37525734,-0.021398607
532682837850771584,M,3450.4094,0.021467827,0.4093444,0.41002086,0.16525345
5726413242163406848,M,3286.8357,0.011198386,0.32721433,0.32634344,-0.26615288
3732750480612664448,M,3591.7764,0.02214909,0.39139268,0.38433729,-1.8026381
4997067524022749184,M,3403.8992,0.014756352,0.36328864,0.34929252,-3.8526177
4369815106952432768,M,3737.626,0.12299535,0.8168239,0.83638422,2.3946801
1558867313615733760,M,3519.8066,0.030446125,0.46980667,0.46922546,-0.123712
3141424292447721344,M,3650.699,0.056653135,0.5946796,0.59499468,0.052982737
2756934254559241088,M,3826.5051,0.05520451,0.5343101,0.53460849,0.055844963
1316561412149439616,M,3566.4358,0.050497413,0.58281213,0.58859817,0.9927789
3405610209020267136,M,3744.5615,0.06333541,0.6017345,0.59796328,-0.62672421
1934585387611184384,M,3610.173,0.08169774,0.73145515,0.73063783,-0.11173896
4088881708438225408,M,3608.1282,0.034486257,0.47493413,0.47523922,0.0642376
2974631814486344192,M,3438.4949,0.06411552,0.7134221,0.71350657,0.011840067
3489567783045854720,M,3362.2751,0.016670322,0.3807148,0.38050351,-0.055498432
1344032362275533312,M,3590.6565,0.035469223,0.4929514,0.4866663,-1.274993
6601431430499879040,M,3829.2874,0.07243735,0.6160468,0.61150289,-0.73759203
855030857949204480,M,3469.8665,0.016060973,0.35062537,0.35068206,0.016169585
5076572217691119744,M,3617.871,0.04724637,0.5520856,0.55326249,0.21317219
156420033158226432,M,3572.3281,0.038449343,0.5110828,0.51191157,0.16215907
4984778664813291008,M,3344.9087,0.014756706,0.3620912,0.36172568,-0.10094801
2817623512545022720,M,3361.8748,0.011109188,0.3114188,0.31069284,-0.23311315
5550140431349442944,M,3686.564,0.045428835,0.5211362,0.5224869,0.25918345
4238532598268280320,M,3579.9885,0.04886122,0.5734062,0.57460851,0.20967798
1880939115778335104,M,3371.01,0.016638372,0.3779694,0.37817124,0.053400366
6032705016652758528,M,3477.0115,0.024812497,0.4348173,0.43408636,-0.1681021
4652098808829092352,M,3392.3147,0.02013968,0.4123913,0.41085367,-0.37285603
1540040998784004608,M,3527.645,0.029101223,0.45672837,0.45670844,-0.0043645953
6149594823648578176,M,3528.2144,0.01547572,0.33378416,0.33294206,-0.25229016
684677302345595392,M,3558.2573,0.023162639,0.40047148,0.4004723,0.00020477926
5444123458616217216,M,3709.7979,0.04311397,0.5028818,0.50264535,-0.047019656
4356835857519714048,M,3583.4827,0.038664535,0.5095436,0.51015122,0.11924852
3239334123569138304,M,3231.9792,0.0056769857,0.24301888,0.24031172,-1.1139722
6344352314707691136,M,3812.511,0.09224132,0.6960032,0.69613538,0.018990835
2878651733645570432,M,3447.0962,0.019499857,0.39101443,0.39152732,0.13116795
1921738315793085056,M,3790.839,0.06780086,0.6047669,0.60367068,-0.18126338
5565267512326650240,M,3484.0525,0.07075619,0.72919315,0.73007252,0.12059436
2587756454841346560,M,3680.243,0.042613443,0.50871044,0.50777753,-0.18338632
20599968821903872,M,3314.6174,0.011330067,0.32249278,0.32277701,0.088133915
836579231769412224,M,3517.732,0.030777711,0.47192088,0.47233032,0.086759329
5945890881363436800,M,3515.809,0.042918853,0.5582006,0.5583759,0.031404896
2311476017737461888,M,3545.398,0.054975674,0.62107766,0.62145323,0.060471107
3685400493398387584,M,3658.5276,0.040541373,0.5117919,0.50117537,-2.074385
6632750228946126464,M,3859.607,0.05067459,0.50502753,0.50345668,-0.31104146
1692132216006421504,M,3497.4958,0.017226944,0.3582243,0.3574727,-0.20981314
2966396751570054016,M,3424.077,0.029571656,0.4887747,0.48865679,-0.024123368
189772172200435712,M,3444.552,0.014334987,0.33594832,0.33619118,0.072292338
5870546812756319744,M,3801.0398,0.047205843,0.49288756,0.50100978,1.6478854
2033055995440059136,M,3593.145,0.072409704,0.6965674,0.69438777,-0.3129108
4690808627510546944,M,3180.7751,0.0065343375,0.26578417,0.26618772,0.15183365
4553771859072871040,M,3634.5293,0.099026784,0.79530716,0.79365755,-0.20741848
4511651733281668608,M,3657.3467,0.041120175,0.50583917,0.50506628,-0.15279347
2561327459484523008,M,3388.8896,0.017142966,0.3803704,0.37982304,-0.14390293
4102403949121938560,M,3385.8938,0.01475488,0.35294202,0.3529997,0.016342892
4329066037795480832,M,3534.7537,0.03317871,0.4837984,0.48569607,0.39224493
1433205714520848256,M,3490.874,0.024543218,0.425381,0.42830246,0.68678604
954723130563953024,M,3476.857,0.04019271,0.5550775,0.55252655,-0.45956731
5265139733168854144,M,3737.3018,0.05767285,0.5728785,0.57282574,-0.0092090254
264666643674768000,M,3435.857,0.025220549,0.44521898,0.44818805,0.66687756
3110052618667667968,M,3417.3315,0.044375017,0.6010445,0.60096365,-0.013450775
6730849785952199424,M,3678.748,0.04750682,0.5419742,0.53657578,-0.9960664
2753283738516158208,M,3324.0713,0.007571066,0.264097,0.26235601,-0.6592241
3242743640406516736,M,3134.8157,0.015022212,0.41533342,0.41552397,0.045877932
5723958406357164800,M,3396.679,0.02516891,0.46115303,0.45811694,-0.65836904
4182104802532006144,M,3676.2852,0.08532772,0.7192136,0.72007849,0.12025537
5319697186606778368,M,3463.6736,0.017995832,0.3731003,0.37253339,-0.15194514
5801917976954182784,M,3472.4314,0.031732686,0.49183407,0.4921973,0.0738525
5241973018875700992,M,3602.3728,0.056183938,0.6093293,0.60852992,-0.13118945
1362754850568805248,M,3680.6794,0.042136837,0.50820494,0.50481023,-0.66798084
2662264173102862848,M,3463.8408,0.026750382,0.4537116,0.45415313,0.097314319
4780118765874136192,M,3542.958,0.030291595,0.46281752,0.46193644,-0.19037295
4481330806060747136,M,3133.3223,0.0043864343,0.22475393,0.22474955,-0.001947589
819985844663618048,M,3721.915,0.07971561,0.67487925,0.67903467,0.61572736
2054069247487640320,M,3688.313,0.05179814,0.55818117,0.55738427,-0.14276807
6408174978970605824,M,3442.1438,0.016048344,0.36900115,0.3562134,-3.4655038
5765716311792111360,M,3480.4185,0.026259048,0.4458454,0.44568674,-0.035586498
1149608813511503360,M,3164.254,0.002940745,0.18052283,0.18044264,-0.044421788
1134028218349967744,M,3450.131,0.01748584,0.37062445,0.37010525,-0.14008915
2446401144030368128,M,3538.8835,0.08454643,0.770874,0.77351416,0.34248866
632645972577236608,M,3209.221,0.005741865,0.24147175,0.24512093,1.5112251
5591950563593962240,M,3447.488,0.017691867,0.37333724,0.37285027,-0.13043575
2975250053557239424,M,3367.2036,0.011200411,0.31128943,0.31097923,-0.099649434
4340965124431227904,M,3691.1409,0.039173026,0.49001464,0.48397784,-1.2319639
1651644276566526976,M,3339.5417,0.011881128,0.3254935,0.32561789,0.03821558
4715854647691365248,M,3477.7312,0.015740566,0.34627885,0.34559807,-0.19659842
1002049267822985472,M,3433.2322,0.016086396,0.36247417,0.35848929,-1.0993558
3377406185283442944,M,3634.8047,0.038063593,0.49231657,0.49197823,-0.068723207
2550205620196711296,M,3323.776,0.011827128,0.32822686,0.32796637,-0.079362516
2286061150059978496,M,3415.1785,0.028408907,0.48150688,0.48145268,-0.01125647
5664182872598207616,M,3685.0222,0.032276742,0.44154632,0.44077585,-0.17449415
5244051340668601600,M,3764.0735,0.042534128,0.48530516,0.4849598,-0.071164064
4241802236616425344,M,3691.9614,0.06956566,0.643969,0.6446683,0.10859147
479355669211232000,M,3589.557,0.1014612,0.8236653,0.82360969,-0.0067509699
4698089735243057152,M,3719.025,0.061138153,0.59428394,0.59559511,0.22063002
238418002589042048,M,3658.2786,0.048673805,0.54458004,0.54922115,0.85223735
127067294647571328,M,3606.95,0.046136934,0.54909563,0.55004381,0.17268035
1400160541087370240,M,3320.7573,0.005373252,0.22312938,0.22146112,-0.74766456
6587350706637797120,M,3377.7344,0.015245091,0.3612655,0.36055139,-0.19766823
3580384763440001664,M,3262.398,0.008454267,0.2879511,0.28781754,-0.046383036
5547401062554799360,M,3438.7705,0.045736406,0.59997874,0.60252878,0.4250211
5317495105329843456,M,3658.9092,0.07025696,0.65564024,0.65962115,0.60717933
959964880451517568,M,3408.1907,0.019399082,0.3994324,0.39948086,0.012132223
2333762701819511552,M,3376.1362,0.02630136,0.47399065,0.4740262,0.0075001958
6702672223510491392,M,3662.9448,0.018888576,0.34268415,0.34126521,-0.41406524
2395658510609785728,M,3797.6753,0.05282334,0.53106403,0.53092164,-0.026811581
6288424109572506496,M,3552.704,0.04230964,0.5418307,0.54294367,0.20540959
4520124531224159616,M,3468.72,0.033140518,0.5056817,0.50407402,-0.31792244
4225593609845692928,M,3599.9373,0.02611555,0.4249148,0.41544437,-2.2287838
323912109749943808,M,3595.2148,0.0411675,0.5235322,0.52297475,-0.10647837
55865086295744768,M,3497.083,0.072028175,0.716681,0.73112643,2.0156017
3751851334048734080,M,3817.418,0.08285779,0.64929897,0.65808259,1.3527847
1951453918910389888,M,3470.4229,0.033099778,0.505014,0.50326984,-0.34536961
2650150746124753664,M,3848.4822,0.11698231,0.77042186,0.76936831,-0.13674998
1582258598862940800,M,3730.8506,0.053909127,0.56663173,0.55573608,-1.9228802
74910831007645184,M,3589.7166,0.035630994,0.49652958,0.48803032,-1.7117331
3358262382175441664,M,3435.4722,0.025998583,0.45276645,0.4551506,0.52657468
1954275712421697280,M,3591.0784,0.023197021,0.39384156,0.39347713,-0.092532065
1048889974994492288,M,3529.6558,0.021695422,0.39398724,0.39388777,-0.025246454
6792150518432402816,M,3465.8877,0.019473312,0.38647863,0.38702953,0.14254248
6686272736996492544,M,3437.2434,0.024615014,0.440718,0.44241784,0.38569786
484565876855662080,M,3662.4985,0.045864735,0.5332576,0.53190944,-0.25281678
2492139384636818432,M,3605.376,0.046224725,0.54998016,0.55104771,0.19410704
4531335534045026816,M,3733.0305,0.06659525,0.6183025,0.61695248,-0.21834369
2497022689437881216,M,3760.6963,0.038521055,0.46486273,0.46234453,-0.5417088
4218744343896536960,M,3181.327,0.0038481709,0.20412014,0.20420375,0.040961287
6111409231496827264,M,3804.6453,0.06124351,0.5710717,0.56958015,-0.26118374
4202280046335094784,M,3601.5046,0.03785177,0.5107102,0.49972182,-2.1515889
612208314864479744,M,3562.6768,0.038846657,0.5180315,0.51734128,-0.13323861
1631344203836534272,M,3433.3699,0.023064675,0.428304,0.42922562,0.21517966
2013216102688066688,M,3718.827,0.059071537,0.5860375,0.58550465,-0.090924905
871451170757511808,M,3757.8647,0.061360322,0.583539,0.58440604,0.14858328
2197498409021587712,M,3697.1821,0.05709939,0.5837381,0.58240784,-0.22788662
2211824117820791040,M,3886.7341,0.082632974,0.6284927,0.63395757,0.86951989
2694282157862058880,M,3550.6782,0.042809766,0.547341,0.54676658,-0.10494759
4392860050333933056,M,3757.44,0.051859006,0.5383266,0.53737956,-0.17592228
6079702507309963648,M,3418.1157,0.022360485,0.42676046,0.426403,-0.083761107
4053469879276377088,M,3319.7312,0.024015268,0.4734996,0.46847998,-1.0601101
2939612373442313984,M,3385.511,0.015710624,0.36434788,0.36433544,-0.0034139898
5379475507799376768,M,3496.8086,0.037525255,0.5318664,0.52780228,-0.76412381
3554634196821692160,M,3487.363,0.020998994,0.40179563,0.39697037,-1.2009234
3890512321680325248,M,3380.1643,0.02008499,0.41268715,0.41325046,0.13649898
4016485778351787776,M,3318.073,0.028132254,0.5085663,0.50755552,-0.19875151
3939792986888787328,M,3455.744,0.07219106,0.748496,0.74956922,0.14338362
5785335241364533888,M,3571.1536,0.02962653,0.4539203,0.44965196,-0.94032724
684053535655154432,M,3398.141,0.020057818,0.4097248,0.40861303,-0.27134505
2260443864865889280,M,3656.1182,0.04640661,0.5429748,0.5369114,-1.1166995
3200888252098556672,M,3320.4202,0.011712177,0.32641497,0.32702871,0.18802415
1344677706882394112,M,3543.3896,0.037287652,0.50913906,0.51238672,0.63787328
991381020032093056,M,3733.8135,0.053298317,0.5491469,0.55170214,0.46531011
1626855413256619264,M,3642.1633,0.027798487,0.42080277,0.41874045,-0.49009249
2910229913754344832,M,3516.1777,0.03316544,0.48624054,0.49074334,0.92604318
1421991894212656384,M,3672.003,0.06555683,0.6300333,0.63263917,0.4136085
5439022343140168192,M,3522.888,0.03756091,0.51953244,0.52026372,0.14075714
1846426918955961600,M,3689.8562,0.04664429,0.5295635,0.52848604,-0.20346149
3170306852296731776,M,3826.4167,0.06655076,0.58933747,0.58700952,-0.39501151
4223457881527966464,M,3873.453,0.067647405,0.5762948,0.57754011,0.21608883
5220479082676118272,M,3472.1455,0.048329856,0.6085948,0.60752629,-0.17556927
3384779617636497152,M,3472.1035,0.023852637,0.424551,0.42681142,0.53242696
4214577809011958016,M,3364.1807,0.009431694,0.300779,0.28588369,-4.9522434
2281856583236112000,M,3331.0112,0.015325643,0.37151313,0.37171521,0.05439268
1242428627351329920,M,3665.9463,0.0295649,0.42667997,0.42625469,-0.099671982
4317102221770843392,M,3524.958,0.032035805,0.4793878,0.47991363,0.10968866
6167516102970430848,M,3739.1548,0.058585525,0.57781017,0.57676837,-0.18030192
3833323629543078528,M,3379.5205,0.009981655,0.29092148,0.29143672,0.17710565
5233574712850824576,M,3398.1636,0.04459743,0.5879035,0.60928363,3.6366734
5905369028847800064,M,3592.9656,0.06664058,0.67042583,0.6662181,-0.62762071
2193026695232674304,M,3357.7007,0.010573835,0.30362302,0.30386835,0.080799786
2107569834022068736,M,3508.0933,0.03761632,0.5220347,0.52504804,0.5772303
723451025847252352,M,3550.4424,0.03263832,0.47738862,0.47747663,0.018434855
4516781058119422080,M,3685.1133,0.07370074,0.6685265,0.66602019,-0.3749005
652315342246772096,M,3852.4011,0.067284554,0.5948819,0.58230143,-2.1147852
4941001265755411968,M,3365.315,0.01765046,0.39056242,0.39082266,0.06663124
1568824701371667712,M,3662.0623,0.052043986,0.5647175,0.56674406,0.35886327
5392312443492040320,M,3453.4246,0.010384005,0.29092458,0.28466603,-2.1512612
5815664307550022784,M,3701.7375,0.058578447,0.5982284,0.58845174,-1.6342689
195343496399110144,M,3555.2131,0.014402866,0.32847124,0.31633434,-3.6949644
2613724548667752320,M,3800.9792,0.058523227,0.5533929,0.55786139,0.80747217
6186833942449978496,M,3833.128,0.077537276,0.6301592,0.63139594,0.19625876
1773949620712497536,M,3428.087,0.061944515,0.705949,0.70558757,-0.051198308
821306426847858944,M,3713.6694,0.036669075,0.46574897,0.46259045,-0.67815994
4323395791937754752,M,3723.1594,0.11565238,0.8188862,0.81734833,-0.18780046
3166763882234364544,M,3601.1448,0.036167163,0.488497,0.48857272,0.015500535
981805579424553344,M,3666.5984,0.07994049,0.7201983,0.70066411,-2.7123344
3455597748537106304,M,3693.8083,0.047236517,0.52565837,0.53069304,0.95778295
897139541953773696,M,3662.8342,0.08056084,0.72492623,0.70482392,-2.773015
1851335619899168768,M,3613.5042,0.052921962,0.58504826,0.58696743,0.32803572
320885566554939520,M,3777.423,0.067262515,0.60546035,0.60554786,0.014452888
6364129088622320128,M,3457.095,0.019027937,0.38408425,0.3845266,0.11516944
2212300408214685696,M,3805.2092,0.1137807,0.7857174,0.7761227,-1.2211389
4682195229512301568,M,3677.48,0.047622953,0.5354925,0.53760176,0.3938918
5889448620230540672,M,3588.749,0.10379835,0.8400424,0.83341671,-0.78873222
3040655293011315840,M,3656.9873,0.065306626,0.635296,0.63662675,0.20946862
2195199055332052352,M,3617.2178,0.021770062,0.3763885,0.37569349,-0.18465102
262670789554092928,M,3624.4253,0.0393597,0.50079507,0.50315379,0.47099406
4666181254970214656,M,3706.3699,0.051936872,0.55539787,0.55270518,-0.4848217
5425466292484651904,M,3431.755,0.0197893,0.3978829,0.39795671,0.018549536
2100985030685619200,M,3855.1304,0.14743476,0.85987335,0.86074589,0.10147342
6408663127773784448,M,3604.2915,0.05663185,0.61216617,0.61030049,-0.30476659
4661035948722944,M,3371.7078,0.012093168,0.322377,0.32227257,-0.032393678
1840106689896927488,M,3690.5693,0.058809794,0.5930383,0.5931865,0.024990382
4576285287373014912,M,3526.6013,0.021299649,0.39166823,0.3909549,-0.18212677
4588354970102086016,M,3638.486,0.060833704,0.6173331,0.62070304,0.54588732
1989448509583917952,M,3365.4849,0.013999208,0.3475504,0.34802433,0.13636187
5228815511119122816,M,3634.723,0.14324933,0.9482253,0.954458,0.65730155
5101597067979125632,M,3782.8022,0.05938846,0.5675591,0.56738379,-0.030887745
5948914637111775872,M,3322.5571,0.01446882,0.36328286,0.3630152,-0.073677838
1894159639295247744,M,3375.4543,0.020687193,0.42182648,0.42057115,-0.2975937
1938391171014551296,M,3409.1467,0.014005765,0.33913097,0.33924636,0.034025697
1651880435343603072,M,3294.6165,0.009989807,0.30645806,0.30677642,0.10388291
1113846961597207808,M,3230.0405,0.007076056,0.26841673,0.26861661,0.074464459
2989404994453048448,M,3423.7725,0.0174781,0.37563923,0.37574263,0.0275267
2750586907074525312,M,3223.603,0.0041811606,0.2067881,0.20730916,0.25197569
345786721787073920,M,3597.7363,0.039998677,0.5134816,0.51477485,0.25185847
5769079236824921088,M,3512.3982,0.062429238,0.6756575,0.67474502,-0.1350511
3204308081155429760,M,3577.5564,0.024627184,0.41375485,0.40849577,-1.2710626
1672404366064010624,M,3751.2937,0.042185526,0.4891281,0.48626472,-0.58540528
3345249112303776640,M,3000.597,0.012199183,0.3272114,0.40869864,24.903546
6126359016230633984,M,3426.4575,0.015358721,0.35475686,0.35167378,-0.86906889
5970609208486883840,M,3690.8428,0.05964997,0.5928765,0.59732017,0.74951007
670465599160912640,M,3343.0435,0.018145956,0.40016374,0.40156794,0.35090623
789781336833561856,M,3652.4631,0.032989763,0.45457312,0.45359795,-0.21452402
109172334883862912,M,3759.5588,0.05379894,0.5474736,0.54672163,-0.13735257
465750381051787264,M,3868.9624,0.1347024,0.818472,0.81686786,-0.19599191
6822862798772055808,M,3697.8865,0.062365502,0.61156136,0.60844064,-0.51028654
3488519085175075968,M,3558.0913,0.038580697,0.51509863,0.51689701,0.34913312
1598104936536513024,M,3849.0632,0.10142029,0.71659446,0.71615248,-0.061677724
3481355393259777920,M,3533.9214,0.053510837,0.6178958,0.6171067,-0.12770772
6160882130844855424,M,3364.2693,0.022069393,0.43752757,0.43728729,-0.054918716
5089291913661018496,M,3517.6816,0.045414437,0.57380706,0.57376899,-0.0066343149
3988551547281250944,M,3702.888,0.038522024,0.48320633,0.47689916,-1.3052748
3222163531513310464,M,3453.201,0.082852155,0.80556685,0.80419496,-0.17030066
5824735592045519488,M,3511.0198,0.026858961,0.44420317,0.44292603,-0.28751163
6502930066418611328,M,3558.2163,0.031233149,0.46582234,0.46504648,-0.16655792
5748732984607474560,M,3665.878,0.045848463,0.5332763,0.53083498,-0.45779582
6035398549573843072,M,3586.88,0.08779389,0.76871526,0.767276,-0.1872297
6096108221526094976,M,3545.0903,0.040687684,0.5411227,0.53472445,-1.1824029
3417421678322792832,M,3672.3518,0.045037318,0.5273169,0.524265,-0.57876045
525653797456745600,M,3649.5928,0.02498513,0.3984946,0.3953713,-0.78377368
6461056677903518720,M,3435.8455,0.009111325,0.26996037,0.26938703,-0.21238059
5579545804684540928,M,3327.1677,0.023727268,0.46358234,0.46358315,0.00017565308
43899586584925952,M,3564.1968,0.074466735,0.7105152,0.71566696,0.72507329
1067761412754348288,M,3696.2954,0.03007347,0.42559183,0.42287459,-0.63846188
4842671391127364096,M,3280.665,0.006716228,0.25351852,0.25368343,0.065049564
6766166756569529600,M,3613.9167,0.021691363,0.3764969,0.37569923,-0.21186603
5119094936541300352,M,3791.3428,0.042187206,0.4793177,0.47605533,-0.68062709
3436668766806274688,M,3798.8618,0.04935336,0.5130842,0.51286674,-0.042383166
4669477522111051904,M,3827.6816,0.082257986,0.6521045,0.65218467,0.012294442
2269859674426592512,M,3627.3455,0.035074383,0.47489616,0.47420959,-0.14457237
5843217244307129984,M,3467.1912,0.036545116,0.5334271,0.52980036,-0.67989404
2881111895209350144,M,3512.5679,0.01443735,0.32614225,0.32444975,-0.5189446
5226138200306960128,M,3473.8787,0.022854885,0.4284285,0.41736246,-2.5829379
5800895637298286720,M,3748.6443,0.036751878,0.4583927,0.45451107,-0.84679203
3207543011866562688,M,3289.527,0.03210743,0.55157804,0.55168226,0.018895657
3272344073974631168,M,3608.4214,0.03056301,0.44649693,0.44731836,0.18397195
1736051314626233472,M,3720.1929,0.034187168,0.4505533,0.44509612,-1.2112182
5353802254915541504,M,3605.4355,0.017597837,0.34007877,0.33999094,-0.025826175
5595641413668839680,M,3661.837,0.0511038,0.56520224,0.56167066,-0.62483408
5731569913039039104,M,3456.67,0.025295887,0.44357958,0.44346799,-0.02515699
2556413501502137728,M,3429.6887,0.06097459,0.701049,0.69938804,-0.23692522
4771115548053053568,M,3580.6804,0.023239784,0.3961883,0.39613032,-0.01463407
4606789278973457152,M,3468.8037,0.10997637,0.92007285,0.91821293,-0.20214929
3378947494430165376,M,3587.4272,0.04233191,0.5338685,0.53262421,-0.23307129
1405676245464138752,M,3640.4282,0.032155935,0.4508066,0.45079469,-0.0026418485
1269233312087329408,M,3424.8364,0.017181827,0.37254462,0.37231297,-0.062179353
2536559620039320704,M,3470.1714,0.049893215,0.61774105,0.61797663,0.038136119
5439055843885307776,M,3334.6394,0.021243036,0.43738028,0.4366804,-0.16001647
5488528163418287616,M,3632.1655,0.04735043,0.54950273,0.54952046,0.0032264738
4139193058426692352,M,3442.2097,0.020305015,0.40075034,0.40066386,-0.021579679
1757181003237205760,M,3661.6057,0.036147658,0.47656432,0.47244373,-0.8646445
4025831489748347648,M,3607.9026,0.07781472,0.7163744,0.7139609,-0.33690422
5553404365976013440,M,3416.3955,0.019626077,0.39993113,0.39988363,-0.011876597
5436471751041856000,M,3537.221,0.009828786,0.2644216,0.26398467,-0.16523905
5571805341605344000,M,3360.8396,0.012387624,0.3277532,0.32828542,0.16238478
6418352917592515456,M,3376.5774,0.013325808,0.33697113,0.33732344,0.10455139
1834819512141313536,M,3783.1157,0.049408905,0.51784027,0.51743587,-0.078094422
2989321530351547648,M,3330.2122,0.0072904485,0.2563073,0.25649947,0.074975724
2103773151653782400,M,3695.581,0.048710328,0.53901404,0.53839155,-0.11548643
1709005561965530880,M,3568.9211,0.024602704,0.4104461,0.41027088,-0.042691298
5604863674827820800,M,3544.7732,0.026957843,0.43805227,0.43533023,-0.62139679
5858078557042599040,M,3678.3604,0.034290966,0.45623866,0.4559681,-0.059301444
5900666181427695360,M,3558.1382,0.05900864,0.63913107,0.63924205,0.017364974
4918973374925997824,M,3892.0508,0.06763826,0.5725267,0.57199519,-0.092836485
3309723170055374080,M,3454.437,0.013209025,0.32640076,0.3208736,-1.6933658
5793683008520139136,M,3552.8096,0.034292083,0.49180755,0.4887719,-0.61724422
1080596080704482688,M,3271.595,0.006218211,0.2456017,0.24545214,-0.060896781
422017920229172224,M,3387.6714,0.018576972,0.39518398,0.39567451,0.12412598
2214166799141603072,M,3726.6973,0.077732354,0.6720185,0.66881474,-0.47673748
4843026876980183808,M,3650.8833,0.03599268,0.47428346,0.47420306,-0.016952036
3269174899209979904,M,3325.0898,0.011106625,0.3190306,0.31756853,-0.45828539
3485100909682343552,M,3402.6775,0.01599579,0.36350235,0.36392713,0.11685678
1840458911575286528,M,3550.3606,0.03883808,0.5234884,0.52087931,-0.49840475
4729294837312146816,M,3373.5332,0.008671532,0.27819076,0.27260329,-2.0085016
452991751201868672,M,3677.371,0.031182187,0.43650162,0.43504237,-0.33430648
818627982162992256,M,3315.3528,0.014573555,0.36741102,0.36591179,-0.40805206
5336658978860345856,M,3578.7212,0.026402425,0.42217332,0.42268743,0.1217781
6861257263779297280,M,3374.1055,0.009668296,0.28780508,0.28774701,-0.020178047
3298991322388805632,M,3474.3784,0.016101528,0.3503394,0.35021317,-0.036030794
1450389260196345088,M,3405.26,0.021200113,0.42267913,0.41833259,-1.0283319
5299580728022971904,M,3440.0354,0.026040545,0.45270324,0.45431008,0.35494316
2682723610594386048,M,3883.9526,0.12761354,0.7879781,0.78895766,0.12431302
168928008718086784,M,3627.6282,0.037050255,0.4872718,0.48730764,0.0073558503
110239926314691968,M,3813.2227,0.080848604,0.6547686,0.651486,-0.50133817
5287023755473323392,M,3713.1516,0.072915725,0.6572252,0.65249682,-0.71944621
1749741093385688448,M,3489.9792,0.032498542,0.4913599,0.49310502,0.35516092
1728320128678168064,M,3550.2534,0.02588967,0.42745328,0.42530228,-0.50321213
2444257680472085504,M,3668.755,0.048772592,0.54622394,0.54664283,0.07668882
4412474032103949952,M,3408.6377,0.014170481,0.34006482,0.34133732,0.37419256
993313961474665856,M,3675.611,0.060152,0.604206,0.60481021,0.10000011
5846026118556042368,M,3642.5771,0.060637195,0.61744636,0.61830849,0.13962756
412531097690384896,M,3687.6328,0.05068588,0.54986423,0.55157087,0.31037392
6608188994604429056,M,3520.657,0.02844286,0.45724878,0.45330693,-0.86207942
2612973754024161280,M,3289.6409,0.0079786135,0.27499908,0.27499189,-0.0026137369
5333917312233627904,M,3863.0112,0.062390752,0.550263,0.55764952,1.3423626
6391809843606971264,M,3577.0496,0.028595246,0.4409004,0.44030149,-0.13583796
2896217810586397184,M,3629.6143,0.06922069,0.6615927,0.66535001,0.56791903
508518080534631808,M,3438.6855,0.02946511,0.48479772,0.48364007,-0.23878935
5880954652383276288,M,3389.5334,0.029162979,0.49678445,0.49520984,-0.31695989
5030970277870490112,M,3306.1924,0.009445043,0.29530302,0.29620943,0.3069432
6126907981762351872,M,3388.8635,0.011273513,0.30835816,0.30801697,-0.11064753
3834842849670150912,M,3447.9102,0.015967894,0.35513124,0.35413193,-0.28139114
4505272744783137152,M,3510.2317,0.03024778,0.47175667,0.4702495,-0.31947959
1028909997587808128,M,3612.7107,0.040382214,0.5042809,0.51295805,1.7206985
4881142409630889472,M,3808.3586,0.065739766,0.5844442,0.58896782,0.77400388
6583153973835141760,M,3704.903,0.03078107,0.43074262,0.42583498,-1.139344
4757727379080866432,M,3841.8308,0.06858169,0.5922423,0.59112698,-0.18832096
3012979137931025920,M,3439.1858,0.019779397,0.39632407,0.39613973,-0.046511191
3742811321243897984,M,3631.2964,0.03370901,0.46666712,0.46387692,-0.59790017
564280779105347328,M,3508.386,0.022351442,0.40986672,0.40466086,-1.2701359
1759885561325168512,M,3556.8237,0.13132966,0.9321563,0.95435487,2.3814211
1758896657989948160,M,3647.798,0.029207785,0.4236784,0.42789864,0.99609619
2625648477392556672,M,3621.587,0.07550735,0.6984898,0.69799117,-0.07138653
2057547307700706304,M,3409.9104,0.023890158,0.44277447,0.44287048,0.021684658
3015224413691083520,M,3558.064,0.055113338,0.6184293,0.61780868,-0.10035386
5587060412609262848,M,3521.9907,0.01680836,0.35407248,0.34820854,-1.6561403
5629365668672582016,M,3328.2163,0.012292424,0.33309045,0.33346391,0.1121202
5489038336812756608,M,3702.8838,0.041650847,0.49574083,0.4958895,0.029989379
2515628590843361792,M,3747.9343,0.052675974,0.5433452,0.54434659,0.18430158
2884250588590261888,M,3735.0312,0.066852205,0.6113654,0.61747952,1.000077
2494267347658046464,M,3381.0774,0.016766632,0.37633654,0.37736868,0.27425955
5170614164473108352,M,3583.4592,0.03375431,0.47674382,0.47666455,-0.016628359
2521903507998111232,M,3744.068,0.05678137,0.57099026,0.56632879,-0.81638378
5716819212943426304,M,3448.177,0.013285332,0.32347834,0.32296857,-0.15758904
6490947691778781568,M,3273.744,0.02153898,0.4562221,0.45622208,-5.2559533e-06
5102393526714221184,M,3613.1294,0.055565197,0.6088612,0.60157192,-1.1971984
5561806348502530304,M,3635.8684,0.059716754,0.617283,0.61586418,-0.22984899
1251658580789856512,M,3376.0918,0.0067557413,0.24043182,0.24024877,-0.07613406
1621338166987295872,M,3608.6155,0.042434875,0.5265747,0.52702765,0.086018973
4387269136786744448,M,3519.6753,0.03581488,0.5098101,0.50895538,-0.16765443
3590911174231321472,M,3461.7212,0.023345351,0.42526197,0.42478502,-0.11215523
4609677111902444544,M,3821.748,0.07231286,0.6080837,0.6133902,0.87266018
441969868684281344,M,3792.3752,0.062345594,0.57804376,0.57840688,0.062818431
6868310940112296576,M,3748.99,0.04807522,0.53758854,0.51973892,-3.3203132
1642498577501757312,M,3477.3455,0.025423754,0.43998155,0.4393163,-0.15120043
3551590198880412672,M,3493.2358,0.014946798,0.34146968,0.33378855,-2.2494316
4922945631263858176,M,3453.3203,0.013021544,0.32459733,0.3187944,-1.787733
6863159315815542016,M,3554.85,0.04553638,0.56437844,0.56258721,-0.31738157
527376113699130368,M,3507.4558,0.01729815,0.3647689,0.35617922,-2.3548284
6584508434720722176,M,3594.7195,0.027962836,0.43817005,0.43113547,-1.6054453
2670423988195011712,M,3492.2043,0.022378625,0.40816143,0.40866795,0.12409692
5793549078565066752,M,3640.0464,0.050122473,0.5611458,0.56293152,0.3182275
572646722562297088,M,3441.762,0.018712906,0.38473672,0.38473536,-0.00035226713
2634069087193937664,M,3746.4512,0.049076445,0.52475166,0.52583507,0.20646175
5165595310505087232,M,3573.9521,0.037762083,0.5046102,0.50685493,0.4448448
5572092279781622784,M,3878.5022,0.08970836,0.6527581,0.66334817,1.6223575
6333192026872324096,M,3670.8198,0.10340589,0.7981491,0.79505957,-0.38708713
3095044830402879360,M,3481.785,0.02748918,0.45727223,0.45564872,-0.35504259
2559583359165047296,M,3777.6223,0.07721652,0.65121543,0.64874079,-0.38000304
1918178853058267648,M,3609.3684,0.022587871,0.38757893,0.38435133,-0.83275975
3772705388839860480,M,3765.2908,0.026339361,0.3870376,0.38138072,-1.4615846
4028780242495200640,M,3552.041,0.0430033,0.54799056,0.54758067,-0.074797838
4799716839085340928,M,3821.6555,0.036002852,0.43249565,0.43283118,0.077580915
1982109509980435456,M,3407.65,0.019881409,0.4037365,0.40454494,0.20024029
395102017321950336,M,3664.5962,0.046656515,0.53651506,0.53586705,-0.12078096
203583030379987456,M,3694.5872,0.064635865,0.6194522,0.62052331,0.17291256
6372169129961595008,M,3621.3882,0.046861447,0.55110216,0.54993435,-0.21190525
1394789151907666944,M,3518.9023,0.028428236,0.45411873,0.45364246,-0.10487743
1095165159529705472,M,3478.556,0.041007392,0.55714935,0.5575531,0.07246764
6251354143767511936,M,3698.323,0.057185918,0.5775418,0.58248941,0.85666668
348210904407073792,M,3584.2068,0.05290811,0.6004232,0.59652434,-0.64935268
5687926383818329600,M,3634.4155,0.029364543,0.4437419,0.43221082,-2.5986013
5319800197097945984,M,3786.4006,0.04440018,0.5032442,0.48965749,-2.6998236
4899644505969906560,M,3458.2263,0.029090641,0.4758143,0.47514153,-0.14139435
3437898016510210816,M,3640.1682,0.033781163,0.46299857,0.46211233,-0.19141307
4669799301061110400,M,3596.6975,0.05340436,0.5948403,0.59515994,0.053735633
2210100319806469760,M,3680.0752,0.13427918,0.90219766,0.90145513,-0.082302371
3135004248352144896,M,3536.9258,0.036535386,0.51076466,0.50904727,-0.33623895
2177197885331781888,M,3470.5447,0.019880865,0.39054173,0.39000979,-0.13620444
2611343212639973760,M,3589.9905,0.03205786,0.468331,0.46284313,-1.171792
1729404625100235904,M,3766.4216,0.06602067,0.60806733,0.60344162,-0.76072324
4443610753996134656,M,3616.5923,0.046250526,0.54887253,0.54778785,-0.19762033
2342038691482022400,M,3643.8833,0.032060437,0.4559691,0.44927159,-1.4688509
4734472330192519424,M,3575.1394,0.037094936,0.5008432,0.50202404,0.23577019
469557096464669056,M,3731.201,0.25159165,0.8858793,1.2003392,35.496922
3321613293094864640,M,3500.2886,0.023006652,0.41324234,0.41245081,-0.1915403
2267580111943810688,M,3335.1558,0.0157081,0.3753001,0.37539003,0.023962723
438757576742314112,M,3316.1938,0.018851565,0.41750446,0.41595568,-0.37096115
5536642444358045312,M,3583.6775,0.043586396,0.54023844,0.5415902,0.25021631
1193678721317528704,M,3376.7424,0.009358782,0.28683704,0.2826617,-1.4556493
2651076260037432192,M,3481.418,0.0319599,0.49472168,0.49140947,-0.66950878
5316683601338291328,M,3404.7048,0.031075206,0.50879574,0.50664206,-0.42328922
303350039722742144,M,3264.505,0.009358564,0.30196014,0.30242876,0.1551934
4488980353267819520,M,3515.894,0.08282286,0.77727586,0.7756338,-0.21125832
4191032836947740544,M,3524.8806,0.064911336,0.6847135,0.68316344,-0.22638149
887450508050802944,M,3613.5676,0.03793231,0.49741834,0.49691881,-0.10042389
5630745560068823424,M,3708.2952,0.060050644,0.5956951,0.59369501,-0.33575761
4296512595184009088,M,3450.114,0.035902668,0.53112036,0.5303342,-0.14801989
2130545263357264128,M,3875.48,0.050540876,0.5059162,0.49868183,-1.4299545
388639702147433216,M,3404.8486,0.011694089,0.31135356,0.31077119,-0.18704533
6849895078119709952,M,3422.303,0.015185528,0.35155803,0.35053484,-0.2910435
4646973680186118528,M,3784.04,0.058506407,0.56412345,0.5627862,-0.2370496
5476599763630297984,M,3628.4268,0.05100703,0.568836,0.57152002,0.47184402
6145619603780948608,M,3406.3667,0.019849382,0.40619445,0.4045236,-0.41134351
5101320300287717376,M,3628.5962,0.0530517,0.5836532,0.58280803,-0.14480604
6529528283485264384,M,3270.374,0.0091178445,0.29729486,0.29744345,0.049980427
3609547453940836352,M,3445.4219,0.014968725,0.34635812,0.34336873,-0.86309135
2957387353291699840,M,3693.261,0.036001,0.46670875,0.46343672,-0.70108577
6515342315745243520,M,3523.7778,0.03421295,0.49478307,0.49628528,0.30360933
3058461089248800384,M,3479.2512,0.0240318,0.4272809,0.42665294,-0.14696716
3762914070291821696,M,3529.1482,0.020155175,0.3799666,0.37975776,-0.054963131
2445501674799491200,M,3239.943,0.016242957,0.40550503,0.40449296,-0.2495823
4764384994998761856,M,3127.716,0.0029771973,0.18591867,0.18582423,-0.05079556
3250492345524199680,M,3389.1091,0.014442286,0.34854266,0.34857804,0.010151092
5519508514141592960,M,3809.1218,0.07038481,0.60685873,0.60917618,0.38187619
1695854505247668224,M,3406.1367,0.008150523,0.25943756,0.25925178,-0.071607556
5423654400404537856,M,3484.0754,0.019991042,0.3890701,0.38805724,-0.26032935
2221854962398247808,M,3716.7654,0.05441117,0.5623128,0.56255747,0.043510948
1697827239562000768,M,3605.2,0.03791459,0.49943906,0.49911155,-0.065576021
5839869648020223872,M,3503.1204,0.018168632,0.36926606,0.36593517,-0.90203082
5562302507422699904,M,3754.6768,0.11086941,0.7874078,0.78688981,-0.065784405
5936598118374022016,M,3551.46,0.044039886,0.5534852,0.55432236,0.15125279
4719833711553582592,M,3606.9163,0.02967451,0.44073203,0.44113631,0.091730147
129531094046836480,M,3250.481,0.012794195,0.34509578,0.35666819,3.3533913
5301651692528956544,M,3776.4631,0.060644593,0.5753503,0.57527925,-0.012348282
4305248764839078656,M,3373.7925,0.034660213,0.5444616,0.54491911,0.084029568
2313534883324056448,M,3592.216,0.04562264,0.562218,0.55146567,-1.9124842
5972693298386814080,M,3275.3706,0.0047767647,0.21646115,0.21463433,-0.84394699
3370793692293436800,M,3395.0588,0.017789647,0.38610402,0.38551584,-0.15233755
1150141015796149504,M,3646.755,0.047629602,0.5460824,0.546737,0.11987145
2235959016523679232,M,3526.185,0.03424061,0.49658427,0.49580822,-0.15627819
2891939061087613824,M,3754.2275,0.054623105,0.55326605,0.55245916,-0.14584107
1975300371915698048,M,3500.5596,0.012619325,0.3066092,0.30541915,-0.38813094
3416964448987341952,M,3478.8157,0.027682213,0.45956182,0.45802662,-0.33405697
1045740703110245504,M,3484.6091,0.032221887,0.4916921,0.49251619,0.1676033
4940702473471216384,M,3418.0652,0.014598944,0.34349114,0.34455075,0.30848185
2027529235828297600,M,3810.9624,0.1060205,0.7481205,0.74692801,-0.15939791
6228772683188835712,M,3475.5344,0.017392902,0.36414054,0.36374414,-0.10885963
451123951521676160,M,3558.992,0.037083708,0.506229,0.50651314,0.056128134
5604844467734042752,M,3421.0933,0.0064158356,0.23974325,0.22800792,-4.8949564
502861303662951040,M,3763.592,0.03267316,0.42581287,0.42515144,-0.15533284
6762143673583410944,M,3677.9,0.091654226,0.7601347,0.74564065,-1.9067744
4328507421466844672,M,3371.3765,0.010251727,0.29677063,0.29678173,0.0037413058
289747564759787008,M,3319.086,0.016560642,0.40378243,0.38918378,-3.6154737
1006825202737100672,M,3569.413,0.03306151,0.47443944,0.47546757,0.21670433
5865264896327671680,M,3465.941,0.039752364,0.55402344,0.55295821,-0.19227178
163614103379644800,M,3779.57,0.07174157,0.62525105,0.62467455,-0.092202911
2543345011236776320,M,3403.7236,0.014667664,0.348494,0.34827722,-0.062205652
3548011327188541184,M,3406.7876,0.030934641,0.49892488,0.504877,1.1929889
4267180339403392768,K,5217.329,1.2433164,1.4037427,1.3647325,-2.7790112
3586362911238437248,K,4150.484,0.083724834,0.55942535,0.55960659,0.032397593
4193530996087613440,K,4956.373,0.8598801,1.2595648,1.2576047,-0.15561878
1031890945409209984,K,4490.0825,0.15387717,0.64400053,0.64823371,0.6573262
5437400804010113792,K,5107.435,0.50804853,0.9072193,0.91033253,0.34316219
2975354438442535808,K,5213.195,0.5149224,0.87421185,0.87966257,0.62350109
5853519840059113600,K,4312.548,0.14027207,0.6750007,0.67092022,-0.6045151
5960983014177620480,K,5087.5186,2.0075047,1.81673,1.8237673,0.38736118
1816579752413057920,K,4834.5303,0.24299207,0.70132434,0.70265257,0.18938865
5577759063929081216,K,5220.2456,0.6625314,0.99430585,0.99511786,0.081666259
4469629532735741568,K,4445.505,0.17959787,0.715441,0.71443306,-0.14088315
3465353135388770688,K,4793.9775,0.4117425,0.9162048,0.93019506,1.5269791
5616287738079589376,K,4462.5376,0.14616713,0.63989437,0.63960853,-0.04467057
3357708404410769536,K,4481.4785,0.21154518,0.758037,0.76297814,0.65183326
957326907241552384,K,4404.768,0.12349227,0.60396165,0.6034301,-0.088010515
426532072602628608,K,5241.1074,0.5647906,0.91176164,0.91148762,-0.030054385
5274346803019373312,K,5026.8135,0.55992657,0.9853406,0.98658192,0.12597905
2040415890049195136,K,5028.4336,0.63624686,1.0416653,1.0509948,0.89562858
2267983082955011840,K,4973.397,0.44511253,0.89747673,0.89863187,0.12870927
408502933757249152,K,4786.675,0.20393538,0.6567903,0.6566464,-0.021909825
3749855239408468352,K,4405.8687,0.32785752,0.9822752,0.98272643,0.045936805
6885384053585030400,K,5226.594,0.49535412,0.8584892,0.858368,-0.014117652
5901263113155908736,K,4300.4644,0.13596202,0.6641831,0.66424952,0.010000732
2055701060198641536,K,4251.2944,0.16516213,0.74915665,0.74914526,-0.0015201331
2080043526065481344,K,4349.5796,0.11706048,0.6697807,0.60250929,-10.043797
1986688494875924224,K,4779.4985,0.32183638,0.81685054,0.827382,1.2892764
4579670889827432192,K,5037.8057,0.95256764,1.2831222,1.2812039,-0.14950392
5896186358730705920,K,4335.0835,0.18563461,0.7622307,0.76381415,0.20773944
542552436476985600,K,5215.588,0.55136275,0.9079503,0.90942171,0.16205828
5355511720621464832,K,5107.513,0.347831,0.7562144,0.75321393,-0.39677531
2820891986953844608,K,5245.805,0.60651505,0.94299126,0.94286533,-0.013354372
4844597387605526016,K,4216.937,0.083830535,0.5579569,0.54245043,-2.7791528
2034379502533178496,K,4373.665,0.13487822,0.6458371,0.63963621,-0.96013176
4624170015185173248,K,4394.013,0.17907302,0.7215515,0.73020628,1.1994684
1929594223296326400,K,4976.292,0.2994534,0.7354412,0.73621739,0.10554105
6630937512233309568,K,4528.7983,0.41851872,1.0400168,1.0508595,1.0425488
2656545613126673536,K,4401.841,0.1582746,0.6831146,0.6840535,0.13744431
5669457165451867648,K,4874.2246,0.42756245,0.9184675,0.916942,-0.16609209
3819698966783247616,K,4939.2524,0.35361922,0.8129275,0.8120797,-0.10429012
1076862001777410304,K,5284.688,0.8558008,1.0949805,1.1035723,0.7846554
4832937827003624960,K,5215.542,0.5159263,0.8787661,0.87972736,0.10938778
2207227265863692032,K,4315.2334,0.18672381,0.7716459,0.77311559,0.19046146
4755805883734326656,K,4464.7065,0.18613017,0.72004604,0.72106716,0.14181362
5941625360381314432,K,5163.9434,0.7137193,1.060478,1.0554895,-0.47039718
2202403158603348224,K,4217.055,0.10186917,0.600057,0.59793781,-0.3531653
3607931309286941568,K,4704.464,0.26016593,0.7691262,0.76781762,-0.17013872
6054060594826205312,K,5281.5356,0.91288817,1.1404004,1.1411468,0.065453169
3563584393270893184,K,4390.97,0.1819891,0.73860353,0.73714837,-0.19701501
6884587182532681600,K,4590.185,0.18632635,0.682376,0.68254285,0.024451036
3075955904089799552,K,4602.726,0.20692518,0.7157782,0.71536813,-0.057290276
4823917158731790592,K,4348.4526,0.15333429,0.68614596,0.68992729,0.55109692
4678224446347537152,K,5066.6006,0.44644484,0.86837834,0.86716896,-0.13926873
4892579873179978368,K,4316.212,0.20647463,0.82784563,0.81260778,-1.8406638
1554206453762990720,K,4471.7217,0.16700858,0.6793464,0.68088383,0.22630967
6396246171162733312,K,4694.356,0.25094482,0.7567048,0.75733885,0.083790841
2285141752180512512,K,4717.7524,0.23839797,0.73092765,0.73085992,-0.0092656497
3067180942310246912,K,5172.9805,0.34040388,0.7273573,0.72638811,-0.13324759
115566372957605376,K,5019.8584,0.47434378,0.9113418,0.91057733,-0.083884318
5335437284017631616,K,5032.405,0.40746137,0.8508218,0.83974072,-1.3023978
2167472395748962048,K,4619.649,0.23542511,0.7577827,0.7574633,-0.042149776
4352607548116083456,K,4984.1333,0.7954373,1.0391172,1.1961257,15.109802
6440009276569495936,K,5129.9097,0.3677984,0.76216674,0.76778326,0.7369146
6306778806931054464,K,4360.872,0.14476565,0.6639185,0.66655999,0.39786417
6815094263790919040,K,4278.3906,0.11466347,0.6131675,0.61631798,0.51380428
6672856805353132288,K,4361.3794,0.23203307,0.84680146,0.84368508,-0.368018
525553368239342336,K,4403.6606,0.13054173,0.62033993,0.62072632,0.062287514
4844948857665632768,K,4822.3267,0.2516245,0.7184955,0.71864824,0.021257922
1858938128637245184,K,5025.1743,0.5169969,0.9371826,0.94862567,1.221007
561261210938082560,K,5004.2983,0.37422064,0.8099724,0.81382429,0.47555873
2273028329497745792,K,4481.3774,0.36444408,1.030191,1.0014876,-2.7862223
414435692339847808,K,4614.7163,0.20079307,0.70334107,0.70103146,-0.32837724
6341542581463032704,K,5084.3774,0.7085311,1.0612608,1.0848184,2.219779
5194174057253755008,K,4556.78,0.2501539,0.80153483,0.80249194,0.11940915
5314942490311418112,K,5053.284,0.4251129,0.8500141,0.85066368,0.07641962
3076087433168590336,K,4319.8433,0.12745576,0.6357276,0.63737776,0.25957079
1377723326991409792,K,4541.1167,0.1898342,0.70369846,0.70390664,0.02958406
5243679499578371456,K,5229.7803,0.6626101,0.983419,0.99155155,0.82696676
5542025898110508416,K,5224.0703,0.8830737,1.1552237,1.1471854,-0.69582198
3130386363935239040,K,4914.5146,0.30787608,0.76688313,0.76538488,-0.19536939
1962771643070229888,K,4705.0737,0.31622058,0.84615314,0.84628251,0.015289125
5837243773726590592,K,4805.867,0.27393842,0.75264215,0.7549812,0.31077882
3391995128332245376,K,4648.809,0.22668995,0.7478239,0.73398281,-1.8508491
3546323611200338688,K,4610.571,0.19513048,0.6914474,0.69231906,0.12606322
2062936602605221120,K,4636.13,0.25130188,0.7729053,0.77703364,0.53413222
6485262220229951744,K,5028.3506,0.35271326,0.7822308,0.78255154,0.041003638
5701604853930209920,K,4677.745,0.37603432,0.93298966,0.93367089,0.07301532
5532840200012788096,K,4388.8833,0.18864259,0.7540288,0.75121624,-0.37300391
4815392129685329664,K,5252.329,0.36754146,0.73138696,0.73215408,0.10488522
539719299951863808,K,5007.148,0.3914767,0.8314418,0.83142918,-0.0015176139
5792562228215933056,K,4864.9727,0.27735984,0.75712836,0.74133437,-2.0860388
154396004049421440,K,4859.97,0.31274942,0.7969898,0.78883149,-1.0236402
3076163299471021056,K,5286.429,0.49962074,0.84466934,0.84265263,-0.23875689
4696251420520838272,K,4049.9355,0.08857321,0.60247856,0.60451647,0.33825485
1854606155902402816,K,4856.932,0.24772087,0.70079035,0.7029273,0.30493481
5210292760278564480,K,4138.9116,0.092526935,0.5942365,0.59158199,-0.44670853
5185013196951388544,K,4600.6924,0.21490386,0.7292638,0.729674,0.056249038
460564053419258752,K,4609.599,0.30748248,0.86865497,0.86943487,0.089782666
1268128990096214528,K,4428.7583,0.2932155,0.9298692,0.91977725,-1.0853083
4038868119946906240,K,5287.8716,1.0007219,1.1919105,1.1919226,0.0010166195
1541973665349219968,K,4370.2764,0.10286814,0.55512726,0.5594687,0.78206212
396101095432696704,K,5073.7734,0.58115315,0.9883155,0.98658913,-0.17467844
5489058128022464128,K,5080.644,0.44213444,0.8499131,0.85820848,0.97602733
2048041552954315648,K,4193.542,0.09475955,0.5853616,0.58318005,-0.3726835
368237340475249408,K,4502.558,0.14968735,0.63613975,0.6358096,-0.051899434
2065578419809409536,K,4714.138,0.5854562,1.1492877,1.1470855,-0.19161614
5243829617275518976,K,4970.7246,0.9496776,1.3162596,1.3140196,-0.17017669
5927744094804268288,K,4135.3413,0.1076151,0.6345888,0.6390974,0.71047568
5228193256263231872,K,4689.8403,0.24401605,0.74702966,0.74824918,0.16324902
2726425624385918976,K,5268.6343,0.5380881,0.87817085,0.88040752,0.25469678
4637212559552086144,K,4473.428,0.15421711,0.65253204,0.6537904,0.19284223
1813653333487356032,K,4684.722,0.25236186,0.75889856,0.762601,0.48787066
3842841831122109824,K,4877.766,0.29077092,0.75416964,0.75506914,0.11927048
3053814969731762944,K,4965.401,0.29061797,0.724891,0.72846005,0.49235661
638313405262234112,K,5026.9565,0.38811567,0.8249738,0.82134099,-0.44035505
2257348434692705408,K,4430.446,0.13144493,0.6151363,0.61536131,0.036578507
2306867032496555136,K,5028.367,0.32587934,0.74970144,0.75219015,0.33195964
1065881591467674752,K,4788.675,0.29749775,0.7826236,0.79243615,1.2538015
5466429285367722624,K,4994.81,0.32753304,0.7634536,0.76426289,0.1060042
2303687180445652992,K,4314.319,0.10642121,0.583705,0.58390575,0.034391894
6450073445799184000,K,4793.528,0.47846365,1.001986,1.0029219,0.093400714
6799384308512004480,K,5049.2656,0.43234268,0.86077195,0.85923268,-0.17882492
5637767591075087488,K,4494.564,0.28552803,0.87889665,0.88125663,0.26851625
6261185289547342592,K,3990.6812,0.09373807,0.6359672,0.64049699,0.71226817
4659362977234462592,K,4734.6406,0.31018454,0.83032537,0.82773096,-0.31245713
6400874805878454528,K,3917.517,0.10533994,0.70495814,0.70457611,-0.054191601
4118915491413067392,K,4908.917,0.403155,0.8752561,0.87784494,0.29578032
1577615434273925376,K,4407.499,0.15821531,0.6820355,0.68217055,0.019801648
5516501044908590208,K,5253.6646,0.5143894,0.8705538,0.86571408,-0.55593618
422572589484327168,K,4524.1216,0.17916603,0.68818724,0.68898927,0.11654214
142992109964443776,K,4144.432,0.11164974,0.64809275,0.64811486,0.0034122803
2020956527123812352,K,4697.424,0.53656185,1.1070062,1.1059705,-0.093561282
4934657599059015552,K,5099.778,0.38573343,0.809997,0.79559905,-1.7775307
2489056250953295616,K,4202.5093,0.13782656,0.69692045,0.70032923,0.48912034
3383306272055231360,K,4846.8823,0.21006891,0.6458868,0.64999364,0.63584458
416462813829811072,K,4751.691,0.39807802,0.9412964,0.93098113,-1.0958578
4097347088980422144,K,4351.9297,0.26769152,0.9050307,0.91013691,0.56420249
876060529659961344,K,4695.709,0.31797376,0.84975994,0.85201345,0.26519395
1992284764240978176,K,4038.9492,0.093341485,0.62524956,0.62395567,-0.20694056
684185683209085696,K,4823.158,0.38585648,0.8891833,0.88961702,0.048777039
4972278145318569472,K,4504.37,0.19580346,0.7205562,0.72659972,0.83873009
5612582040301204352,K,4926.7085,0.2746795,0.71804196,0.71937038,0.1850057
3769113048129397760,K,4752.283,0.30620083,0.82277066,0.81630368,-0.78600076
1546202868110936704,K,4878.7144,0.2976858,0.76383793,0.76369761,-0.018370791
3019244086467265280,K,4491.052,0.15438965,0.64992976,0.64903196,-0.13813757
5490733027828284416,K,5035.0796,0.35553864,0.79361856,0.78358097,-1.2647871
5916591881476166272,K,4575.7686,0.25053763,0.79501414,0.79645554,0.18130456
1534476232996494976,K,4100.1064,0.09827618,0.6207561,0.62127952,0.084320364
3000261366108117760,K,4306.229,0.11644269,0.6128047,0.61307703,0.044439364
3474340440354025088,K,4806.147,0.2794014,0.74953616,0.76238326,1.7140063
4196443602393466368,K,4996.4062,0.4169363,0.86569595,0.86173263,-0.45781902
1413696942270547968,K,4590.709,0.19176842,0.6938982,0.69228063,-0.23311407
5184795841542053376,K,4355.3,0.20768891,0.8009232,0.80043056,-0.061508454
1575553540733945088,K,4646.064,0.23726462,0.75039965,0.75179473,0.18591143
2815363539408718720,K,4504.788,0.22041476,0.766963,0.77076996,0.49636875
2140552056118672384,K,5089.2144,0.33714855,0.7441949,0.74689975,0.36345994
5851952318808262272,K,4987.6777,0.33279306,0.7715583,0.77258012,0.1324356
6010273575001962880,K,5298.6177,1.8454523,1.6053884,1.6120533,0.41515908
4882092215878188928,K,4052.522,0.10363341,0.65388334,0.65305881,-0.12609738
4660713314948417408,K,5147.6035,0.52508724,0.9113132,0.91108463,-0.025081825
1815573935488765184,K,4313.2744,0.13273893,0.6432401,0.65243634,1.4296743
3590062252470730624,K,4685.288,0.20109463,0.6814256,0.68058256,-0.12371753
1696912652045827584,K,4937.173,0.7475989,1.1811366,1.1817641,0.053127812
5074190744224695552,K,4057.1543,0.0345313,0.3912434,0.37611147,-3.8676518
2023373459835725056,K,4777.358,0.44992056,0.9759552,0.97914161,0.32649129
4102174426062627584,K,4737.0923,0.37301046,0.9065122,0.90675503,0.026787068
2749605459803276544,K,4989.7373,0.44455537,0.8915865,0.89219694,0.06846646
6605693511231593600,K,3900.5981,0.05673997,0.5232063,0.52159726,-0.30753436
3048720382601724800,K,4931.582,0.5766683,1.0390332,1.0402643,0.11848239
6360573237955614336,K,4243.3667,0.2430209,0.9140975,0.91212392,-0.21590465
6095388762964674304,K,4970.498,0.59893227,1.0424892,1.0436196,0.10842904
6721515825584137600,K,4971.4233,0.4078881,0.8608853,0.8609188,0.0038913188
2725262542946633728,K,4530.564,0.21315517,0.7484496,0.74937044,0.12303278
438144324132351616,K,4359.371,0.14313808,0.65732116,0.66325891,0.90332559
4803763110594712064,K,4783.7666,0.24310859,0.71538645,0.71781635,0.33966312
3686656444914785792,K,4146.4575,0.1058472,0.6240006,0.63043222,1.0307074
6508563070646064512,K,5163.5464,0.5867019,0.95540833,0.95711857,0.17900567
503180952309076992,K,4682.164,0.49261042,1.0589881,1.0666249,0.72114057
2771075245402670720,K,4484.9834,0.12844001,0.5935135,0.59358326,0.01175412
5589929008384713856,K,4154.257,0.19093914,0.82295436,0.843556,2.5033764
3821158224871669376,K,4938.7617,0.38437995,0.84586436,0.84683223,0.11442426
5367233923294692352,K,5167.9023,0.43740287,0.82238674,0.82502173,0.32040724
2595812645257391872,K,4530.285,0.23206222,0.7602098,0.78199564,2.8657672
6053710262917643008,K,4028.3003,0.0865665,0.60721457,0.60406603,-0.51852198
1300077911782810240,K,4493.7324,0.2227708,0.7785432,0.77869588,0.019611593
2182038966306414336,K,5134.2144,1.0258776,1.3063177,1.2801266,-2.0049538
1042485530217725952,K,5042.961,0.3834926,0.8107707,0.8112607,0.060435847
3247327847979652864,K,4365.3916,0.15892065,0.6992232,0.69694244,-0.32618509
2061485212902421760,K,5176.773,0.49412602,0.8558086,0.87388398,2.1120824
4631493690338535168,K,4767.9673,0.34755963,0.8647249,0.86397522,-0.086695546
5276948556769561472,K,5080.9316,0.43961534,0.8556606,0.85566326,0.00031047614
195476541604326528,K,4972.021,0.7099367,1.1343805,1.135526,0.1009764
4054497334138827904,K,5158.908,1.1756464,1.3809253,1.3573003,-1.7108074
6719537602317306112,K,4974.2026,0.5241874,0.97809565,0.97487629,-0.32914544
4129969431477146752,K,5201.817,0.98683816,1.2374778,1.2231113,-1.1609477
6023299283097756288,K,4955.6,0.6580691,1.1021864,1.1005162,-0.15153935
6377830210390607616,K,4949.0723,0.39610946,0.8515644,0.85607767,0.52999803
4505995192660765568,K,5275.6035,0.78681105,1.0746496,1.0618033,-1.1953898
6060549190877721472,K,4261.0825,0.19608289,0.81331015,0.81251825,-0.097367424
975141886124643200,K,5038.287,0.40547988,0.84163785,0.83574158,-0.70057095
6647479424152434048,K,4974.383,0.26926783,0.69829947,0.69866173,0.051877494
492703018815707136,K,5239.905,0.81996894,1.0819073,1.0987656,1.5581975
6094085429369219968,K,5104.402,0.7245268,1.087196,1.0884053,0.11123107
330398609878269824,K,5142.398,0.46541256,0.85436636,0.85949002,0.59970291
5912913813227745152,K,5296.7593,0.6894309,0.9833132,0.98600259,0.27350329
3115768601660437376,K,4533.141,0.1755736,0.6730724,0.6793355,0.93052454
3366035658802287744,K,4572.682,0.24448505,0.7878854,0.78783871,-0.0059262937
761206197855800704,K,4357.9927,0.1326306,0.6470805,0.63885461,-1.2712317
6265038356248995968,K,5201.017,1.0656,1.2646703,1.2713752,0.53016622
4510534560758160640,K,5299.4497,0.56480736,0.8914383,0.89154196,0.011627923
1805312610082353792,K,4815.702,0.6520259,1.1605775,1.1600224,-0.047829661
775463908730709376,K,4435.2764,0.1162717,0.5890145,0.57749575,-1.9555969
4578992319354409728,K,4707.311,0.29222906,0.8116931,0.81277264,0.13299894
3671731364841605120,K,4151.5186,0.10444384,0.6282153,0.62471308,-0.55748697
5307998455919212416,K,4829.0664,0.42112964,0.9520516,0.92711736,-2.6190013
4768038706497252864,K,4311.622,0.13487914,0.6563659,0.65817927,0.27627353
4512516774065479552,K,5185.431,0.9224398,1.1354147,1.1900151,4.8088475
5978896743035109888,K,4628.579,0.2783957,0.8207621,0.82051979,-0.02952234
3314418638757982976,K,5253.258,0.50318617,0.86078995,0.85636725,-0.51379606
4239254839973136640,K,4712.759,0.50646406,1.0517724,1.0675224,1.4974763
4331540115055104896,K,4875.753,0.20784923,0.66786045,0.63891631,-4.3338599
888230641614378496,K,4344.804,0.12279903,0.6194674,0.61845805,-0.16293766
2104302429064040704,K,4813.0093,0.31895626,0.80861944,0.81224178,0.44796584
2048306947567698944,K,4100.4307,0.11159479,0.6587384,0.66193625,0.48545123
5955691034690083840,K,5193.573,0.5998136,0.95566964,0.9565966,0.096996205
2116223471567627264,K,4574.0254,0.21264793,0.73317873,0.7343221,0.15594647
6869444708399977344,K,4280.2793,0.13741237,0.66993046,0.67409617,0.62181198
1920090766339518720,K,4931.7905,0.38666594,0.8548764,0.85174949,-0.3657737
1668492441131072640,K,4733.3228,0.21989657,0.70062333,0.69731682,-0.47193807
6158742313714137344,K,4766.855,0.5875462,1.1147078,1.123855,0.82059323
5601604688009672320,K,4575.266,0.16914907,0.65485305,0.65456876,-0.04341352
2990107204425832320,K,4820.342,0.339944,0.83484685,0.83599012,0.13694408
4266837493595177600,K,4043.6018,0.10631651,0.672465,0.66438031,-1.2022466
2899056302934501120,K,4449.3916,0.15538625,0.66046494,0.66337361,0.4403978
6344269984478660352,K,4954.795,0.26743355,0.71145487,0.70179412,-1.3578868
2222579025166752128,K,5109.589,0.79123586,1.1346691,1.1351002,0.037994663
3637035210275375744,K,4759.494,0.20217635,0.6583905,0.66129733,0.4415055
1367917092021130496,K,5159.4067,0.711569,1.054168,1.0557526,0.15031399
2155135875269723520,K,4209.515,0.14760238,0.7166219,0.72233011,0.79654408
2235129022684285440,K,4692.6865,0.27111536,0.7879149,0.78774769,-0.021221651
5807936909769452416,K,5150.201,0.5581483,0.9379922,0.93838187,0.041542513
6133029272228792448,K,4500.208,0.2306547,0.78919405,0.79007649,0.1118157
5924439993650051072,K,4865.346,0.7171122,1.1931345,1.1918436,-0.10819713
1400595814548978432,K,4427.72,0.16283973,0.67595303,0.68576142,1.4510462
4184107562969909760,K,5092.965,0.4447971,0.8574938,0.85662896,-0.10085701
5958400540599470976,K,5147.247,0.4742268,0.86570257,0.86595673,0.029358255
2186610598212977664,K,4599.7554,0.20705743,0.712985,0.71652128,0.49598275
3698685308281324672,K,4369.1104,0.12981659,0.62560916,0.62882851,0.51459404
4155589285058536064,K,5024.8296,0.38360235,0.81786996,0.81724282,-0.076679847
3053674232239710720,K,4778.381,0.28704193,0.7887808,0.78174351,-0.89217368
1330770985029549824,K,5209.3384,0.4801783,0.8507706,0.85072518,-0.0053391721
6046568247673121664,K,4508.999,0.21517554,0.7594906,0.76013256,0.084524588
565350603919041792,K,4400.536,0.15636916,0.6793983,0.68032676,0.13665966
6360785615497509376,K,5112.097,0.3504717,0.7641048,0.75471237,-1.2292074
6908051997620276096,K,5091.511,0.4567142,0.8692862,0.86852444,-0.087630144
4612015223378119936,K,5202.7793,0.77571183,1.080663,1.0840082,0.30954919
6576898646025596160,K,4956.4927,0.338076,0.78881645,0.7885176,-0.037886245
1012764493967581312,K,4371.032,0.26874083,0.9151874,0.90396583,-1.2261496
6076404938810407040,K,4399.323,0.16086254,0.68523854,0.69041294,0.7551241
4766162149386729472,K,5113.085,1.0045911,1.2962856,1.2772673,-1.4671369
6716883381239155584,K,5295.0757,0.84014046,1.089722,1.0891426,-0.053165077
5381014824078793600,K,5282.2837,0.70313054,1.0077527,1.0012158,-0.64866063
188191555515821440,K,4665.586,0.26841316,0.7783632,0.79294427,1.873299
951780218972349440,K,4121.677,0.1017557,0.626031,0.62558255,-0.071634198
1870277185900911744,K,4914.364,0.40204793,0.8767331,0.87469659,-0.23228373
589731960730331392,K,4670.727,0.17508405,0.6411012,0.63900975,-0.32622764
5575989949719584512,K,4240.435,0.18125701,0.7890991,0.78882333,-0.034947661
2118691394135826432,K,5184.89,0.4549194,0.8355242,0.83587492,0.041976266
1905061507540769664,K,5245.359,0.78336596,1.0851284,1.0717292,-1.2348007
5993544127642941056,K,4945.7236,0.48085925,0.9589804,0.94450109,-1.5098646
3167747429746571776,K,4306.319,0.25007406,0.9024887,0.89841106,-0.45182226
1420410216671981440,K,4486.1133,0.17560591,0.68742484,0.69371686,0.91530288
2479721706471075072,K,4417.5566,0.2094159,0.6949821,0.78125668,12.413928
1935728810984612096,K,4841.9624,0.43110433,0.9360083,0.93304272,-0.3168328
6109051981647151104,K,4382.678,0.15139997,0.66675025,0.67489611,1.2217265
6427940590268826112,K,5227.2344,0.65072906,0.9845493,0.98357914,-0.098538074
5628310588488709248,K,5142.615,0.6679741,1.0509542,1.0295915,-2.0326957
4597840628711536256,K,4853.379,0.52683157,1.026141,1.0265985,0.044588688
3387980192903656320,K,4367.9375,0.24954063,0.8774942,0.87231023,-0.59077023
797083949467538304,K,4526.5215,0.18243925,0.6944798,0.69451739,0.005412787
3764557668376558464,K,4430.701,0.14199476,0.63958573,0.63950572,-0.012509643
1844577269816440064,K,4894.6763,0.2943406,0.752602,0.75444971,0.24550926
2139389253853534592,K,4275.756,0.18808085,0.7976156,0.7903139,-0.91544045
2731757293707943296,K,4699.5415,0.20140038,0.6787871,0.67697452,-0.26703159
5706831386749178624,K,4190.7896,0.090210706,0.56577325,0.56975807,0.70431432
5164085303082819072,K,4404.4414,0.14249942,0.6454205,0.64830301,0.44660935
5417020943670931712,K,4986.725,0.3228516,0.76125413,0.76124385,-0.0013510572
3049063258428388096,K,4393.9673,0.13664651,0.6381373,0.63787972,-0.040365071
6563644273870981376,K,4330.785,0.14421257,0.67068356,0.67456138,0.57818874
5293755893372462592,K,4146.1934,0.11936393,0.6690518,0.6695617,0.076212382
4826029423648465792,K,4858.855,0.36354068,0.8557819,0.85086722,-0.5742916
5554408872926909056,K,4177.779,0.12993278,0.6873367,0.68805254,0.10414661
3008941872969691392,K,5151.117,0.65878534,1.0103637,1.0191129,0.86594475
5226111365351702272,K,5095.605,0.30315682,0.7086614,0.7064726,-0.30886415
5352829904352589184,K,4452.1724,0.18254124,0.71527535,0.71810791,0.3960103
2199483817792239232,K,5252.8916,1.628415,1.5571537,1.5407736,-1.0519252
6453739359302109312,K,4166.7617,0.06928776,0.5277179,0.50510782,-4.2845008
1347657078451004544,K,5171.981,0.42458135,0.80924785,0.8115584,0.28551795
2108666596871351552,K,4600.362,0.23285377,0.7595587,0.75964517,0.011384714
1839008032965873408,K,5105.5146,0.4106891,0.8173581,0.81908827,0.21167779
424634075009312512,K,4896.106,0.39088115,0.8716773,0.86890821,-0.31767364
5414047829869984896,K,3933.1965,0.11525215,0.7215454,0.73111616,1.3264247
5400233565775081728,K,4563.0757,0.14566034,0.61401147,0.61067265,-0.54377081
3203899372067686144,K,4384.4736,0.16425128,0.7008293,0.70238079,0.22137874
975039047427822208,K,4601.7837,0.22501014,0.74304616,0.74628,0.43521389
5630041151071772800,K,4093.6333,0.08698985,0.58590406,0.58636708,0.079026191
5780031781389614208,K,3954.5637,0.09380157,0.6544304,0.65247077,-0.29943986
5224901524604199808,K,4630.8467,0.3881159,0.9684979,0.96786118,-0.065743354
243870824347020544,K,4602.094,0.25832534,0.80191696,0.79951331,-0.29973862
3471236003632610176,K,4397.03,0.17556813,0.7221042,0.72203316,-0.0098375123
6734523327355292544,K,4434.076,0.21820885,0.795237,0.79155861,-0.46255299
5330809370812400384,K,5096.223,1.0564414,1.3138732,1.3184966,0.35189217
1585699937114574720,K,4653.456,0.50762653,1.0945641,1.0961604,0.14583524
2009481851955011200,K,4369.0576,0.14851128,0.6708488,0.67260074,0.26115275
5505229573244799232,K,4879.097,0.31542662,0.77361214,0.7860016,1.6015073
4306604840609080832,K,4813.6934,0.45767665,0.9773036,0.97269277,-0.4717908
4217517323281458816,K,4453.81,0.20224577,0.7507538,0.75531744,0.60787433
980189228612704896,K,4312.5645,0.09969359,0.5640558,0.56560804,0.27519198
6100143154323163520,K,4543.9297,0.16337946,0.6748871,0.65221184,-3.3598591
4106055775182155392,K,4327.1016,0.36545992,1.0775521,1.0756695,-0.17471113
2051782916138493696,K,5280.0684,1.1001666,1.254009,1.2534393,-0.045433887
551672988507041152,K,5054.921,0.5271221,0.942189,0.94662949,0.4712946
740854546863313792,K,4359.7017,0.19888167,0.7801479,0.78169438,0.19822918
391298806597341952,K,5141.983,0.43552777,0.831886,0.83157192,-0.037755684
5464307880761493120,K,4729.876,0.21828647,0.68708575,0.69577218,1.2642424
3047602007481623168,K,4499.378,0.28130376,0.86285657,0.87284267,1.1573301
201410399702457472,K,4488.939,0.26251224,0.8533205,0.84711141,-0.72763852
4526430475225446144,K,4650.772,0.28039622,0.81016564,0.81562239,0.67353526
2195049487390567040,K,5123.76,0.69909483,1.0679535,1.0610691,-0.64463919
3002999489362036608,K,4599.3994,0.21448147,0.73220044,0.72936648,-0.38704681
5490178938390515584,K,4732.2524,0.24673922,0.7398048,0.73898641,-0.11062184
2344185457871323904,K,5020.247,0.34676847,0.7778085,0.77843578,0.080647517
3460706530530162304,K,4460.397,0.14505138,0.6390268,0.63777437,-0.19599002
5261220489608971008,K,4688.4814,0.3410812,0.87095755,0.8851516,1.6297059
3401831634232444032,K,4618.6494,0.28854153,0.83343077,0.83893311,0.66020323
1701593135607186944,K,4558.5312,0.14886788,0.61885756,0.61859129,-0.043026318
4513120680868225024,K,4995.488,0.4828346,0.9395258,0.92767641,-1.2612097
5984887432094589440,K,4670.5986,0.33898968,0.8924299,0.8892038,-0.36149623
5550967298453417600,K,4233.1943,0.10678338,0.60659385,0.6075312,0.15452702
4655780145552950912,K,4948.2114,0.4219906,0.88184685,0.88391002,0.23396042
2893576165183113472,K,5193.314,0.6877987,1.0026475,1.0244592,2.1754119
4477876763304603520,K,4806.1943,0.3949735,0.9068793,0.90643046,-0.049492639
326859075789951872,K,4623.203,0.2405022,0.76685953,0.76441071,-0.31933147
6648519940109499648,K,4779.7217,0.22694287,0.69571006,0.69471426,-0.14313484
2270707878928364416,K,4484.978,0.14914924,0.63929737,0.63965095,0.05530757
5341402340750462208,K,4620.2524,0.17958882,0.65621537,0.66139576,0.78943448
6640423445717171584,K,4805.693,0.33080423,0.82231164,0.8297106,0.89977624
4268751537182237952,K,4984.552,0.9209788,1.3141361,1.2868434,-2.0768513
1333330716819073664,K,4561.7056,0.16698161,0.6531158,0.6542338,0.171179
2001247815545619840,K,4944.594,0.43726462,0.8907633,0.90108146,1.1583507
4813872054860131072,K,4475.197,0.13216715,0.60379237,0.60477051,0.16199982
6887923547487919232,K,5240.1606,0.49954215,0.8628606,0.85753141,-0.61761914
5457217748749207296,K,5095.8457,0.4766658,0.8861312,0.88578357,-0.039230454
4056004219170301184,K,4497.3926,0.1905608,0.71898586,0.71903221,0.0064458894
4617215123102787072,K,5181.0234,0.665417,1.0012563,1.0124393,1.1168979
5375981328565007232,K,4507.002,0.17010926,0.6767557,0.67645925,-0.043805226
2170739697631596800,K,4332.1455,0.15255438,0.6925175,0.69336104,0.12180719
2622756074616791424,K,4260.893,0.1711138,0.7562746,0.75909201,0.37253845
6168484777010196096,K,4848.197,0.5919954,1.0844092,1.0905656,0.56772285
5228605263888155264,K,4742.489,0.7588975,1.2979672,1.2904229,-0.58124057
3107108263966998016,K,4653.7476,0.23731805,0.7388624,0.74939863,1.4260073
5444346350238865664,K,4863.819,0.25207856,0.70384485,0.70707634,0.45911974
4969135019530885760,K,4246.562,0.13078688,0.6669452,0.66812898,0.17749345
1388511013528343040,K,4741.2783,0.31370795,0.83021903,0.8300897,-0.01557729
4469094585971389696,K,5159.605,1.0118893,1.262572,1.258887,-0.29186363
5715234301290863872,K,5066.843,0.82780963,1.1804863,1.1807107,0.01901002
3161145171659976832,K,4678.6157,0.2509683,0.7628683,0.76247893,-0.051040143
6722633895774709504,K,5107.6,0.9858072,1.2678072,1.2679887,0.014319264
5282346609105790848,K,4552.414,0.18913823,0.6987021,0.69913223,0.061560604
5542689968770971392,K,5204.9478,0.97462773,1.2206539,1.214059,-0.54027755
4239105203312033792,K,4838.832,0.3972631,0.889314,0.89683219,0.8453917
239961751270622336,K,5089.818,0.62677056,1.0109472,1.0181293,0.71043577
5541723807286528640,K,4638.9507,0.21628493,0.7234083,0.71999052,-0.4724555
5859676147438854272,K,5039.056,1.0777676,1.3473016,1.3621262,1.1003194
863833822919269632,K,5192.738,0.40258682,0.7851412,0.78395316,-0.15131531
5085383944395178240,K,4372.7793,0.1489748,0.66858304,0.67250335,0.58636036
4467645979402370176,K,4173.46,0.12098302,0.6613042,0.66530818,0.60546662
2206088824653086208,K,4363.523,0.17614543,0.73385924,0.73436896,0.069457463
6480223536398069120,K,4553.141,0.31156594,0.9075576,0.8970279,-1.1602243
4051412619905507072,K,4391.2666,0.14508568,0.6570558,0.65809081,0.15752251
5528282793026897408,K,4753.397,0.22706111,0.70332,0.7026133,-0.10048121
4311609267827728512,K,5104.144,0.3819056,0.8048898,0.79028791,-1.8141479
1205403668502446336,K,4147.475,0.08258394,0.57000405,0.55658745,-2.3537734
2877397435693159040,K,4636.8296,0.20299424,0.697924,0.69815644,0.03330391
5258845269624588544,K,5193.5703,0.7319088,1.0508682,1.0566949,0.55446645
6663916092193317760,K,4745.708,0.24248989,0.7414236,0.72844699,-1.7502288
4038464775347669632,K,4958.2314,0.30698234,0.7461719,0.75085534,0.62766245
3007331603831568512,K,5061.2466,0.41775694,0.8406718,0.84062055,-0.0060965845
2006610133752596096,K,4174.0903,0.09350877,0.590084,0.58473037,-0.90726533
4461859421500718080,K,5147.0156,0.385929,0.7947061,0.78126056,-1.6918888
4452345209945919744,K,5054.291,0.4492499,0.8688891,0.8741313,0.60332179
5639886796668409216,K,5148.0273,0.5150091,0.90316695,0.90215037,-0.11255769
3576071757281264896,K,5244.1724,0.69317126,1.0085359,1.0086013,0.0064823918
6271949091765226496,K,5122.868,0.37984633,0.781985,0.78240352,0.053520506
4530936514400144128,K,4420.672,0.15918218,0.67938906,0.68017991,0.11640581
6066436319734384384,K,5298.789,2.0981658,1.731508,1.7187781,-0.73519171
941983673449056128,K,4666.969,0.25138825,0.7670334,0.76693016,-0.013459886
6594898613443766144,K,5212.385,0.37639838,0.7530577,0.75232252,-0.09762625
3170351966633244160,K,5114.107,0.41292346,0.82292897,0.81855585,-0.5314086
5808336238649095808,K,4911.2295,0.42523932,0.88324445,0.90071918,1.9784703
5848052969483815424,K,5232.003,0.5103128,0.8691791,0.8694316,0.029050913
266915385473592192,K,4828.533,0.4462368,0.9753058,0.95456486,-2.1266086
5345344777101512960,K,5205.2446,0.5450078,0.90489864,0.90776249,0.31648344
3267929947104804096,K,4200.12,0.1331513,0.6821678,0.68913208,1.0209046
4946904474965275264,K,4710.695,0.2263213,0.7143046,0.71424285,-0.0086444291
3324109115773072896,K,5099.5845,0.42978933,0.82583004,0.83986869,1.6999441
2391694255795349120,K,4937.6475,0.38601154,0.8475634,0.84901065,0.17075473
6091362488827243136,K,4372.827,0.13736232,0.645043,0.64574697,0.10913551
3098502523895941760,K,4691.934,0.32473543,0.8606273,0.86241085,0.20723782
6717634072800318208,K,5122.86,0.56419194,0.9514923,0.95354595,0.21583439
2970568573562885248,K,4847.8564,0.45072708,0.9476448,0.95172284,0.43033443
3200520366675714560,K,4954.95,0.29814124,0.7363298,0.74094443,0.62670628
6028422079672082304,K,4313.7603,0.12031086,0.6184722,0.6210028,0.40916947
4599933033697961728,K,4964.594,0.31453735,0.7612291,0.7580918,-0.4121367
6772545843857243904,K,4602.102,0.22661036,0.74144536,0.74882539,0.99535718
5479270309870315904,K,4592.547,0.18190709,0.6754144,0.67370653,-0.25286297
546169176895816576,K,4547.271,0.3418768,0.93676573,0.94207678,0.56695649
4443976448988318976,K,5267.1245,0.54689324,0.8966192,0.88809059,-0.95119597
2214324849638669824,K,4233.6987,0.10009041,0.68496495,0.58804356,-14.149832
3396471343249786880,K,4979.12,0.3841235,0.83303326,0.83288188,-0.018172277
1819665458774619392,K,4539.3843,0.16032763,0.6499326,0.64738621,-0.39179282
988302215676678912,K,4713.4966,0.39205045,0.9411829,0.93893979,-0.23832901
3618573306237853952,K,4436.908,0.22054741,0.79626435,0.79477335,-0.18724972
5257727856588565376,K,4358.3926,0.33258197,1.008223,1.0114626,0.3213145
1869329819195071744,K,4083.9365,0.095227316,0.61633444,0.61641894,0.013709394
5610694384986397824,K,4499.326,0.18619849,0.71030015,0.71014383,-0.022008138
6062479967680518912,K,4886.842,0.30639803,0.77168286,0.77221734,0.069261674
6481277521372872064,K,4519.8022,0.15754041,0.6550428,0.64730698,-1.1809645
5819436633168373504,K,5284.337,0.7112133,0.99413633,1.0061717,1.2106323
4583331885589718656,K,4600.743,0.2409355,0.76223046,0.77258738,1.358765
4051486772651825280,K,4830.8853,0.90026116,1.3520354,1.3545155,0.1834314
4148216686004360320,K,4745.541,0.36984253,0.9156586,0.89968427,-1.7445729
4759746189800758912,K,4430.9053,0.16398121,0.68071,0.6871717,0.94925943
4355109624265078784,K,4811.7407,0.34735277,0.85027283,0.84807471,-0.25851928
3033414115594864640,K,4902.3994,0.22238317,0.6564093,0.65371242,-0.41085295
5353954056236229760,K,4848.9717,0.42957106,0.92471135,0.92869128,0.43039746
2933184250513569408,K,4365.919,0.13301018,0.6307148,0.63744725,1.0674321
2068587783135629440,K,4616.6216,0.22976647,0.7487687,0.74928654,0.069158274
3315986748497774592,K,4013.9338,0.091673434,0.62902105,0.62608673,-0.46648979
1952214441658064000,K,4658.348,0.27858222,0.80681723,0.81033762,0.43633017
5536455772194379776,K,5167.8003,1.6078533,1.5676798,1.5818486,0.90380967
4855273134411432704,K,5225.5903,0.5058236,0.86741734,0.86772476,0.035441119
1432184680535736704,K,4136.8877,0.0939671,0.5962319,0.59675162,0.087168069
6707340719829051008,K,5297.6724,1.0559365,1.2154615,1.2198372,0.36000114
2224343500809242496,K,4408.593,0.2062021,0.779252,0.77839438,-0.11005736
506778794879734400,K,4593.6914,0.19083181,0.69020313,0.68969156,-0.074118402
2063116922509714944,K,4675.419,0.22772285,0.7282723,0.72730302,-0.13309298
552281602553712128,K,4793.9673,0.442625,0.9631897,0.96445284,0.1311413
4575296169277842432,K,4504.7485,0.14720759,0.6305232,0.62990806,-0.097560675
5884799816297114240,K,4660.5586,0.20369716,0.69356424,0.69226074,-0.18794231
4248638278360462592,K,5125.527,0.65237236,1.0244626,1.0242922,-0.016628447
6006052481138105728,K,4483.4863,0.13352825,0.6051415,0.60563093,0.080878288
5681398514564924032,K,4905.439,0.35418278,0.8261285,0.82396947,-0.26134252
1527499934799050880,K,4310.6113,0.16919611,0.7376233,0.7375146,-0.014736613
6014778858250913792,K,4540.8003,0.38230044,1.0079234,0.99905812,-0.8795587
2003791054654954624,K,5180.947,0.5557714,0.92528826,0.92530085,0.0013601332
6652335039301135744,K,4190.2695,0.16757308,0.7778201,0.77673232,-0.13985012
4887163850700302464,K,4872.103,0.3022859,0.7728046,0.77166568,-0.14737524
3564459780620615040,K,4261.038,0.17796914,0.7768441,0.77409578,-0.35378073
4188446510724353024,K,5025.525,2.0716913,1.8646065,1.8986845,1.8276246
5839141805679020032,K,4838.9434,0.35014394,0.84046066,0.84192883,0.17468686
511606235032848896,K,4442.9526,0.1920079,0.740318,0.73955308,-0.10332323
1322383394937134848,K,5150.933,0.40844306,0.8047281,0.80250384,-0.27639883
5644889162255004544,K,4185.2534,0.12454735,0.6717173,0.67123856,-0.071270474
2398577061146499200,K,5179.0044,0.39555252,0.779475,0.7812008,0.22140529
1241538881926496384,K,4491.742,0.18882303,0.7252967,0.71754813,-1.0683313
6215226493779914240,K,4114.553,0.0741545,0.53341997,0.53589116,0.46327322
2099704855552041472,K,4400.0117,0.15559457,0.6823441,0.67880138,-0.51919844
4303966802986421376,K,4726.2188,0.30057785,0.85523164,0.81771883,-4.3862743
5468924936244815872,K,4380.023,0.1451171,0.6621254,0.66154543,-0.08759203
6112707411132885760,K,4546.3276,0.22769643,0.7643574,0.76914783,0.62672611
5149605800096361344,K,4255.9976,0.12034793,0.6364456,0.63807205,0.25555282
5851286358357087616,K,4410.585,0.15937835,0.6820246,0.68371551,0.24792504
5252080386919220480,K,4487.4707,0.18026085,0.7019284,0.70242606,0.070899138
2989458320766881280,K,4338.0615,0.2895699,0.94586086,0.95266116,0.71895359
5875815638122689408,K,5102.9004,0.40621382,0.8156964,0.8154481,-0.030440337
2065867110327428992,K,4459.986,0.20269822,0.75239575,0.75406909,0.22240121
3394552553724077568,K,4689.2227,0.24295244,0.7474275,0.74681336,-0.082167754
5207854833760883200,K,4248.2617,0.15275107,0.7189308,0.72147746,0.35422868
2216155231565646720,K,4718.747,0.2178293,0.69822407,0.69832554,0.01453194
5823106287602460928,K,5149.8813,2.4123752,1.944956,1.9511073,0.31626855
5796946294621212160,K,5278.344,0.72343963,1.0168835,1.0170889,0.020201921
1841579691881836800,K,4659.2793,0.2636319,0.7816102,0.78797901,0.8148324
4057786115175131008,K,4628.1777,0.19080606,0.7013598,0.67940571,-3.130218
1806704832325828736,K,4269.573,0.17164756,0.7484087,0.7571869,1.1729152
2040342222772002304,K,5243.531,1.0525533,1.248972,1.2431614,-0.46522768
2304171927635875712,K,4939.51,0.627476,1.0965863,1.0816431,-1.3627021
4320118422680544256,K,4563.371,0.48335874,1.1318668,1.1122858,-1.729974
1857828927560552320,K,4773.242,0.28222772,0.7754979,0.77683018,0.1717963
4191067093606993152,K,4323.4497,0.12316905,0.623793,0.62552279,0.27730151
5424967182926949120,K,4446.7593,0.13594557,0.61968154,0.62122432,0.24896277
5344589172092726784,K,4938.4634,0.29277202,0.73934454,0.73915287,-0.025924546
6411962418571336960,K,5179.22,0.38626108,0.7690582,0.77190689,0.37041289
5289229311376910336,K,4482.5264,0.22722062,0.7878216,0.79037159,0.3236756
2649675314720221824,K,4568.8784,0.30027843,0.8725961,0.87457293,0.22654565
1904987118706895232,K,5296.791,0.9998881,1.1762849,1.1874168,0.94636032
1760616839635682176,K,4017.7192,0.097383976,0.64559424,0.64407694,-0.23502364
5354518552368502784,K,4934.8154,0.35294354,0.81211287,0.81276306,0.080061546
187684749375680000,K,4252.2026,0.22609627,0.8672463,0.87613688,1.0251506
256914674384583552,K,4546.622,0.22903845,0.770674,0.77131124,0.082686192
3372203815955115648,K,4500.05,0.20149194,0.73733526,0.7384946,0.1572332
5246362685922950144,K,4525.7563,0.23469229,0.79678357,0.78798916,-1.1037389
4163446979261073408,K,4591.929,0.3037576,0.8789448,0.87081602,-0.92483431
4627071901248351744,K,5291.612,0.7659103,1.0396423,1.0412767,0.1572033
2242078520286214272,K,5112.512,0.38917613,0.79410326,0.79516559,0.1337772
4434054834017235456,K,4421.521,0.16112408,0.68382,0.68405339,0.034130926
5649461202176284800,K,5023.5854,0.65865445,1.0726037,1.0714068,-0.11158863
4391406599041751424,K,4496.5503,0.11705411,0.56368005,0.56375133,0.01264619
4169289169875546496,K,4492.7876,0.2634382,0.8491598,0.84715087,-0.23657858
6103727390428832768,K,4063.5383,0.08042439,0.5841009,0.57218746,-2.0396206
2619220766776386944,K,4297.1465,0.11862271,0.6206311,0.62140789,0.12516091
1944285004318345728,K,5062.714,0.5605678,0.96398544,0.97319629,0.95549718
4631502245912050688,K,5158.489,0.41682923,0.8090265,0.80832726,-0.086429532
1944937804987253120,K,4559.2695,0.5935833,1.2411891,1.2348195,-0.51318755
175918978523200256,K,4688.6743,0.35811484,0.91448164,0.90691,-0.82797104
5933697812879417344,K,4968.6733,0.3505342,0.80339634,0.79898288,-0.54934993
4087071641735536640,K,4500.0693,0.20136896,0.73859024,0.73826286,-0.044325005
4603790876403554048,K,5265.9824,0.67247045,0.9845434,0.98521487,0.068200883
2234551985239027584,K,5233.6924,0.4674416,0.8306707,0.83157314,0.10863974
5776123361147606784,K,4253.2905,0.08739194,0.54452664,0.54442588,-0.018504812
4806442586071835520,K,4903.778,0.6742078,1.1367304,1.137597,0.076237868
6434510172244457728,K,5270.862,0.8169118,1.084781,1.0838706,-0.083920697
494887782779506560,K,4961.962,0.56873584,1.0131884,1.0204732,0.71899473
3407192165735214080,K,4404.432,0.13307106,0.62528384,0.62649145,0.19313037
6770392553413372800,K,5070.736,0.6654935,1.0487154,1.0570197,0.79185168
6089696316395510144,K,4860.317,0.41910952,0.9038801,0.91303564,1.0129158
5688962433009305344,K,4970.561,0.35265884,0.80203533,0.80079201,-0.15502036
5400882964830025216,K,4751.3984,0.3158122,0.8267163,0.82932493,0.31554055
2449722012744393984,K,4668.6914,0.23323001,0.74068004,0.7381677,-0.33919316
4126375815175568128,K,4346.3716,0.12329584,0.6182952,0.61926091,0.15618859
6048734766609822976,K,4761.9194,0.24945417,0.73576385,0.73381142,-0.26536137
1142874034209801984,K,4365.4204,0.12507787,0.62267315,0.61828862,-0.70414654
2933858457296029824,K,4840.931,0.37372524,0.8707192,0.86910368,-0.18553816
2072178513257982208,K,4721.0376,0.24423753,0.73403454,0.7387278,0.63937841
5459686873909618944,K,4510.834,0.28832576,0.8789857,0.87918687,0.022886502
2069072599042212608,K,4775.8735,0.94457,1.4279152,1.4195955,-0.58264872
5282962266908542208,K,4321.186,0.22940339,0.85398936,0.85456904,0.0678793
5898135380527410944,K,4864.4062,0.43125954,0.92298245,0.92461908,0.17731991
5239076046258990848,K,4641.3833,0.1999612,0.6887454,0.69156206,0.40895476
1960193253941996544,K,4502.3774,0.36501813,0.99263805,0.99294819,0.031243726
5681208677010458624,K,5079.933,0.42613387,0.84244955,0.84277223,0.038303153
4974067566133917568,K,4204.032,0.11137067,0.62721103,0.62908097,0.29813641
1010925526410808832,K,4657.07,0.3227495,0.8717199,0.87269084,0.11138229
391588596627139840,K,4734.7314,0.3680973,0.9025403,0.90166203,-0.097310401
5514098302756303104,K,4623.6777,0.27684122,0.8210459,0.81996144,-0.13208231
6653131807277090432,K,4205.988,0.15965047,0.7494647,0.75249255,0.40400132
1382832929324416128,K,4110.523,0.10046405,0.6285863,0.62497743,-0.57412419
2109460444266320896,K,4878.377,0.30887136,0.7770584,0.7780209,0.12386422
5483156636797726336,K,4557.74,0.18792643,0.69414973,0.69526121,0.16012085
2276889058420073472,K,4350.96,0.18704858,0.76209176,0.76113236,-0.1258902
227996384703371392,K,4811.2866,0.45746905,0.9874612,0.97344533,-1.4193849
5332956407832583040,K,5086.055,0.46384588,0.87821686,0.87715816,-0.12055105
2387934402769336320,K,5240.857,0.59202194,0.93367106,0.93329178,-0.040622165
4561886942080714624,K,5062.6973,0.5536537,0.9535354,0.9671823,1.4311899
5372827619985443968,K,5075.2974,0.48610088,0.9001848,0.90176499,0.17554117
4780353511606665984,K,4756.284,0.571469,1.1118237,1.1133044,0.13318136
5250578591453205376,K,5177.714,0.58459944,0.94978315,0.95018078,0.041865688
167261423967016192,K,5298.303,1.4683411,1.4416416,1.4381131,-0.24475253
5947611032947625856,K,4322.363,0.15551187,0.7025538,0.70322202,0.095112429
6655483456485787264,K,5116.081,0.3948712,0.7981838,0.79984543,0.2081762
5386905693843942528,K,4934.3687,0.48793477,0.9751784,0.95580842,-1.9863017
1864164932040213760,K,4189.7197,0.098671906,0.59400755,0.59618354,0.36632373
3155501103595594624,K,4596.282,0.17754184,0.66638297,0.66449266,-0.28366767
2015629187112117120,K,4821.0825,0.30820528,0.79665864,0.7957636,-0.11234884
6236502181217272192,K,4510.9575,0.17726752,0.6863684,0.68933491,0.43220409
4938597183581025664,K,4363.4893,0.15934004,0.6998014,0.69847005,-0.19024624
2597555847928853888,K,4493.952,0.13904287,0.61528575,0.61513532,-0.024448881
4209920728731100160,K,4924.7373,0.90625167,1.3128023,1.30771,-0.38789812
5519395887223821312,K,4561.788,0.19188698,0.70057094,0.70130303,0.10449965
2578880784665045120,K,4447.0522,0.13589594,0.6184678,0.6210291,0.41413558
6754767707205326208,K,4573.4204,0.17969278,0.67323744,0.6752059,0.29238647
6899651316467878272,K,4445.119,0.17328532,0.7001913,0.7018871,0.24219159
5231495330199467008,K,4891.3022,0.4324284,0.9168408,0.91571699,-0.12257377
4285666084776173696,K,4479.464,0.16129193,0.6660247,0.6668181,0.11912452
6736702280187478144,K,4100.032,0.09141009,0.60552233,0.59920542,-1.0432159
527569666406609920,K,4490.2676,0.1832921,0.7075391,0.7074253,-0.016084115
6136788674282219264,K,4480.617,0.1587297,0.6614303,0.66116007,-0.040856094
2047952148927636480,K,5048.013,0.5886655,1.0019056,1.0031053,0.11974145
1866263659215704192,K,5198.4624,0.48662665,0.8608039,0.86000562,-0.092736108
6723237626433786752,K,4319.5493,0.13594815,0.657555,0.65835925,0.12230914
1795675321939484544,K,4614.083,0.2719077,0.81714857,0.81600554,-0.13987992
1917204685755010048,K,4776.8306,0.29456443,0.77944565,0.79243497,1.6664816
1921255114792487936,K,3921.304,0.0823447,0.6214313,0.62174165,0.049941282
3784411957860301184,K,5040.0464,0.31526992,0.73885125,0.73641964,-0.32910745
5880205438252271744,K,5122.531,1.400281,1.5068349,1.5024207,-0.29294293
5917122537598969984,K,4529.6313,0.34015787,0.95094126,0.94703868,-0.41039146
2090556094176364672,K,4476.4844,0.17672884,0.700174,0.69892846,-0.17789041
1308974472679778304,K,4499.551,0.19525857,0.72664267,0.72714305,0.068861493
2314089075840124928,K,3996.5789,0.04604175,0.46380287,0.44756106,-3.5018788
1138510347436897792,K,4146.011,0.09515302,0.6052451,0.59786558,-1.2192619
5800305611898962816,K,4984.218,0.31446826,0.75166905,0.75205138,0.050863831
2019178651191163904,K,5272.271,0.8114823,1.0776339,1.0796854,0.19037245
170806249457965568,K,5179.9624,0.5297175,0.9018562,0.90369547,0.20394301
5985566792850272128,K,4459.3345,0.20338812,0.75577956,0.75557199,-0.027464101
5322457411767083776,K,5119.9497,0.7214852,1.0823019,1.0795319,-0.25593476
3005153333856867968,K,4782.6533,0.28158417,0.7674221,0.77289319,0.71291778
4573148311970259712,K,4500.188,0.24091886,0.8069437,0.80747158,0.06541729
6041159440735240832,K,4806.648,0.24933878,0.7200331,0.7200513,0.002527428
2508862097501751040,K,4521.753,0.17478539,0.6813308,0.68122732,-0.015188518
2082801066871117312,K,5104.2817,0.50474197,0.90873,0.90848676,-0.026767396
4867991906964690944,K,4279.0693,0.12857151,0.6471803,0.65241944,0.80953329
2165823197018982144,K,4849.464,0.690602,1.1793851,1.1772795,-0.17853011
2928528093648619264,K,5190.455,0.76199573,1.0768304,1.0794899,0.24697161
180620696403080704,K,5214.592,0.38917568,0.81270397,0.7643378,-5.9512651
191174977238900096,K,5036.8047,0.39346215,0.8240364,0.82374809,-0.034988123
5145073196554751616,K,4574.4727,0.18196523,0.6791114,0.67914934,0.0055874099
4765816799656489984,K,5177.7764,0.5163061,0.8901581,0.89293574,0.31203883
2848144172921171072,K,4336.5664,0.16822456,0.72407323,0.72661751,0.35138459
4057289376455109504,K,4635.1094,0.25959656,0.78746724,0.79010107,0.3344684
6110893801062098816,K,4140.298,0.05924839,0.4745759,0.47307308,-0.31666576
6258454721141096064,K,5128.772,0.7333506,1.0843445,1.0846315,0.02646479
1407245867032211456,K,5226.626,0.50850713,0.86804277,0.8696787,0.18846228
193585725200649600,K,4404.439,0.17903431,0.72601485,0.72667479,0.090899296
294506839495246336,K,4804.5957,0.26934665,0.7497415,0.74902317,-0.095810054
4075901149038003968,K,4923.518,0.4765679,0.96490335,0.94877776,-1.6712134
393684609391657088,K,4571.312,0.19150123,0.6970908,0.69768152,0.084740243
5933903627734024832,K,5065.3105,1.0103847,1.3084817,1.305222,-0.24911823
5522727884188912768,K,4923.664,0.3642049,0.8385858,0.82937175,-1.0987609
2038238616520031744,K,5186.7466,2.6004958,1.9917797,1.9970603,0.26511946
6769023184699817600,K,4492.891,0.20120974,0.73907804,0.74033093,0.16952109
6770747974846983040,K,5151.7617,0.45709923,0.84561163,0.84868568,0.36352959
5249172006843162240,K,5281.066,0.4750532,0.8245171,0.82334356,-0.14233019
3985776074990359680,K,4192.8975,0.1292208,0.69348043,0.68122548,-1.7671663
1993850335662460416,K,4300.0444,0.11935343,0.62112695,0.62247904,0.21768352
3903374103759650816,K,4197.969,0.1171148,0.6492006,0.64696472,-0.34440546
6830390089735775616,K,4130.0186,0.11235443,0.65245825,0.65470287,0.34402541
425111709734745472,K,4466.312,0.17288312,0.69744027,0.69443458,-0.43095977
4526562244823536384,K,5218.2886,0.7569228,1.068111,1.0644439,-0.3433284
4726738640280179200,K,4997.0127,0.32259017,0.7612938,0.75780562,-0.45819164
5792404177719686144,K,4462.675,0.14651957,0.63413614,0.64033974,0.97827652
484679263991882368,K,4108.957,0.22531869,0.9400166,0.93667424,-0.35556389
5711328835989580032,K,5106.2124,0.21304363,0.5907449,0.58977952,-0.16341786
2388521408834988544,K,5273.629,0.7272908,1.0204332,1.0216169,0.11599778
1823532754729083392,G,5676.5674,2.167652,1.5301456,1.5222162,-0.51821116
2926952665283004416,G,5787.115,1.4806439,1.2090875,1.2104706,0.11439222
5571765557325147776,G,5935.7964,1.3143139,1.085765,1.0840385,-0.15900941
6093163317072732160,G,5312.123,0.56433344,0.88449883,0.88692074,0.27381678
2115564348706678144,G,5316.394,0.61696166,0.92590165,0.92586556,-0.0038975896
1805324945228250112,G,5695.8804,1.2035681,1.2539364,1.1265923,-10.155548
4538304273096214016,G,5709.289,1.2257888,1.1401938,1.1316104,-0.75280169
6638077672020816000,G,5898.223,1.7531302,1.2700332,1.267996,-0.16040842
2048719504952281728,G,5877.843,1.1188021,1.0065074,1.0199851,1.3390577
6726015821780357760,G,5424.0356,1.2900486,1.2948115,1.2862078,-0.6644762
6632405325891680512,G,5353.878,0.710223,1.0073122,0.97952063,-2.7589831
2239692854931637888,G,5984.664,1.9242829,1.2902379,1.2903516,0.0088149195
5251540423619948032,G,5314.7017,2.0629146,1.6922542,1.6940881,0.1083717
4572107967812339840,G,5404.6084,1.7497547,1.5113692,1.5087361,-0.17421963
4191750096486498560,G,5377.5757,1.2763987,1.3197907,1.3015872,-1.379271
703532655452238592,G,5651.3994,1.279655,1.1798747,1.1800152,0.011909408
1820334893877862912,G,5799.7354,3.7301345,1.914534,1.9129299,-0.08378754
4570380291447830528,G,5444.3696,0.9031733,1.069958,1.0681777,-0.16639011
4522101697950855040,G,5947.9077,2.0319407,1.3400337,1.3423947,0.17619093
2649310513083146368,G,5777.1543,2.6961122,1.6631935,1.6390576,-1.45118
3170417177120474496,G,5747.2104,3.1188154,1.7869352,1.7812866,-0.31610503
6872010968540356480,G,5912.627,1.2170972,1.0678711,1.0513682,-1.5454039
5885076618356567040,G,5668.53,1.3911458,1.2214234,1.2229215,0.1226534
4539479818524675712,G,5431.7266,2.605186,1.8245957,1.8226225,-0.10814514
421860694368385280,G,5331.08,1.0739752,1.2180516,1.2148423,-0.26348219
286684600242041088,G,5506.8486,0.8142403,1.0025835,0.99134127,-1.1213265
4204466253400093440,G,5399.318,0.569296,0.8667991,0.86227226,-0.52224807
2214546508611118848,G,5531.734,0.65664876,0.8808472,0.88226114,0.16051991
2247641568087027328,G,5747.3525,3.2465613,1.8162117,1.8173112,0.060536425
920236570401536384,G,5590.5605,1.2173885,1.1759983,1.1761347,0.011596723
6511439736661927296,G,5902.353,2.0522418,1.3693929,1.369989,0.043527017
3344142767387210496,G,5955.6943,2.7476304,1.5545777,1.5569244,0.15095346
2322835003644050944,G,5344.842,0.86009115,1.080069,1.0815726,0.13920892
579798805181537152,G,5466.109,0.73268825,0.95848554,0.95445663,-0.42034129
4492781639843100416,G,5751.9956,1.448699,1.2098341,1.2120071,0.17960835
2453233337486703104,G,5625.5654,0.7984152,0.9422344,0.94066547,-0.16651143
5643305212677288576,G,5528.209,2.6395974,1.7731864,1.7711408,-0.1153602
5863251759235046272,G,5752.962,0.85129875,0.9308916,0.92877635,-0.22722844
427921339899825024,G,5863.276,1.2331923,1.5402712,1.0761874,-30.130008
4610559366904338944,G,5660.662,1.9205195,1.4497111,1.4408809,-0.6091031
4290464559679270144,G,5503.2554,2.5440283,1.773894,1.7545865,-1.0884225
2978203204348846208,G,5457.078,0.7818166,0.9887083,0.98920267,0.050002051
1319389837091894400,G,5609.076,1.1467152,1.1393583,1.1339615,-0.47367318
2240887336876751616,G,5595.363,2.3708858,1.6330028,1.6385207,0.33790197
5237080196456380416,G,5865.549,1.2418213,1.0783565,1.0791092,0.06979691
6834448696391488896,G,5725.2646,1.4510148,1.2230839,1.2243285,0.10175847
3047432339089953920,G,5713.779,0.7996739,0.92478937,0.91256277,-1.3220961
5357304199442586368,G,5958.8765,2.2304049,1.4029254,1.401252,-0.11927899
5335983633870829056,G,5696.2056,1.9573634,1.4508672,1.4365395,-0.98752491
1753436448890582144,G,5784.79,1.5742797,1.2433902,1.2491624,0.46423299
1867853003272310016,G,5891.314,2.5731902,1.5631171,1.5398016,-1.4916035
1601886603701234048,G,5697.8447,1.7672875,1.362719,1.3642236,0.11040921
2072073711733161856,G,5601.2207,0.8623904,0.9907674,0.98614266,-0.46678346
5850593288037357056,G,5900.8823,2.3869398,1.5035185,1.4782231,-1.6824125
6658829098567624192,G,5531.6763,0.8384158,0.9973945,0.9969408,-0.045488233
5230859400160619776,G,5830.2925,2.2511287,1.464679,1.4705258,0.39918366
1065806927756209920,G,5878.6978,1.0284418,0.9773463,0.97764402,0.030462477
4855992970930277760,G,5532.1953,0.61214185,0.85175216,0.85169518,-0.0066896125
5394579017992211968,G,5653.519,1.2694838,1.166017,1.1744351,0.7219553
4756189475863434752,G,5479.1567,0.68139344,0.91473955,0.91606163,0.14453075
5413662107449381120,G,5861.0586,2.6234236,1.5936735,1.5708519,-1.4320117
882698968550616704,G,5781.59,1.0200697,1.0083848,1.0066384,-0.1731855
3362728426607747712,G,5590.981,1.1973541,1.1695479,1.1662413,-0.28272143
5132880853848437760,G,5613.5586,0.8432841,0.97312564,0.97087562,-0.23121576
5611576536917584640,G,5827.9434,1.1056905,1.0331473,1.0314289,-0.16632593
5404897659756989312,G,5671.272,0.8367889,0.9665743,0.94754569,-1.9686646
5568376278372792832,G,5697.0845,2.9311435,1.7616962,1.7573828,-0.24484182
270360533362042112,G,5741.0615,1.7220606,1.327759,1.3264564,-0.098105569
5253736144021062144,G,5690.9204,1.33825,1.1907096,1.1900269,-0.057338736
2148860103416113536,G,5645.003,1.4792285,1.3429614,1.2715763,-5.3154958
6197750581091002112,G,5369.841,0.5714215,0.87976813,0.87339077,-0.72489139
5411339041237201408,G,5429.3745,1.5919002,1.4454029,1.4259736,-1.3442142
5199379759477686528,G,5356.5854,1.2565389,1.299692,1.3015626,0.143927
2274332075410727552,G,5382.6587,0.9265196,1.1287731,1.1068449,-1.9426553
5412739514116942592,G,5756.333,1.048763,1.0348215,1.0296746,-0.49736611
2365959189715483520,G,5658.518,0.8253717,0.94660336,0.94530628,-0.13702436
2001468886099101952,G,5702.3228,1.6277305,1.3152958,1.3071963,-0.61579196
5792566836721445760,G,5729.041,1.8366306,1.3773695,1.3756255,-0.12662037
1365202603970900352,G,5550.6123,1.8017386,1.4537297,1.4515008,-0.15332624
3821882730019305728,G,5694.3267,1.3960916,1.2141713,1.2140186,-0.012572622
3467906819863169664,G,5515.5137,1.7220542,1.4377335,1.4371584,-0.040001363
6720520187760539648,G,5554.7334,2.4781249,1.7073828,1.6997628,-0.44629784
355732629094490368,G,5302.255,0.6086367,0.92934346,0.92450871,-0.52023257
5672029885222279936,G,5991.3174,1.5557044,1.1574479,1.1576361,0.016256244
1963263468368804096,G,5836.4023,3.9191551,1.9536769,1.9362389,-0.89257215
6849651162635414016,G,5590.3306,1.6660764,1.3756226,1.3760228,0.029093073
4042018598723871488,G,5732.508,1.4043878,1.201665,1.2014545,-0.01751332
5490809684404178688,G,5834.7207,1.2641785,1.1015906,1.1003155,-0.11575393
4532236961778181888,G,5807.911,1.0346978,1.004386,1.0046621,0.027489254
3057528398450504832,G,5512.181,2.182642,1.6258571,1.6199346,-0.36427085
5803426816145396608,G,5835.342,1.086277,1.0187223,1.0197432,0.10021519
4441585526593865472,G,5436.431,0.85710746,1.0490508,1.0436215,-0.5175394
6346071710376592768,G,5383.049,0.60582066,0.8919825,0.89488769,0.32570048
5566136435749996416,G,5769.8423,2.724689,1.6329967,1.6519,1.1575812
5634478024085105920,G,5666.5166,0.78504246,0.9243677,0.91932147,-0.54591139
894820362693238784,G,5741.7046,0.88406354,0.9523522,0.95019603,-0.22640488
1313787790987934976,G,5777.383,1.2398231,1.1137909,1.1114008,-0.2145916
2112571890373328640,G,5673.704,2.4722211,1.6676595,1.6272844,-2.4210627
6140252238987252352,G,5821.1133,0.9348761,0.9527185,0.95064438,-0.21770549
664186494413607680,G,5346.802,0.5012832,0.83422184,0.8250999,-1.0934675
4463594175969472640,G,5970.3467,1.7388202,1.2256241,1.2324843,0.55973129
3298478812532067456,G,5980.4766,4.195854,1.9045255,1.9080588,0.18552125
5878710411676456192,G,5423.473,1.2367274,1.2562385,1.2596074,0.26816991
521506787488039040,G,5734.7993,3.204097,1.861861,1.8132995,-2.6082238
2072497268555329664,G,5642.97,2.393019,1.621397,1.6184927,-0.17912181
1925811559701043328,G,5878.3525,2.2040079,1.4287007,1.4313587,0.18604353
3427736089526480000,G,5726.343,3.347694,1.8655043,1.8589655,-0.35051302
3027053097230140416,G,5679.2383,0.77842516,0.9096565,0.91134205,0.18529517
5205897153310727296,G,5840.8193,1.5298433,1.2098305,1.2078948,-0.1600016
4465462624181626880,G,5753.6475,2.3657732,1.5931932,1.5479368,-2.8406125
1672022384557210624,G,5889.4062,1.1402742,1.0255637,1.0256869,0.012008921
6177123876091495808,G,5489.4204,0.5749301,0.8378924,0.83831589,0.050542766
5838820988803680896,G,5897.715,3.29976,1.7508461,1.73991,-0.62462039
5958893121803793152,G,5564.6714,0.8552487,1.0000049,0.99499369,-0.50111902
1864709155932635648,G,5344.302,0.7057305,0.9786894,0.97992,0.12573948
3209986852553921792,G,5406.5195,0.65592283,0.92136174,0.92308987,0.18756305
4537453629054321536,G,5431.9326,1.8230171,1.5121065,1.5245434,0.82248716
5205542595170295936,G,5796.807,1.1528335,1.0798213,1.0645321,-1.4158985
3810054772339129088,G,5306.582,0.58470666,0.9036144,0.90467465,0.11733457
2052483923523399040,G,5420.431,1.1623065,1.2194054,1.2224915,0.25308356
5434456655465592192,G,5804.934,1.3489094,1.148182,1.1482858,0.0090368092
6638475798307780480,G,5578.7754,2.6874025,1.7542852,1.7548571,0.032601963
999428139477943168,G,5676.103,0.97313386,1.0220064,1.020091,-0.18741529
6401971431287861120,G,5985.0186,2.01851,1.3187133,1.32141,0.20449839
614215370261136896,G,5552.3374,1.5346775,1.3395244,1.3387825,-0.055385601
5209536639875708544,G,5750.092,2.9140043,1.684447,1.7200801,2.1154176
2278651403760980352,G,5364.4604,1.3982445,1.3741962,1.3689659,-0.38060726
2616450164978066688,G,5883.754,2.4382942,1.4977577,1.5027516,0.33342544
3033311139460882304,G,5829.5625,3.126812,1.7780569,1.733533,-2.5040747
5970122915048659200,G,5983.6816,3.5422125,1.7793121,1.7512716,-1.5759159
5251152605250094720,G,5892.9346,2.063151,1.3769258,1.3780197,0.079444953
6181900674294582400,G,5964.247,4.4698396,1.9806154,1.9801035,-0.025846132
3061985062674785536,G,5803.14,2.0585206,1.4219571,1.4193996,-0.17985887
2256953813099023744,G,5748.517,0.8704073,0.94515055,0.94059525,-0.4819651
1996568087891295360,G,5859.3438,1.6555885,1.248841,1.2486232,-0.017440419
1143470381829512832,G,5381.698,0.5172077,0.82679915,0.82726949,0.056886331
6138039815434145280,G,5303.2505,0.43056002,0.7778634,0.77729474,-0.073105568
4370577927504985088,G,5497.7295,1.8012024,1.5002843,1.4793389,-1.396094
2083305399114462976,G,5730.824,1.5933222,1.2822771,1.2804742,-0.1406037
2799403647095228416,G,5773.312,1.1912175,1.0913587,1.0909344,-0.038878008
1303156063304022272,G,5670.7456,1.1446043,1.1056669,1.1084102,0.24811381
1868296278257856640,G,5916.5107,3.8874626,1.8713776,1.8765276,0.27520015
4190901960704780160,G,5575.3433,0.50024056,0.7635885,0.75805267,-0.72497513
3107960282400457984,G,5331.335,0.50398916,0.82817644,0.83213121,0.47752798
3856567137850620544,G,5898.8223,1.8202918,1.2916789,1.2917933,0.0088596206
5600497960838492544,G,5514.542,1.0405668,1.051349,1.1175559,6.2973261
6189605124068918528,G,5768.1797,2.0313623,1.4331502,1.4271489,-0.41874788
4207242215324564608,G,5658.6177,1.019379,1.0512874,1.0505103,-0.073923534
5783966078806799872,G,5690.792,2.4924605,1.6592634,1.6241341,-2.1171638
4692997205404748800,G,5993.1333,2.9459324,1.5922962,1.5920499,-0.015468539
5231405891800543872,G,5826.2095,3.0201402,1.7145599,1.7056681,-0.51860729
1446414010265963648,G,5402.4907,0.69165653,0.9491529,0.94931501,0.017078979
6352970733523265536,G,5660.2734,1.6325004,1.336363,1.3286329,-0.57844563
6268067059805474688,G,5634.408,1.2210352,1.148735,1.1596333,0.94871971
2240769517333923584,G,5863.5205,1.3674752,1.1333734,1.1331724,-0.017733183
4830941629283607936,G,5419.7915,0.68713987,0.9396656,0.94017906,0.054643273
6761415560697074944,G,5773.873,0.9447919,0.97257036,0.9713747,-0.12293826
5737052593411118208,G,5800.4805,2.8032496,1.6572213,1.6578915,0.040440757
4036710504495504640,G,5789.7974,1.085944,1.0778555,1.0356909,-3.9119013
5318045174685533568,G,5783.965,1.5932865,1.2566803,1.2570391,0.028551396
6056830225911551232,G,5940.6895,2.351514,1.4657995,1.4476155,-1.2405487
2026725802068848896,G,5317.9614,0.72343683,1.0115416,1.0019894,-0.94432566
1069579695748718976,G,5481.702,1.0072653,1.1142279,1.1127414,-0.13340939
6110694682076610048,G,5837.0303,3.2858255,1.7725118,1.7725215,0.0005475974
3307574900429279232,G,5488.4233,0.7180836,0.9404366,0.93722846,-0.34113345
2168381416981801856,G,5835.589,2.9704344,1.6852771,1.6861405,0.051229579
232623988625707776,G,5926.0283,1.21097,1.0434465,1.0439806,0.051182077
4576852841529281664,G,5752.5166,0.9688801,0.9852326,0.99099718,0.58509816
5249490178021313408,G,5300.1597,0.74736035,1.0212083,1.0252748,0.3982032
6580281293548537344,G,5665.481,1.1546443,1.1171374,1.1153308,-0.16171723
1547714318637291136,G,5361.134,0.77397156,1.019648,1.0197702,0.011989265
2250726243660573696,G,5602.5767,1.8765045,1.4741552,1.4539596,-1.3699767
5854828366280393728,G,5785.8066,3.7101977,1.92144,1.9170077,-0.23067494
5598539764983254656,G,5816.3506,2.3037777,1.5048728,1.4947628,-0.67181519
5931793802387827840,G,5311.9424,0.383729,0.73582363,0.7314064,-0.60031066
1872815820808096384,G,5644.0205,0.92484045,1.0849407,1.0057948,-7.2949478
3217216244585177600,G,5928.404,1.754158,1.2554035,1.2554862,0.0065848556
4676120908805683072,G,5922.051,1.0757304,0.99936116,0.98528211,-1.4088054
5223128287223256320,G,5668.744,0.94145036,1.0123111,1.0059541,-0.6279646
5266173995654450944,G,5301.827,1.011079,1.1913872,1.1917759,0.032626319
6755364089185766784,G,5313.5874,0.9284417,1.135917,1.1369852,0.094041215
5687672877668523136,G,5673.0874,1.5324663,1.2817128,1.2814736,-0.018659089
5749454470393380608,G,5504.754,1.7461365,1.4552836,1.4528354,-0.16822576
44214493586113664,G,5712.5776,1.6923729,1.3281804,1.3281189,-0.0046281368
182083321746379648,G,5665.151,0.82769656,0.94598174,0.94442126,-0.16495861
1943399966173527296,G,5607.5063,1.0425779,1.0822517,1.0818521,-0.036926368
6096351728991117568,G,5335.478,1.5555232,1.4580097,1.4596366,0.11158261
6247648789580873856,G,5360.4272,1.5536866,1.4471171,1.445227,-0.13061142
2916442949023646464,G,5975.8423,2.9909556,1.6128527,1.6134663,0.038041823
6028661223445168000,G,5485.0796,1.0848166,1.0185595,1.1533615,13.234574
6402360280447029120,G,5384.745,0.7136334,0.97324425,0.97064509,-0.26706154
4487506659791966208,G,5416.6235,1.2968556,1.3154726,1.2931285,-1.6985631
1025634037052292992,G,5824.0864,1.5661789,1.2279029,1.2291878,0.10463858
2533250811594311808,G,5704.793,3.525438,1.96192,1.9221174,-2.0287552
6469215535217883776,G,5367.486,0.8350104,1.0556693,1.0567135,0.098915104
3769977569210958336,G,5309.8486,2.531984,1.8767151,1.8802663,0.18922441
1006681583327057664,G,5335.2993,0.660074,0.9621431,0.95089354,-1.1692185
6583245130221222912,G,5723.4077,0.99354404,1.0422206,1.0137651,-2.7302718
4833931373198448768,G,5746.545,0.7725468,0.89675653,0.88675151,-1.1156898
5298680026145601664,G,5989.4595,4.3295226,1.945437,1.9324039,-0.6699327
598043035981117568,G,5703.033,3.155577,1.8500056,1.8196203,-1.6424415
1592690769482779136,G,5587.2744,1.1124485,1.124872,1.1256234,0.066799598
5803126305872814208,G,5309.394,0.48968023,0.8262575,0.82702671,0.093095853
5694688208538093568,G,5609.258,0.99061453,1.0535289,1.0538885,0.034135254
1809175915988235648,G,5342.835,0.6812166,0.93278855,0.96327934,3.2687787
3153787342928313856,G,5642.1274,1.8887917,1.4178503,1.4383329,1.4446242
4763125195191732992,G,5732.124,0.58957857,0.8318176,0.77856137,-6.4023926
1589762907457297280,G,5425.385,0.5478352,0.83710945,0.83775495,0.077110668
6464279724441379456,G,5639.2104,1.169107,1.135108,1.1327751,-0.20552224
4317713442803773824,G,5686.8667,0.9811522,1.0225194,1.0204113,-0.20616827
5911454795652575616,G,5805.9824,1.3151225,1.1295347,1.1334042,0.34257867
1979747862099808512,G,5452.8647,1.0547636,1.151469,1.1507508,-0.06237281
5387236067025695872,G,5357.4263,2.5497212,1.8549347,1.8534766,-0.078608791
5683602004586212352,G,5362.9116,0.66742265,0.9423331,0.94635124,0.42640319
391621405882588544,G,5686.991,0.79691267,0.9312526,0.91958832,-1.252537
2591593784781907072,G,5322.711,1.2192994,1.3017089,1.2985018,-0.2463734
2129477122171165952,G,5347.1953,0.77829754,1.0263686,1.0279545,0.15451673
678291201375434112,G,5605.564,0.7364507,0.9110962,0.90988472,-0.13296997
4053536399682720000,G,5540.4653,1.0344293,1.0911262,1.1038526,1.1663555
5933798688692694528,G,5647.6064,2.319063,1.6006017,1.5906718,-0.62038337
2052043912713755776,G,5832.3154,2.095554,1.4622701,1.4178183,-3.0399154
882403303001938304,G,5970.7397,1.8025904,1.2560419,1.2547159,-0.10556741
6811961274126186112,G,5572.892,0.40669307,0.7803182,0.68410898,-12.329485
5793383567704135552,G,5381.388,1.0883155,1.1984172,1.2001678,0.14607268
5965497132194398080,G,5536.9595,0.62058586,0.86126584,0.85607419,-0.60279263
4602060623057206144,G,5962.492,1.0288349,1.0786238,0.95053998,-11.874745
3354160486546635776,G,5882.3267,1.2703155,1.0852164,1.0852022,-0.0013058438
2584343635172950144,G,5500.8633,1.4372629,1.3275131,1.3199563,-0.56924253
2071736234711054976,G,5852.136,1.8035636,1.3057618,1.3064418,0.052077747
2712905681518514048,G,5736.629,1.3609213,1.3822376,1.181017,-14.557601
6076483279013266816,G,5878.5464,1.3673764,1.1292131,1.1273462,-0.16532875
2041798457202591360,G,5427.011,0.66644853,0.9241643,0.92345357,-0.07690521
3509507151537016832,G,5859.723,2.4281592,1.5098712,1.5119505,0.13771222
4479705663467872640,G,5701.8813,0.9507624,0.9968754,0.9992009,0.23327875
1957139394754430080,G,5453.751,1.5831643,1.3976861,1.4093717,0.83606685
6220708246435532544,G,5431.2285,0.8799245,1.0663377,1.0594482,-0.64609234
3241260910320293120,G,5982.8047,3.1815922,1.6625813,1.6602205,-0.14199766
6471930882261978624,G,5339.3047,0.81096214,1.0523968,1.0524078,0.0010409031
1966309867190108672,G,5619.657,0.6444418,0.8540089,0.84688686,-0.83395394
4169716433223461504,G,5311.3823,1.4769267,1.4685543,1.4352168,-2.2700901
5978227174873905536,G,5373.4,1.1179402,1.2301137,1.220012,-0.8211998
3522418338624965888,G,5379.2617,0.55072176,0.8559572,0.85442497,-0.17900754
1106741642582268544,G,5614.4307,3.1270432,1.8887374,1.8689972,-1.0451534
5945546764277886720,G,5345.9067,0.5772229,0.8881738,0.88569091,-0.27955007
6806349852112918528,G,5345.769,0.59674644,0.89594257,0.90059121,0.51885447
1132108131746335744,G,5776.7676,0.8630279,0.9246136,0.92746128,0.30798569
5630495970925598464,G,5872.521,1.4070548,1.1459002,1.1459337,0.0029277143
4709418175342616192,G,5675.863,1.7793432,1.3780687,1.3794921,0.1032886
1970312093829431936,G,5764.995,1.903207,1.3893163,1.382924,-0.4601062
6281340815148512000,G,5316.3647,0.6021067,0.9134756,0.91466142,0.1298137
5549568616583444480,G,5526.8833,0.7264417,0.93369824,0.92959324,-0.43965002
3051524583929052288,G,5726.1353,0.9503683,0.9944883,0.9905489,-0.39612316
1980691861548163328,G,5497.542,1.8804519,1.5735265,1.5116358,-3.9332492
2207576807483344256,G,5516.328,2.344887,1.6815953,1.6765401,-0.30061651
1987442278818339968,G,5501.404,2.6093354,1.7993306,1.7781608,-1.1765366
2259825874907761408,G,5688.5747,1.3843803,1.1980739,1.211362,1.1091194
410361585147685248,G,5623.24,1.1127218,1.06814,1.1114072,4.0507083
5801805998566931584,G,5718.1094,0.82170206,0.98621535,0.92364573,-6.3444172
1742292073905005824,G,5463.61,0.9175513,1.0774789,1.0690769,-0.77978093
6140232585217134592,G,5556.3135,1.8819274,1.487825,1.4804069,-0.49858465
6772561069522793088,G,5595.685,0.90417063,1.0302154,1.0117468,-1.7926926
2436647445099739264,G,5405.0327,0.6450739,0.9158858,0.91592781,0.0045866038
2798908042229192704,G,5418.292,0.83304137,1.041285,1.035766,-0.53002217
4621688829758186624,G,5383.0933,2.0443509,1.6528723,1.6438685,-0.54473794
5590703957924629760,G,5740.992,0.85585684,0.91337013,0.9351469,2.3842223
3326269037646272640,G,5527.308,0.67159504,0.8926443,0.89367492,0.11545687
4756162194229972480,G,5603.1855,0.7892877,0.94298,0.9427593,-0.023404061
4455511562914767616,G,5371.223,0.53948313,0.8492563,0.84819504,-0.12496358
6561197997938929664,G,5468.267,1.1087887,1.1739529,1.1732164,-0.062734981
1804339748446407552,G,5459.691,1.3495504,1.3150231,1.2984092,-1.2633915
2835701755744344576,G,5529.4385,1.0231419,1.1004521,1.1021965,0.15851766
3425750925580246784,G,5931.5454,2.2951133,1.4422008,1.4345626,-0.52962026
3141920309630392320,G,5427.816,0.48248002,0.79359025,0.7854935,-1.0202687
1564365391446620800,G,5753.9854,2.2531843,1.5318274,1.5104766,-1.393811
5544598343002434944,G,5603.7363,0.88850904,1.0008403,1.0000661,-0.077354966
5032977921679494656,G,5663.643,1.3095602,1.1884544,1.1885683,0.0095863565
5911086012578629376,G,5310.5513,0.96692246,1.1545665,1.1616352,0.61223948
707325798768593024,G,5955.3477,3.0209155,1.632544,1.6327068,0.0099728211
2254474620536886912,G,5458.429,0.85370404,1.0276823,1.0331693,0.53392103
4045443577439731712,G,5669.0586,2.4766452,1.6475698,1.6314102,-0.980816
2230092671015941504,G,5788.485,2.5508692,1.5815215,1.5880619,0.41355227
1973103616401639296,G,5812.2554,3.742822,1.9555902,1.9079341,-2.4369169
6359217780636106880,G,5808.332,3.636075,1.9115807,1.8830711,-1.4914162
3518752085821874176,G,5731.397,1.17839,1.127133,1.1009731,-2.3209256
2019893265004021760,G,5383.0103,1.4484053,1.383549,1.3837186,0.012261354
5574938026328941184,G,5361.7515,0.67335594,0.94882184,0.95095977,0.22532473
885230319195772160,G,5921.846,1.3226529,1.101436,1.0926017,-0.80206773
2887260604750703872,G,5536.382,0.68307686,0.8986995,0.89832989,-0.041126876
3157334848475204352,G,5804.389,3.4778194,1.8451247,1.844139,-0.053421746
5808152070448586240,G,5640.263,1.4204571,1.1996862,1.248155,4.0401209
3084582053849627776,G,5792.2007,1.1575058,1.0933146,1.0683844,-2.2802387
3844912104142945408,G,5481.275,1.5593554,1.3938507,1.3847218,-0.65494042
534704431715681408,G,5778.1694,1.1158082,1.0530053,1.054065,0.10063629
1869294218199515904,G,5815.0703,1.08694,1.0244935,1.0271787,0.26210085
6053714523525240448,G,5597.8174,0.662537,0.86862963,0.86540774,-0.37091672
1787951080955343744,G,5607.9033,0.68135124,0.879106,0.87445538,-0.52901706
5553182848742827136,G,5960.5156,2.07473,1.3502556,1.350723,0.034615962
417644548314306432,G,5545.2734,1.0369313,1.1020627,1.1032711,0.10964536
3268094461532242560,G,5707.7754,1.3676364,1.1962569,1.1959272,-0.027562769
6773973186043581696,G,5634.3833,1.0558608,1.1002746,1.0783599,-1.9917509
4129360886164665216,G,5356.653,0.7685057,1.0160731,1.0178638,0.17623969
107316870357261312,G,5844.1646,0.89276075,0.92099446,0.9216708,0.073435364
2225280525236328320,G,5353.822,0.7295304,0.9840321,0.99276624,0.8875873
6657536931889972480,G,5443.025,0.83425415,1.0271465,1.0271212,-0.0024637348
6158074978875496320,G,5425.9897,1.1771654,1.1828912,1.2277614,3.7932651
5843121110070732544,G,5846.0063,3.1326838,1.751013,1.7254123,-1.4620522
6561871277011340672,G,5574.786,0.8741346,1.0016345,1.0022727,0.063719006
4202496723168529664,G,5305.819,0.45611227,0.80572736,0.79925282,-0.80356459
189673314934676480,G,5501.461,1.0187336,1.1137202,1.1110341,-0.24118029
5231755364705103488,G,5521.9185,0.6301225,0.86940277,0.8673326,-0.23811418
2243965110442213376,G,5455.4697,0.8488016,1.0324303,1.0313165,-0.10788286
2214300699041848960,G,5887.0044,1.0083323,0.9864333,0.96530883,-2.1414999
2232889111339221888,G,5930.767,3.3977714,1.7552878,1.7459368,-0.53273421
6142614196121901312,G,5812.715,1.3082255,1.144041,1.1278112,-1.4186373
2127077334965374848,G,5936.0146,2.146277,1.3853917,1.3851797,-0.015300805
664968659497052160,G,5786.9595,1.4079659,1.1830595,1.180452,-0.22040061
5901793043400230656,G,5744.315,2.2006807,1.500182,1.4978047,-0.15846865
2094132393183967872,G,5357.9204,1.3282726,1.341327,1.3375322,-0.28291218
5823308322854471168,G,5575.582,0.9024063,1.0184511,1.018061,-0.038302183
5547024071814571264,G,5637.7124,1.8825257,1.4799298,1.438195,-2.8200507
2709171847404484608,G,5735.2524,1.2489023,1.1317854,1.1319111,0.011107296
5955084310419449856,G,5678.0474,0.82960165,0.9401598,0.94121738,0.11248918
2147613806986327296,G,5527.493,0.9510051,1.0628996,1.0633792,0.045126504
1752758737408963840,G,5338.3843,0.5730854,0.88209784,0.88499978,0.32898192
3560231677376439680,G,5451.3174,0.69085014,0.92999166,0.93184171,0.19893218
3486173659370487040,G,5758.296,0.8964177,0.9518162,0.95130636,-0.053564742
5985294182697339904,G,5416.487,1.6373222,1.4595306,1.4530643,-0.44304132
2121900696778406656,G,5905.231,2.260341,1.4371748,1.4363701,-0.05599083
5657546843184720896,G,5704.862,2.0618906,1.4474299,1.4699267,1.5542595
1919164462151762432,G,5534.799,2.0366936,1.5587614,1.5520736,-0.42904789
1939549064139773824,G,5948.46,1.6702148,1.2190582,1.2168309,-0.18270569
195695310057611136,G,5809.786,1.1678938,1.0999005,1.066681,-3.0202263
5535488854801236992,G,5802.605,2.1127963,1.4305205,1.4382552,0.5406927
4108739850513763072,G,5895.0215,1.6170717,1.219519,1.2191216,-0.032589736
5857024331541947904,G,5604.2627,3.484262,1.9856347,1.9800292,-0.28230295
6506058073921263360,G,5884.455,2.4425328,1.5047358,1.5036989,-0.068911639
2405277622444907904,G,5966.5,1.2033758,1.0275248,1.0266313,-0.086954975
4054137695107036800,G,5405.214,0.8534036,1.1308029,1.0534274,-6.8425276
5816296634122947840,G,5584.5576,0.8363035,0.9820618,0.97691678,-0.52389996
970987274065613568,G,5655.9526,0.9681902,1.0288347,1.0247596,-0.39609251
6704382994880575744,G,5314.133,0.6935114,0.9791898,0.98246056,0.33402693
1735158511183547648,G,5718.797,1.9100373,1.4258829,1.407877,-1.2627873
6036103267802451328,G,5577.5474,0.6018408,0.8675969,0.83082094,-4.2388302
4041663490828519424,G,5527.0835,1.6495245,1.3593019,1.4006851,3.0444417
4214069735867536512,G,5526.8164,0.9238952,1.0487766,1.0483697,-0.038802064
2077225615206614528,G,5940.2036,3.4669669,1.7583597,1.7580262,-0.018965585
6212171015386234368,G,5723.5645,0.7526068,0.8884523,0.88227519,-0.69526628
3860929244075306496,G,5628.806,0.9252064,1.0106845,1.0114395,0.074702621
489824806611862016,G,5600.249,0.6846069,0.8809424,0.87893978,-0.22732659
4185722642471414144,G,5941.8867,2.6713293,1.5415525,1.5422975,0.048324968
2137509088971385984,G,5551.231,1.0905495,1.1284902,1.1290086,0.045938126
417241474217512320,G,5515.8438,1.0175784,1.1066878,1.1046207,-0.18678142
215393640688799232,G,5663.043,0.9510519,1.0158354,1.0131075,-0.26853286
542612909616151040,G,5542.744,0.6674963,0.9060088,0.88598823,-2.2097548
323438254597620992,G,5882.3784,2.7231238,1.5855149,1.5888428,0.20989559
5342191961882404608,G,5775.6133,3.9743843,1.9883882,1.9910945,0.13610563
5268203900273600000,G,5773.971,2.1367164,1.462072,1.4607551,-0.090072017
3165123342166017024,G,5780.184,1.1156821,1.0529354,1.0532709,0.031858922
2641015488125155968,G,5368.883,0.47491637,0.8062023,0.7965148,-1.2016212
5357585193379255168,G,5773.768,2.9078817,1.7027378,1.7042091,0.086405522
2271297595117519616,G,5612.5386,1.4293884,1.2677214,1.2644731,-0.25622883
492738856022796160,G,5757.4736,1.0197108,1.0108184,1.0149105,0.40483368
261422465898731136,G,5836.092,1.6628381,1.2587146,1.261345,0.20897401
2010528690103529216,G,5962.489,2.1137075,1.3943434,1.3624495,-2.2873756
2106403252186425600,G,5441.4443,0.5820419,0.8642621,0.85842412,-0.67548771
2927381234301880832,G,5916.7573,1.6240988,1.207894,1.2128075,0.40678217
5435374438436981248,G,5720.009,2.410257,1.5900165,1.5808527,-0.57633187
6217278526075261440,G,5762.587,1.5136533,1.2374907,1.2343303,-0.25539087
4224643910974307968,G,5944.2876,1.3537205,1.0981656,1.0970288,-0.10351637
5106861628435990144,G,5596.3364,1.8664287,1.4531323,1.4532865,0.010611289
5351084915019289216,G,5967.0537,1.4178303,1.115099,1.1141544,-0.084706454
2338905946631782272,G,5697.923,2.2712848,1.5480306,1.5465209,-0.097521022
3020710907995020544,G,5788.243,1.5672501,1.2345396,1.2448838,0.83789665
5615219150221569280,G,5584.594,1.305859,1.3990254,1.2207257,-12.744564
3804096106511447168,G,5866.975,2.001915,1.3692579,1.3694542,0.014333965
2195295331318111616,G,5601.4204,0.8230291,0.9607908,0.96330634,0.2618198
4665489662156570496,G,5966.4937,1.405698,1.1368879,1.1095856,-2.4014968
1637234077171995136,G,5985.14,2.5658445,1.5044357,1.4897716,-0.97472216
2076087689392293504,G,5806.961,1.3142165,1.3544213,1.1326319,-16.375213
6418227401468199680,G,5798.3,1.3470416,1.1540307,1.1501177,-0.33906915
6380752265620692736,G,5724.0547,1.4345102,1.2151097,1.2178602,0.22635649
4346859232608660224,G,5843.905,0.9278463,0.9428102,0.93969061,-0.33088226
2922590215459856256,G,5932.962,1.5237285,1.1607785,1.1683254,0.65015946
6057890331257779200,G,5921.199,1.6595441,1.2299085,1.224132,-0.46967035
4487002744165420160,G,5750.679,1.4994118,1.234704,1.2336029,-0.089181796
4054864437905468672,G,5659.3447,2.1152294,1.5166137,1.512863,-0.24730688
5667632830847877888,G,5652.9233,2.2439682,1.5689602,1.5617637,-0.45867963
5702926814799967872,G,5613.349,1.9924248,1.4920076,1.4924509,0.029709103
3446408446964307456,G,5648.431,1.7486656,1.378478,1.3808639,0.17308507
260371023546241664,G,5745.6206,1.1026373,1.0610051,1.0597309,-0.12009065
4844137933480285696,G,5723.7217,0.84132904,0.93428147,0.93277969,-0.16074151
1152416661266937600,G,5402.9087,0.5831225,0.8713203,0.87152089,0.02302173
6807896521373556608,G,5606.164,0.88127077,1.0091655,0.99512182,-1.3916136
5508614007474309760,G,5462.806,1.3197575,1.2940416,1.2825334,-0.88932435
4571322607272639360,G,5988.0522,1.3164288,1.0578561,1.0660577,0.77529972
140746013867318400,G,5459.853,1.5619439,1.4070964,1.396767,-0.73409083
4214773869990466816,G,5620.265,1.1334147,1.1269517,1.1228817,-0.3611534
355592853678525696,G,5391.5576,0.9858562,1.1272489,1.1379717,0.95123309
6642215065555158400,G,5777.3257,1.4873086,1.2127928,1.2173067,0.37218809
5900870754978924416,G,5789.791,2.1223896,1.4658803,1.4479046,-1.2262748
1958556390365008896,G,5656.2944,2.303786,1.615118,1.5805572,-2.1398314
6515083483836045056,G,5585.232,2.169267,1.5734879,1.5729946,-0.031351021
3352262798198912256,G,5843.475,1.317633,1.1160345,1.1199742,0.3530073
2558052250568143360,G,5586.618,0.7039717,0.89411193,0.89563861,0.17074849
2149172227279203584,G,5500.869,1.4727684,1.3463658,1.3361579,-0.75818164
4162742437131170048,G,5417.0366,2.545643,1.8846391,1.8114584,-3.8830075
3478537757275356672,G,5926.5034,3.1831188,1.6920712,1.6923201,0.014708914
1999750418140948864,G,5921.3457,1.292422,1.080031,1.0802257,0.018025604
6239140596806208896,G,5343.9644,1.9728878,1.6596799,1.6386162,-1.2691428
3128880758859223680,G,5747.624,1.0230668,1.0187144,1.0200664,0.13271972
3409197193907561728,G,5801.901,1.0399309,1.009334,1.0092872,-0.0046346936
6371253756467636096,G,5330.7173,0.5619187,0.8814319,0.87885778,-0.29203872
2184816195235978880,G,5962.8164,2.3518724,1.4327239,1.4370013,0.29855091
3574900468161359360,G,5724.928,0.87125564,0.96738005,0.94882453,-1.918121
6647446267006160640,G,5629.276,0.7630608,0.9225276,0.91839106,-0.44839191
5803710009109242880,G,5609.8184,0.714148,0.91391045,0.89464279,-2.1082653
5247723606426808832,G,5808.0005,2.437676,1.5595574,1.5420124,-1.1249997
887042688020411520,G,5615.815,3.1582382,1.8953804,1.8773706,-0.95019347
2146089059237205760,G,5962.7637,2.6007729,1.5110053,1.5111556,0.0099455811
6725013032803393024,G,5583.7236,1.0949076,1.1213454,1.1181346,-0.28633803
3252181332824450816,G,5521.0728,0.8176021,0.9940768,0.98827364,-0.5837736
4518271549208284544,G,5554.2153,0.6582773,0.87926656,0.87621802,-0.34671418
3442356299938643456,G,5484.4624,1.3678573,1.298461,1.2954046,-0.23538742
5209257844958781184,G,5603.684,1.157211,1.1430701,1.1413324,-0.15201634
425881196074213504,G,5874.4233,1.1320328,1.0287671,1.0271933,-0.15297634
5854632137815920512,G,5915.2017,2.762313,1.6034687,1.5825247,-1.3061703
1841638103436809856,G,5825.068,2.0901034,1.4216139,1.4194989,-0.14877749
1138684482591654912,G,5993.489,2.6194303,1.5006201,1.5010569,0.029108871
6515721097500895104,G,5507.795,0.6129395,0.8576974,0.8598178,0.24721986
5845257220657593216,G,5649.374,2.9183042,1.8187333,1.7832728,-1.9497357
5229248031508322560,G,5876.9395,2.6706097,1.589646,1.5763619,-0.83566347
1967220473279089024,G,5808.4917,3.1067266,1.7840098,1.7405156,-2.4379995
6896613567702023552,G,5403.4517,2.3077521,1.6800745,1.7334255,3.1755162
2844644633569355264,G,5407.977,1.5281123,1.4132632,1.4081896,-0.35900073
5929026640757459968,G,5711.1885,1.4805912,1.4658281,1.2428472,-15.211938
3120434168796171392,G,5679.301,1.0127501,1.0397471,1.0394762,-0.026057916
5883682025293165824,G,5502.2524,0.7266792,0.9437026,0.93808784,-0.59497086
1850301842747609856,G,5907.011,1.3319364,1.1041831,1.1019435,-0.20282453
3380873430778970752,G,5712.2954,2.453061,1.6000732,1.5991383,-0.058429994
5281230261205778432,G,5472.387,2.9005108,1.9406446,1.8946841,-2.3683136
6717781269918819584,G,5648.6143,1.2774643,1.180322,1.1801676,-0.013077217
885704689743611776,G,5748.9463,0.9782457,1.0021942,0.99701256,-0.51702925
5311238647969888768,G,5393.2627,2.4163816,1.7815542,1.7804623,-0.061291708
3060638985567388544,G,5942.885,3.4451847,1.7546651,1.7509138,-0.21379068
4518882053041228800,G,5712.1826,2.1725872,1.5185759,1.5050038,-0.89373668
1318053960526857088,G,5729.5093,0.9518572,0.9903788,0.99015732,-0.022363004
4599710073355218048,G,5739.883,1.5383807,1.2534245,1.2542352,0.064680482
1908693125727799680,G,5799.417,3.121005,1.7177279,1.7499745,1.8772818
3639768115145689088,G,5534.188,2.1919916,1.6588801,1.610515,-2.9155243
6662160343923226496,G,5552.9287,0.9494571,1.053405,1.0528019,-0.057257084
5867972271914145536,G,5504.9355,2.092681,1.6615689,1.5903774,-4.2845926
6126341389684721664,G,5554.688,2.0259945,1.696037,1.536926,-9.3813414
3967570632040184448,G,5884.1807,1.4912764,1.1741035,1.1750605,0.081509781
3353757927850818816,G,5617.825,1.2760208,1.1949582,1.192465,-0.20864697
2031062894414240128,G,5771.8955,1.3069931,1.1393019,1.1432807,0.34923532
6727655262340891264,G,5538.0176,1.1611972,1.1788259,1.1705703,-0.70032698
2618502132848406784,G,5484.3027,0.45903587,0.7564038,0.75047052,-0.78440612
2842706984843934080,G,5759.1143,1.0128746,1.0143311,1.0109266,-0.33564426
2002893848861207040,G,5846.1797,1.4824677,1.4630189,1.1868654,-18.875595
2058112667135444096,G,5375.0522,0.50555223,0.8200443,0.81991872,-0.015313486
744402292929183104,G,5958.7095,2.063557,1.3539364,1.3478978,-0.4460021
1597217458854530304,G,5644.402,0.77271754,0.9193044,0.91923737,-0.0072912853
2564202922909499776,G,5460.761,1.0894437,1.173793,1.166136,-0.65232613
5417220745548303232,G,5745.201,2.4998677,1.6293486,1.5958836,-2.0538867
5531364586683952512,G,5799.395,1.1361123,1.0537368,1.0558407,0.19966391
5511210366745744256,G,5338.349,0.7448031,1.0096443,1.0089275,-0.070992216
5828853744115239424,G,5490.6714,2.1739476,1.6163281,1.6293965,0.80852654
6728641764747422720,G,5754.933,1.4827344,1.2253319,1.2249103,-0.034404162
5782573856574160512,G,5533.41,2.36975,1.6824226,1.6750151,-0.44028791
1002845181098311808,G,5912.7666,2.8976073,1.6221429,1.6221516,0.00053934293
5724489577855252096,G,5818.059,0.9682386,0.97088903,0.96847433,-0.24870997
5604659612338045952,G,5481.1064,0.8654606,1.0335592,1.0316689,-0.1828906
1050886520607818624,G,5910.6865,1.7550608,1.2632823,1.2633492,0.0052920239
6456222159636800768,G,5533.447,0.9453002,1.058282,1.0579047,-0.035656725
1333844665488653824,G,5948.0483,1.3501995,1.0933626,1.0942162,0.078075476
2051431897052552064,G,5382.824,2.302122,1.7101971,1.7446044,2.011892
2231998266402745728,G,5371.551,0.7878282,1.0244328,1.0248717,0.042846435
6721109285473042176,G,5370.843,1.3085577,1.3298477,1.3211882,-0.65116508
5868814566536344704,G,5686.1206,3.1775515,1.8791556,1.8368231,-2.2527419
245024624363291264,G,5874.949,1.2255781,1.0686657,1.0686007,-0.0060821852
3340044814531482496,G,5407.41,0.57467633,0.8900756,0.86374633,-2.9580935
6173240577117284224,G,5541.895,1.180454,1.1818687,1.1785855,-0.27779392
6112224381931426944,G,5622.5923,1.1371378,1.1270442,1.1237935,-0.2884256
2964565892911599360,G,5668.863,1.1784554,1.1279877,1.1254283,-0.22690387
2243692019241283200,G,5797.5674,2.1143796,1.4413197,1.4412955,-0.001679556
5331737251242298752,G,5449.417,2.8004103,1.8768829,1.8774307,0.029185386
5509397340788117760,G,5347.4595,0.79998994,1.0433192,1.0420785,-0.11892316
2232554481847466880,G,5588.7593,0.8273269,0.9718701,0.97019922,-0.17192392
1162483892810072960,G,5651.8496,2.6761098,1.707829,1.7061764,-0.096765718
6837592573797340928,G,5329.421,0.71542585,0.99343324,0.99214561,-0.12961366
6435905452503213696,G,5731.721,2.0476062,1.4660416,1.4511299,-1.0171395
3015874946618811008,G,5384.618,0.7016972,0.96266425,0.96253878,-0.013033758
6523218186255652480,G,5626.872,1.5868231,1.3333045,1.325511,-0.58452289
2296719197303917568,G,5343.4746,1.0795045,1.2069801,1.2123217,0.44256182
4230923702916742016,G,5339.1406,1.2050273,1.2836424,1.2829475,-0.054134144
2060754037688801152,G,5351.741,1.2830427,1.388813,1.3175999,-5.127626
5230678839733874688,G,5733.5464,1.7463802,1.3413074,1.3392939,-0.15011323
5539338554246530816,G,5512.363,1.450158,1.3106844,1.3203382,0.73655016
5802331840002833536,G,5371.878,1.7834005,1.5287175,1.5417903,0.85515099
425821616288758656,G,5889.4546,1.6163087,1.2256393,1.2211392,-0.36716653
4228329748827440768,G,5978.5464,3.1933239,1.6637281,1.6656488,0.11544599
1847192526942603904,G,5465.0317,2.1676145,1.637511,1.6423239,0.29391576
4510827340083171584,G,5570.5093,1.9561236,1.5226945,1.501625,-1.3836962
15199206361329536,G,5819.7715,1.3187243,1.1262413,1.1295834,0.29674745
6721593379830628096,G,5717.714,2.7048664,1.7096384,1.6760278,-1.9659487
5535665532575940096,G,5546.908,0.5890482,0.8329946,0.83104904,-0.2335622
5869162733784335488,G,5962.1616,2.4792264,1.4783664,1.4757193,-0.17905312
5254292466883389184,G,5704.2104,0.9917203,1.0282962,1.0196631,-0.83955677
5834660711739229312,G,5886.316,1.4636478,1.1627113,1.1632801,0.048922049
2062455738077733760,G,5755.562,1.0238323,1.0268613,1.0176352,-0.89848029
6646349877813621120,G,5777.2085,0.84164554,0.9204726,0.91576004,-0.51197129
4155983601744384128,G,5958.431,2.2878656,1.4400979,1.4193993,-1.4373052
1823163147030855680,G,5443.7363,1.0829244,1.1629729,1.1699251,0.59779856
6368014251615007872,G,5940.0044,1.2795224,1.0671871,1.0680795,0.083620447
4376139085520979328,G,5811.7734,1.1768849,1.0719769,1.0700469,-0.18004182
5532998804564100480,G,5506.0596,3.1446168,1.9753819,1.9487459,-1.3483985
6712412904396230528,G,5400.391,0.48804328,0.80227995,0.79805334,-0.52682476
5927403074394337408,G,5892.2583,1.2735162,1.0840638,1.0829087,-0.10655247
2741032533282525184,G,5354.6685,1.3778574,1.3603137,1.3639238,0.2653898
1168619889247297152,G,5565.1113,2.886973,1.8311388,1.8277922,-0.18276211
6396266374688982400,G,5751.162,0.810368,0.9076824,0.90674068,-0.10374995
4839865536236250624,G,5716.2607,1.7707312,1.3538915,1.3567675,0.21242333
4513998434733856768,G,5376.2383,1.3442539,1.3933876,1.336401,-4.0897879
2034600366932904448,G,5747.264,1.9960637,1.4469525,1.4250105,-1.5164282
2162932202986224512,G,5374.884,1.0391052,1.1536388,1.1755598,1.9001619
1808469376687170944,G,5832.6196,2.4834135,1.524774,1.5433001,1.2150038
6086115241378462720,G,5379.486,0.46671095,0.80750906,0.78649432,-2.6024149
4661014649854114432,G,5550.679,0.9143038,1.0382599,1.0339659,-0.41358067
5548104135828480768,G,5307.2812,0.97270757,1.1668869,1.1665413,-0.029619101
1969406955230454912,G,5653.2646,0.944942,1.0192337,1.0133445,-0.57780745
2907994164236233600,G,5683.1836,1.5829855,1.2980245,1.2978015,-0.017183534
6559433316135154560,G,5531.1113,1.3093216,1.2473576,1.2460961,-0.10113493
5193320801870916480,G,5838.819,1.0189635,1.0033834,0.98646675,-1.6859612
2403278706010413952,G,5714.8613,2.8684652,1.8043495,1.727693,-4.2484306
189050514616370176,G,5974.593,2.9152598,1.5956719,1.5935847,-0.13080613
5628736614885801728,G,5775.271,2.5649855,1.6111133,1.5997454,-0.70559007
1143724059777926272,G,5777.1606,0.9227972,0.9601398,0.95890904,-0.12818537
1847509873487114624,G,5818.4937,1.198469,1.1261209,1.0773217,-4.3333849
5775341921915644544,G,5439.8467,1.6834676,1.5005658,1.4607713,-2.6519681
4601099168858770688,G,5529.9575,2.6163852,1.7819475,1.7622212,-1.1070093
5436441892429408384,G,5538.7656,0.9241134,1.0437638,1.0439743,0.020170782
4592859944117611776,G,5976.2593,3.5252898,1.7505393,1.7514257,0.050633487
6395164835836433664,G,5610.1357,0.9115581,1.0107756,1.0106449,-0.012926785
5907411341645582336,G,5695.9805,3.433089,1.8603648,1.9026491,2.2729047
1356561129770589824,G,5712.5713,1.5861613,1.2855657,1.2857708,0.015956295
5652228986478968448,G,5675,2.811165,1.7303867,1.7344612,0.23546958
5411636600877650816,G,5674.221,0.8615638,0.97041255,0.96047129,-1.0244362
1431328435854976896,G,5564.635,0.7401961,0.92656934,0.92566361,-0.097750874
3186750667164776576,G,5483.6826,1.3029914,1.262748,1.2646761,0.15269199
2037531802336226304,G,5324.888,0.68161184,0.98680025,0.97006485,-1.6959257
5429648284962861312,G,5325.093,0.5837932,0.8989341,0.89769392,-0.13796133
4597371034166826368,G,5718.8784,1.4171375,1.2182317,1.2126555,-0.45773116
2539127357647469568,G,5696.7217,1.0515478,1.0524695,1.0527316,0.024904243
2801845937298432896,G,5647.9165,1.8779633,1.4312294,1.4312654,0.0025162226
5377955879649024384,G,5401.0254,0.74569607,0.9889988,0.98623781,-0.27917014
1942784617619998720,G,5878.7075,2.6688495,1.5759536,1.5748946,-0.06719628
1412267748953302144,G,5703.5527,1.1144783,1.0830467,1.0811801,-0.17234524
4240428637348580992,G,5783.9424,1.0829233,1.036483,1.0363444,-0.013375318
6090379662869069312,G,5669.7466,1.9431888,1.4466914,1.4447189,-0.1363439
56975906574302976,G,5916.5493,1.9876246,1.3495675,1.3417863,-0.57656673
6073991132824585472,G,5951.847,2.01442,1.3416383,1.334826,-0.5077601
5912348389370832896,G,5631.279,2.0313628,1.5506122,1.4973827,-3.4328038
4185485315457264768,G,5303.6025,0.54073006,0.9475376,0.87096657,-8.0810549
6024319836056689024,G,5363.615,1.4123386,1.3715124,1.3762818,0.34775099
3144266190704572800,G,5867.6,1.2743077,1.093923,1.0923689,-0.14206953
6243403884425547264,G,5677.583,1.2317076,1.1449482,1.1470438,0.18302688
3841876872229814144,G,5794.1597,1.1129812,1.0469805,1.0469264,-0.0051669209
5228449030156055808,G,5691.5483,2.0932148,1.4880928,1.4879872,-0.0070934689
2874307155183916928,G,5340.4126,0.55698687,0.87892836,0.87181837,-0.80893849
5890989035994017024,G,5343.586,0.7273542,1.0721184,0.9950858,-7.1850831
809696172470701056,G,5478.5405,1.0067424,1.1162603,1.1137368,-0.22606323
3887017871863913728,G,5592.657,1.6765357,1.3785181,1.3791871,0.048532207
717411412772421760,G,5486.6216,2.6741943,1.832614,1.8098377,-1.2428331
898528156420100736,G,5394.3438,0.5898073,0.87835395,0.87928768,0.1063046
6025412338293137280,G,5928.078,4.141753,1.9576057,1.9293785,-1.4419235
3144477125138170752,G,5674.8784,1.1402346,1.1056789,1.1046817,-0.090191475
4982055724266673536,G,5548.233,0.87148124,1.0105597,1.0103522,-0.020531223
5718514213195498752,G,5619.7344,1.045016,1.0815105,1.0784079,-0.28687901
4459569001340026624,G,5590.7173,1.7376716,1.4040538,1.4050829,0.07329479
807209283327255424,G,5550.506,0.6955727,0.9130117,0.90190184,-1.2168367
549932113706762240,G,5823.907,0.9119229,0.94927233,0.93800112,-1.1873521
6105142736770894848,G,5764.5015,1.7041656,1.3129722,1.3088369,-0.31495384
4043724594090164224,G,5646.0566,1.2741089,1.1758833,1.1796848,0.32328817
2779617793618980480,G,5766.5522,2.229745,1.4998417,1.4960576,-0.25230223
1868037274549486208,G,5731.208,0.98772514,1.0085744,1.0080426,-0.052730619
2116740585632246400,G,5662.1416,0.82820725,0.88955265,0.94571706,6.3137812
6864903794095000832,G,5593.253,0.7766197,0.9440595,0.93848737,-0.59023047
4604180481476578048,G,5501.352,1.0787382,1.1419712,1.1433319,0.11915393
1048403617193557504,G,5705.2344,0.9570038,1.0005856,1.0012972,0.071119733
2051171003553944576,G,5419.634,0.57515925,0.86194044,0.86021557,-0.20011502
5868510242312937728,G,5873.7524,2.0538661,1.6673496,1.3839103,-16.99939
1571750776690627200,G,5781.152,1.5311854,1.219411,1.2334975,1.155189
2804813136928972672,G,5907.598,1.8641086,1.3020445,1.3033675,0.10161147
5978838464538910464,G,5460.174,0.9990282,1.1142906,1.116938,0.23758677
327571215728051200,G,5605.0596,1.4772636,1.2851747,1.2889073,0.29043662
2911805140257765888,G,5385.86,0.5905627,0.8839517,0.88262464,-0.15012814
1115536498652007296,G,5546.7866,0.59530556,0.8367164,0.835488,-0.14681239
42704378788141056,G,5974.353,2.5837688,1.5385793,1.5003695,-2.4834471
5904598619107365248,G,5767.6445,1.2800434,1.1324773,1.1331008,0.055054943
522307541191427968,G,5895.1704,1.3057823,1.0960596,1.0954582,-0.054866248
1838795075605629824,G,5840.537,1.4193592,1.3604966,1.1635733,-14.474367
393569744784959872,G,5538.796,0.63665503,0.86858016,0.86651185,-0.23812492
4390215449992125696,G,5990.923,3.2868094,1.6453588,1.6828792,2.2803787
5973170245890129536,G,5582.948,1.8750293,1.4658865,1.4636257,-0.154228
3485839545274764160,G,5579.572,2.3856566,1.6849799,1.6529334,-1.9018925
4851807336322107136,G,5547.7607,0.766522,0.9473791,0.94771997,0.035980653
6701191357440830464,G,5548.9673,0.72919196,0.924591,0.92395276,-0.069029795
2912096235961025920,G,5708.8345,2.818475,1.7160467,1.7161899,0.0083463132
5509594595749788672,G,5944.2485,2.4470234,1.4609939,1.4749534,0.95548178
5470526478009144320,G,5556.027,1.0454742,1.1058139,1.1035223,-0.20722925
1968054104948283648,G,5724.284,0.8279877,0.9282418,0.92517259,-0.33064738
6090270673780127488,G,5682.9375,1.5021675,1.2704906,1.2643479,-0.48349255
1277502532882482432,G,5752.779,1.1966739,1.0611783,1.1012494,3.7760961
5792683037056386816,G,5756.769,2.7639434,1.6928208,1.671322,-1.2699991
2469962887940215424,G,5587.342,1.149602,1.1447028,1.1442381,-0.040595406
6300449468245275264,G,5672.7197,0.73093605,0.88541096,0.8851364,-0.031008997
5326908544069048832,G,5692.114,1.334702,1.1930565,1.1879499,-0.42802384
5339714178078067968,G,5467.2285,1.2603259,1.2404752,1.2512962,0.87233048
1349380528568016256,G,5727.607,1.4868011,1.2395899,1.2383208,-0.1023789
4551808509264521728,G,5595.372,0.8467944,0.97824305,0.97922889,0.10077685
3067767978437683072,G,5319.5005,0.50333226,0.83713686,0.83529299,-0.22025925
5832154404983095168,G,5589.1274,0.82702225,0.9704,0.96989281,-0.052266152
277624834886353408,G,5800.57,1.2006065,1.0866805,1.0849561,-0.15868606
4103940898951000576,G,5769.2534,2.9842458,1.7626004,1.7291443,-1.8981126
1961457279997761408,G,5922.763,1.5161123,1.168034,1.169419,0.11857334
1632102145305640192,G,5630.144,0.7470907,0.91376024,0.90844956,-0.58118931
4205556831498465536,G,5516.086,1.662945,1.4135078,1.4119849,-0.10774037
5864480287355474304,G,5537.3667,0.701528,0.91604483,0.91005805,-0.65354644
823761949846857600,G,5593.83,1.1462177,1.139877,1.1399038,0.0023481895
1908402133102931712,G,5939.225,1.2222908,1.0414646,1.0441932,0.26199991
5855351939982482176,G,5934.62,1.2927344,1.0828687,1.0755286,-0.67783417
5563011451905457024,G,5701.944,1.4605874,1.2411975,1.2384288,-0.22306746
1863635207956315520,G,5542.68,2.454692,1.7165414,1.6990731,-1.0176477
6126568816790120064,G,5588.5386,0.90777177,1.024149,1.016354,-0.76112276
1306069185001943808,G,5778.563,1.4763542,1.2152399,1.2122962,-0.24223338
391422432935741824,G,5765.628,1.2694291,1.1287178,1.1291825,0.041173046
2093248695074113024,G,5560.8115,0.81028956,0.9736742,0.96983295,-0.39451079
1361066138147512064,G,5596.57,0.79335845,0.9497824,0.94742318,-0.24839577
5580348345091933696,G,5628.0522,2.802198,1.7543851,1.7607039,0.36017417
5846143461377354496,G,5533.793,2.9564025,1.8774517,1.8706353,-0.3630674
1857257284595238912,G,5665.543,1.0679089,1.0769181,1.0725985,-0.40110793
4758542293288095232,G,5341.4946,0.64283687,0.9374596,0.9362201,-0.13221868
6437678518079868032,G,5684.6567,0.9185976,0.99352396,0.98811463,-0.54445903
1871314987435003904,G,5505.924,0.85096574,1.0169702,1.0137918,-0.31253625
6671675311389631488,G,5968.4263,1.5782387,1.1722752,1.1749512,0.22827522
943260584406168832,G,5459.688,0.64478827,0.9003621,0.89748268,-0.31980723
4095907763840741248,G,5917.0596,1.4442568,1.143819,1.1435719,-0.021601093
2414015681868670208,G,5884.022,2.1504323,1.4106532,1.4111315,0.033903043
6604449589918050432,G,5785.9497,2.6683307,1.638268,1.6256374,-0.77097333
1933491957657777152,G,5698.126,1.2832942,1.1648619,1.1623908,-0.21213309
4100939403967060224,G,5302.2197,0.61346316,0.9274504,0.92817949,0.07861207
719655997041394816,G,5403.0747,0.4220947,0.77125293,0.74144026,-3.865485
1030299917724142336,G,5739.9805,0.86405605,0.93997353,0.93994682,-0.0028411909
5254255083497132672,G,5888.01,1.1341445,1.0290372,1.0234115,-0.54669876
6743502965764987008,G,5695.5117,0.8306504,0.9374723,0.93604516,-0.15223243
1814530194010059648,G,5966.3853,2.5289917,1.4832133,1.4883473,0.34613735
1215691459501551360,G,5542.084,2.2613876,1.6348021,1.6311521,-0.22326941
755340818717760768,G,5547.5903,0.6826532,0.89601487,0.8944261,-0.17731466
1955720749877472128,G,5569.2803,1.2137978,1.1840422,1.1833908,-0.055016641
2290385563652512640,G,5374.27,0.7748992,1.0131496,1.0153992,0.22203739
1928671458162129408,G,5678.0786,0.77373654,0.9204296,0.90896448,-1.2456266
5420555804834427904,G,5879.489,1.7189819,1.2655544,1.2636001,-0.15442317
421129072458737920,G,5709.0005,0.7996499,0.92252046,0.91407734,-0.91522317
1702261638676061568,G,5820.2153,2.37713,1.5767715,1.5163572,-3.831517
1626389082887399424,G,5615.738,0.78152907,0.9315614,0.93392511,0.25373671
4142196000776314752,G,5871.6895,1.4834603,1.1761909,1.1769688,0.06613984
1858046802665197440,G,5721.7456,0.9046742,0.9758929,0.96792604,-0.816366
2079494045131825536,G,5302.761,1.1422933,1.2504283,1.2663037,1.2695953
1985755112583969792,G,5754.2695,3.210659,1.7737585,1.8028926,1.6425065
595445023148260352,G,5935.591,1.8319229,1.2829009,1.2799082,-0.23327603
2219765031314539008,G,5850.9155,1.3675565,1.1354947,1.138094,0.22891671
5800095605170670336,G,5791.066,1.7793256,1.3229493,1.3251464,0.16607228
373137000510829056,G,5944.836,1.9059521,1.301735,1.3014557,-0.021454724
2031706040022048768,F,6002.079,2.0114193,1.3114187,1.3115989,0.013742887
5609322916029888000,F,7057.392,5.279114,1.5127735,1.5368985,1.5947559
53406067197946112,F,6346.163,1.435926,0.99177855,0.99128092,-0.050175952
2538816539454218112,F,6027.974,2.497186,1.4489288,1.4488915,-0.0025740585
1999891877185927808,F,6702.918,9.165224,1.8143331,2.2448994,23.731383
6772922877565227520,F,6293.027,2.3524308,1.3096513,1.2903051,-1.4772057
1971058524777089024,F,6455.9214,1.600845,0.982686,1.011373,2.9192388
1065122928444442752,F,6006.0146,1.334209,1.0616105,1.0668229,0.4909892
4102899146038850432,F,6002.531,3.6073372,1.757249,1.7562151,-0.058836084
5872338810507027968,F,6166.1865,1.411231,1.040594,1.0409237,0.031685179
1622538593166338432,F,6006.12,1.9096048,1.2766722,1.2762534,-0.03280688
5540250874024089856,F,6478.3345,3.0178583,1.377745,1.3790368,0.093759699
435874794696430336,F,6444.728,2.9808607,1.3850496,1.3848885,-0.011629681
2010147503175841280,F,6727.9873,4.3318715,1.4967986,1.5318654,2.3427893
2713558967519127040,F,6233.6865,3.3772054,1.5793353,1.5755855,-0.23742705
3119593699533132544,F,6231.579,2.2728825,1.3645169,1.2934375,-5.2091268
4863286787471867776,F,6184.965,3.9434772,1.7322248,1.7294911,-0.15781351
1869296318448459648,F,6188.905,1.6615522,1.1210705,1.1211985,0.011421136
5872761263517468288,F,6297.2017,1.6086304,1.3520621,1.0655801,-21.188526
1847907175143201408,F,6004.05,2.5453982,1.4883176,1.474492,-0.92894012
4683354866386442240,F,6104.2207,3.024962,1.5552462,1.5550798,-0.010702051
6205158536382586240,F,6042.201,1.7078974,1.281135,1.192597,-6.9109032
1151298664100233216,F,6438.1294,3.3591096,1.4660535,1.4731462,0.48379439
1697766732062677248,F,6362.827,2.2964323,1.2476263,1.2470382,-0.047138339
2061568810164500352,F,6383.4805,5.980661,1.9958088,1.9994598,0.1829345
4588514055691458560,F,6032.6387,2.2016375,1.3464638,1.3583492,0.88271331
5544315631071286784,F,6181.109,2.3039665,1.320967,1.3236051,0.19971084
2075430731201095680,F,6323.565,3.439731,1.541732,1.5452239,0.22649439
6540708736197046912,F,6572.072,4.4935155,1.6333123,1.63509,0.10883905
5339098520309903744,F,6623.4897,5.3471766,1.754703,1.7560695,0.077875076
2023753375458742656,F,6628.4224,3.7799308,1.4643387,1.4742622,0.67767849
6395725689845915392,F,6109.665,1.8421649,1.2335327,1.2113862,-1.7953732
1847233999146916224,F,6208.1313,2.2312822,1.2929074,1.2912449,-0.12858501
5258093959595628544,F,6242.104,1.7922051,1.1449196,1.1446824,-0.020715423
253297178048345088,F,7434.4272,5.744989,1.441379,1.4447834,0.23618871
1857042398791310848,F,6481.721,3.2847786,1.4368124,1.4372276,0.028896611
3524852240756507392,F,6061.4336,3.8614886,1.8033084,1.7818857,-1.1879682
3043354422255843328,F,6689.1807,5.5337567,1.7571537,1.751529,-0.32010224
5647945529696617472,F,6320.4966,3.3908253,1.5624614,1.5356897,-1.7134328
2032871728503518336,F,6110.222,2.320306,1.3640771,1.359289,-0.35101139
2125869487083389184,F,6694.3276,5.127668,1.6755853,1.683446,0.46913084
547547242922534912,F,7107.7285,2.2560928,0.98633635,0.99053535,0.42571704
5719595582879567488,F,6325.2627,2.1336632,1.2166156,1.2163511,-0.021738911
2974208266288624256,F,6160.0117,1.9812132,1.2368102,1.2358213,-0.079951772
511772600594823808,F,6735.282,1.3669404,0.8584034,0.85865041,0.028775745
4186773363265262592,F,6491.0254,4.9794717,1.7650125,1.7644858,-0.029838774
599099116900013952,F,6326.808,2.2017171,1.2404155,1.2349933,-0.43712614
433674500126005504,F,6451.142,2.7475927,1.3311232,1.3269548,-0.31314793
2053826873899487616,F,7195.6807,7.1845255,1.7253603,1.7246796,-0.039449835
4506520690507067904,F,6320.174,5.0087,1.8656615,1.8666272,0.05176434
5614320093310443008,F,6780.484,5.341147,1.6716762,1.6747463,0.18365591
4519247778090225408,F,6040.4233,1.2150317,1.0106549,1.0064964,-0.4114679
354950498369782912,F,6148.825,1.4927384,1.0698389,1.0766158,0.63345017
2013524378258910464,F,6950.06,4.536016,1.4550948,1.4689714,0.95365645
1810336519237235584,F,6738.67,6.3440266,1.8486211,1.8479375,-0.036978494
5253253256593585664,F,6502.542,4.2732773,1.633323,1.6287985,-0.27701056
4449686861408907648,F,6198.439,1.3995699,1.082405,1.0258546,-5.2245173
5355103801786977024,F,6406.0884,5.3789973,1.8763962,1.8828597,0.34446563
329798929364586624,F,6278.148,4.3015146,1.7586923,1.7530761,-0.31934101
1960381957626513536,F,6454.6597,4.4307375,1.6819149,1.6832339,0.078422783
4073539127496932096,F,6026.8525,1.8247643,1.2386906,1.2390117,0.025926169
5836046749289792128,F,6581.217,6.448187,1.9576877,1.9532577,-0.226286
1986415953431524864,F,6095.735,4.4435835,1.8927023,1.8900256,-0.14142451
1346177891714400000,F,6239.1987,2.1497877,1.2563775,1.2548543,-0.12123495
5893328861137561728,F,6577.32,2.9948623,1.2865393,1.3327345,3.5906575
6482645623076557952,F,6847.5024,7.4326973,1.9373281,1.9371444,-0.0094815949
3327226604895885568,F,6485.0166,3.163606,1.4043305,1.4090363,0.33508981
4482058412179453312,F,6018.722,4.5771914,1.9670874,1.9676331,0.027743738
4759513780530592896,F,6058.4297,1.5912975,1.1437722,1.1450085,0.10808849
4289822857202191744,F,6562.366,4.362059,1.6178787,1.6157644,-0.13068426
5300634992186721536,F,6443.5815,3.5206537,1.4972379,1.5056019,0.55863081
3138753548640102144,F,6601.9697,3.2992287,1.3772027,1.3883927,0.81251576
5997348781466319488,F,7126.6626,2.492764,1.036922,1.0356699,-0.12075349
3346848562422831104,F,7096.2773,4.620728,1.4008476,1.4221559,1.5211004
5350580445317135744,F,6026.36,2.184327,1.355791,1.3558194,0.0020948281
5542277480113817344,F,6133.8354,1.8297905,1.1976733,1.1978146,0.011799612
5594239781166561280,F,6018.458,1.4336096,1.1029645,1.101281,-0.15263496
374245480030993664,F,6781.582,4.0437865,1.4578047,1.4567507,-0.072300586
2826925797528959360,F,6057.4585,3.5560248,1.7102497,1.7122006,0.11407375
5793656555826556288,F,6315.8247,2.7899504,1.3937505,1.3950548,0.093581941
5622430499081513344,F,6269.4893,2.8856685,1.439534,1.4398328,0.020753595
2919144071137878016,F,6440.2114,2.692927,1.3178538,1.3181511,0.022561293
617718487322047872,F,6250.1724,2.3078318,1.4165288,1.2956009,-8.5369172
4064793023614459136,F,6007.037,2.1468446,1.3540554,1.3527977,-0.092885034
5351595427675336064,F,6564.903,3.074421,1.3475354,1.3554335,0.5861116
3007116546228924288,F,6845.311,5.965623,1.7307523,1.7365796,0.33669176
3022928657306963840,F,6293.11,1.8900987,1.1565661,1.1565509,-0.0013129454
4307036227123996032,F,6569.8604,1.7180183,1.0026909,1.011707,0.89919401
486087738386602624,F,6755.427,4.3035927,1.5124683,1.5144786,0.13291296
351590936293170304,F,7256.645,7.7510943,1.7630565,1.76142,-0.092823438
3101975945548525312,F,6836.1143,4.080051,1.4408274,1.440016,-0.056312994
1864909919885212416,F,6324.7173,4.183665,1.7074642,1.7035284,-0.23050628
2890819826969527552,F,6424.3843,2.582807,1.2993631,1.2972871,-0.15976725
457243901961740928,F,6073.855,3.6720269,1.7289897,1.7305225,0.08865243
4335448329137748352,F,6493.838,5.702777,1.8827242,1.8866592,0.20900507
1864908579855390080,F,6202.99,3.348085,1.5806946,1.5843431,0.23081616
3641659511367796992,F,7055.18,5.532325,1.574313,1.574312,-6.3363142e-05
5375707172213026432,F,6382.5273,1.7963285,1.0959251,1.0961265,0.018377505
5984222021381880960,F,7126.4277,3.3197737,1.2033808,1.1952634,-0.67454665
2194387684469653760,F,6290.2705,3.9276264,1.6684008,1.6687051,0.018241168
6660992009738951552,F,6339.589,4.7839594,1.8172596,1.8131123,-0.22821886
2176326350569560064,F,7100.7393,7.0539117,1.7423332,1.754935,0.72327123
5233563271056683264,F,7349.2236,10.456678,1.9925193,1.9946519,0.10702831
2229421732702064128,F,6906.9883,5.4366913,1.6271147,1.6283324,0.074836342
811976319068510592,F,6580.429,2.8181367,1.2940283,1.2915933,-0.18817439
5532853462872739456,F,6351.7676,4.7219677,1.8136144,1.7944256,-1.0580393
6719451496812498304,F,6153.671,2.3069077,1.3396184,1.3362869,-0.24868736
4525936691432582912,F,6239.877,1.6439489,1.0967456,1.0970976,0.032093773
6412605289276127104,F,6217.439,5.062645,1.9368224,1.9391832,0.1218886
5409235851604300288,F,6661.6484,6.6999516,1.9379799,1.9432361,0.2712228
459481412421974016,F,6352.758,2.1381516,1.2088084,1.2071126,-0.14028659
430872910147832192,F,6656.5703,5.414675,1.7227082,1.7495982,1.5609118
5642072488339886208,F,6076.6733,2.6893053,1.5129323,1.4795902,-2.2038081
119985683850186752,F,6100.8135,1.3762625,1.04834,1.0500943,0.16734078
1129108423507342208,F,6230.8984,3.1551745,1.5290332,1.5242757,-0.31114735
5428436004674049920,F,6214.7637,2.8171532,1.4518597,1.4478019,-0.27948743
3061693825232703872,F,6146.709,1.9408121,1.2281407,1.228456,0.025671685
2226854854088298624,F,6806.6987,5.1272745,1.6259325,1.6282586,0.14306503
6707164420009248640,F,6160.9653,1.6483461,1.1294436,1.1268856,-0.22648123
533215521174267136,F,7358.4683,8.989111,1.6739441,1.8447465,10.203588
2534557821681975552,F,6124.4946,2.122952,1.2961537,1.2941444,-0.15502047
4762836504669480576,F,6137.5474,1.8786227,1.2126992,1.212225,-0.039105372
5333094602697375488,F,6001.9673,0.61570734,0.72522086,0.72569324,0.065135759
5851672836672177792,F,6319.0674,5.5734563,1.9690356,1.9697426,0.035907785
245633582007160704,F,7213.1226,3.6425374,1.2160926,1.2221051,0.49440823
5338444036001586944,F,7468.261,7.756833,1.6136686,1.6636287,3.0960578
1830068148758383232,F,6331.9297,3.157863,1.4673812,1.4766502,0.63167086
6037985940942313728,F,6213.126,1.5507829,1.0740643,1.0747522,0.064045931
5342695916170978176,F,6531.959,3.2578115,1.3888808,1.4093837,1.4762156
1180538389134136192,F,6366.4717,2.9948623,1.4186778,1.4224728,0.26750116
5916652084048264448,F,7019.5103,8.676109,1.9788848,1.9915996,0.64252327
5910612604105236864,F,6051.3364,1.0166744,0.9537821,0.91736362,-3.8183232
472159228166402304,F,6666.1226,4.780162,1.6311299,1.6391846,0.49381332
5225660290704678144,F,6168.2925,1.9881628,1.2300173,1.2346652,0.37787407
4430572783769538816,F,6775.9404,4.7632117,1.5814856,1.5836673,0.13795229
1147216967701053440,F,6053.9814,1.7395098,1.1968187,1.1989041,0.17424314
1882151602225930112,F,6077.3174,1.5958221,1.1239986,1.139519,1.3808179
212404416465786624,F,7393.3647,112.34637,1.5693635,6.4602367,311.64693
1629227747032706432,F,6104.14,1.5176281,1.1439108,1.101506,-3.7070019
3116584233129050752,F,6436.327,4.4223256,1.6480548,1.6912286,2.619683
5976542688609721984,F,6311.828,1.3236768,1.5831537,0.96213016,-39.22699
4720544202224034816,F,6147.188,1.8804462,1.2081987,1.209012,0.067318536
3158504797566226560,F,6686.802,4.8073726,1.6164318,1.6336918,1.0677831
5599466722007362560,F,6319.7437,2.2543554,1.2518736,1.2524645,0.047200441
4263647368007540096,F,6006.061,1.3523053,1.0815635,1.0740168,-0.69776211
4844646973004611584,F,6040.4463,1.4798925,1.1085114,1.1107855,0.20514623
6049858742373363840,F,6021.257,2.8170853,1.5581717,1.5423354,-1.0163376
208135489553716096,F,6936.2886,5.770238,1.6634269,1.6633962,-0.0018433292
592211638623941376,F,6083.0117,3.0254042,1.632661,1.566057,-4.0794763
6075296905960830848,F,6054.596,2.3876102,1.4000044,1.404315,0.30789895
1821332975562959360,F,6111.8125,2.7007146,1.4707303,1.4657249,-0.34033513
5946135385269224320,F,7039.906,5.1815333,1.5155938,1.5302014,0.96381842
1977521900801422592,F,6168.2075,2.50062,1.3961853,1.3847107,-0.82185074
818326926431384576,F,6032.0825,1.8250318,1.2419087,1.2369548,-0.39889329
1940272302268628096,F,6022.5034,3.8279297,1.7966089,1.7971364,0.029358377
4303230679947684480,F,6023.806,1.7868717,1.2270831,1.2273202,0.019324682
4553665550041661056,F,6056.0586,3.4940174,1.6969632,1.6979917,0.060606386
5985297481232337792,F,6287.3086,2.6603663,1.3740383,1.3746569,0.045022593
532187615241889920,F,6255.002,4.9718504,1.899591,1.8987041,-0.046690576
2036159543110273152,F,6635.2744,5.6031027,1.7880589,1.7912231,0.17696181
6129991630841398272,F,6622.1885,4.177508,1.5365596,1.5527757,1.0553518
466082948959461504,F,6268.9727,5.033171,1.910874,1.9018718,-0.47110207
3215777155662887808,F,6555.165,5.0738735,1.7461128,1.7464483,0.019211621
5849758827446583424,F,6343.331,4.5578876,1.7318255,1.767666,2.0695238
2018799147893091200,F,7424.26,7.2297926,1.6194988,1.6252109,0.3527099
5612579841277751296,F,6252.321,5.7481766,1.6538072,2.0433167,23.55229
6320763701483017344,F,6323.631,5.2216125,1.9065259,1.9038049,-0.14272018
6177659205111296384,F,6006.5156,1.7610681,1.2129196,1.2254512,1.0331755
1367756425884688512,F,6233.0093,2.9812253,1.4802252,1.4806589,0.029297005
1893092533196586240,F,6179.708,2.0458975,1.2472595,1.2478408,0.046607605
4314517304284256512,F,6309.323,4.4660187,1.7936594,1.7686745,-1.3929585
5871319150952908544,F,6256.86,2.1484005,1.2467109,1.2473775,0.053469175
4114547131668321152,F,6005.072,1.3488729,1.0716991,1.0730062,0.12196668
5438374455912889728,F,6303.3374,4.739779,1.8138697,1.8255389,0.64333334
5209904357794966144,F,6373.9834,3.2453728,1.4781365,1.4772827,-0.05776452
395102601437478144,F,6372.731,2.5466583,1.3043901,1.3091437,0.36443216
3352900824179509376,F,6033.9404,1.9644384,1.2494644,1.2825383,2.6470445
4293793331148029184,F,7308.483,7.3615255,1.6973896,1.6923204,-0.29864695
5240484902944085632,F,6016.013,1.4255695,1.098511,1.0990813,0.05191747
651834580786481792,F,6006.0083,2.654734,1.4145994,1.5048451,6.3795971
3031255190152244864,F,6384.802,3.2439783,1.4735066,1.4719643,-0.10467183
4973164484832791040,F,6061.9897,4.1358986,1.8431803,1.8437741,0.032216956
4068924404202500864,F,6070.138,2.07144,1.3106848,1.3013443,-0.71264347
4320536477618574720,F,7457.6455,5.6454887,1.4242294,1.4233131,-0.0643331
5615974102391838080,F,6133.1216,2.7152975,1.5072596,1.4594819,-3.1698374
6083476134293803008,F,6292.502,4.9401875,1.8711945,1.8701574,-0.055426207
672149398139884672,F,6172.8213,3.6842432,1.6821539,1.6782625,-0.23133287
5196498081237622784,F,6076.393,3.9031003,1.7569022,1.7826509,1.4655749
2000444313058309248,F,6472.5186,5.9223323,1.9319338,1.9353207,0.17530925
5635716069878718208,F,6442.082,2.704095,1.478764,1.3201146,-10.728513
3548494837426169472,F,6266.069,2.6552622,1.3791606,1.3826636,0.25399318
5395187494598585984,F,6005.731,0.64566654,0.7416072,0.74220786,0.080994365
5578551227698720384,F,6268.6978,2.1821961,1.2501822,1.2524067,0.17793367
205949355499715200,F,7143.5684,6.030333,1.588806,1.603221,0.90728521
227908350754795008,F,6073.6885,2.60827,1.4678116,1.4585604,-0.6302747
4733084024963349760,F,6090.801,4.335533,1.873827,1.869931,-0.20791518
457147973873034752,F,6130.3076,1.8788811,1.2177384,1.2151735,-0.21063127
3107497216208437504,F,7049.5317,4.3435726,1.4081856,1.3971922,-0.78067486
4658984126745140608,F,6009.135,2.5469718,1.5160168,1.4724525,-2.8735997
5955585619012761984,F,6334.704,3.0488863,1.4577764,1.4496766,-0.55562855
5673514981833782016,F,6005.5894,3.3329754,1.8975415,1.6863897,-11.127651
190486339361448960,F,6004.9067,3.8769867,1.835757,1.8192308,-0.90024165
5688955213168247168,F,6067.55,2.213372,1.3409684,1.3463366,0.40031958
5601623173548806912,F,6817.6484,4.0881033,1.4520537,1.4492553,-0.19272149
5874672798875092480,F,6720.22,4.9641905,1.6418146,1.643654,0.11203408
2231664255386790400,F,7108.38,5.084886,1.4804398,1.4867998,0.42960315
3020142151244870144,F,6025.731,1.3280095,1.0610647,1.0573877,-0.3465347
4056766970960573440,F,7172.467,3.895128,1.2733357,1.2781355,0.3769499
6140009865392980224,F,6047.5737,1.7026957,1.1883869,1.1886646,0.023370596
6060614233858246400,F,6391.9595,1.8223146,1.0989629,1.1007706,0.16448853
5254978218545503872,F,6410.3877,2.8492885,1.373474,1.3685251,-0.3603168
5343363491517116928,F,6044.304,1.5599583,1.1403455,1.1389825,-0.11952386
341773985381474688,F,6132.9062,2.5924313,1.4371961,1.4261794,-0.76654459
2020553762268122112,F,6236.87,1.7462851,1.12971,1.13182,0.18677073
3239552067389552000,F,6119.786,1.8117388,1.2119305,1.1973703,-1.2014054
2999439068852622976,F,6277.369,3.0137675,1.4746631,1.4677521,-0.46864796
241800306514120192,F,6252.973,3.7405443,1.6481658,1.647963,-0.012304913
5311132132787065856,F,7240.672,7.132812,1.7123312,1.6971718,-0.88530917
884414515929062912,F,6171.3066,2.7787402,1.4329097,1.4582194,1.7663184
3663440974153236224,F,6460.8174,5.5548697,1.8783667,1.8811142,0.14627147
206519005602824448,F,6881.4634,3.2690246,1.2729479,1.2720396,-0.071350626
5336158357498193792,F,7091.001,5.5814257,1.5555253,1.5653471,0.63141105
5338075733963829760,F,6245.8335,2.4545476,1.3306344,1.3380061,0.5539969
4531626595387872640,F,6781.429,4.5468764,1.5365622,1.5447823,0.53496979
1857572329038904320,F,6340.8105,4.341092,1.7286054,1.7264862,-0.12259682
5279344976724839680,F,6356.8433,2.0720549,1.1899576,1.1867815,-0.26690631
3081557709677752064,F,6160.9453,3.7200835,1.6945472,1.6929136,-0.09640215
6189354568561284992,F,6058.586,2.3740633,1.3983635,1.3984816,0.0084450071
4055436527545177088,F,7133.6143,6.733806,1.6829053,1.6988859,0.94958419
4485229987834395136,F,6119.541,2.0862386,1.2860641,1.2849832,-0.084046725
5939097956778168576,F,6740.8564,2.9215534,1.3762674,1.2532275,-8.9401142
469014693635341184,F,6004.8145,0.97883713,0.9123353,0.91413258,0.19699756
1863454750611893504,F,6974.8896,4.6234384,1.4527156,1.4725194,1.3632257
5616389133670180096,F,6191.967,3.9189825,1.7158965,1.7202143,0.25163595
1963185403041692288,F,6091.4497,1.71263,1.174436,1.1750155,0.049346098
6101401407939535232,F,6092.363,2.3395166,1.3728985,1.3729183,0.0014395999
4067462534736393728,F,6666.5215,4.9429007,1.6431813,1.6666543,1.4285114
5369615980881362560,F,7483.4053,8.752385,1.7744277,1.7600209,-0.81191064
5506221332734111872,F,6321.3574,2.084909,1.2117556,1.2038601,-0.65157495
4253707404994201728,F,6003.094,1.630844,1.1794931,1.1806171,0.095298405
4061700204821442432,F,6578.0273,3.388135,1.4089612,1.417236,0.58729687
1817750251254809088,F,6192.134,1.7112571,1.2650124,1.1366588,-10.146434
3435721434460027776,F,6475.9023,2.8808537,1.3528025,1.3483827,-0.32671095
1869306076614420864,F,6501.7817,5.3958936,1.8390721,1.8307122,-0.45457019
5702494363132341632,F,6195.5337,1.6920134,1.1285726,1.1290095,0.038716396
3069618937543580032,F,6188.6636,2.1760688,1.404262,1.283204,-8.6207528
215603651704198016,F,6029.318,2.609028,1.4861761,1.4803219,-0.39391338
5215713971078756736,F,6148.4097,1.6623572,1.1352781,1.1362914,0.089259674
6062215122813816192,F,6065.9443,1.3425703,1.058697,1.0491192,-0.90467645
2194725715576856576,F,6832.7075,5.3983917,1.6487279,1.6580579,0.56589228
6736516776284258304,F,6209.9854,1.7418908,1.2024649,1.1402038,-5.1777935
5458421920141791360,F,6231.23,2.0181117,1.2185668,1.2189284,0.029674589
2023176269320708224,F,6490.295,5.958014,1.930016,1.9305233,0.02628451
6630933114186854016,F,6078.992,1.3666735,1.0503452,1.0539558,0.34375498
6035987887798608000,F,6171.598,2.3150601,1.3304155,1.3308804,0.034945673
2133400244078488320,F,6473.7764,4.674387,1.7180082,1.7187001,0.040273662
1877821892937670656,F,6560.8496,4.5066624,1.637625,1.6430868,0.33352021
4167335848809937664,F,7059.109,2.1672688,0.9821739,0.98425986,0.21238204
5636748412515226624,F,6113.3594,4.349409,1.8730022,1.8591243,-0.7409439
4267917282733711104,F,6642.148,4.422885,1.5866233,1.5881404,0.095616834
5306551876573765632,F,6591.0625,2.6050596,1.2336012,1.2378019,0.34052057
980586427188100608,F,6548.4824,3.775467,1.4951916,1.5095836,0.96255266
2467744691950012160,F,6074.0186,3.2070673,1.6217136,1.6171673,-0.28033659
5334466930653549312,F,6396.46,5.7279787,1.9357942,1.9488324,0.67353001
5512974842390900864,F,6004.1255,2.657291,1.5065558,1.5065141,-0.0027689161
449996750244232064,F,6757.5337,4.2563667,1.5013782,1.505207,0.25502121
5857767120393415296,F,6752.2383,3.6860604,1.5041116,1.4029392,-6.7263865
6757608020629318656,F,6773.638,3.951064,1.4451573,1.443332,-0.12630772
5346468168750962560,F,6305.2964,1.9004688,1.1535127,1.1552408,0.14981216
2615790084339321984,F,6087.1475,1.7290156,1.1816803,1.1822926,0.051814782
5415151361589826560,F,6075.3794,3.7551382,1.7487518,1.7491188,0.020988024
4036444938150675968,F,6063.1943,2.8593435,1.5243868,1.5324396,0.5282623
5933955609620049536,F,6464.5854,3.667314,1.5224333,1.5266724,0.27844258
2072277915983069056,F,6137.278,1.6689285,1.1431143,1.142669,-0.038957479
5929122641872284416,F,6284.624,2.8949523,1.4814336,1.4352094,-3.1202349
429576207981344896,F,6443.2065,4.9064207,1.773018,1.7775894,0.25783161
4777785739638297216,F,6428.5195,2.8675642,1.3665379,1.3651734,-0.09985387
6845596782226830080,F,6256.8843,2.3746595,1.3111646,1.3114073,0.018507552
6724183004598143744,F,6045.373,4.071314,1.8344337,1.8393918,0.27028192
3312946083450688640,F,6040.264,1.644701,1.1708933,1.1710752,0.015538352
945587700765498752,F,6342.875,2.7718353,1.380052,1.3786835,-0.099165698
5408714580002197248,F,6379.287,2.3902807,1.2642052,1.2657074,0.11882833
5659566542965979392,F,6206.8975,2.1126273,1.2540594,1.2569426,0.22991215
5938013769595954176,F,6088.4976,1.905766,1.2420585,1.2407025,-0.10917073
6768058530747441408,F,6241.4976,1.8967437,1.1673764,1.1778226,0.89484118
6667464246278014336,F,6068.736,2.239712,1.3534794,1.3537945,0.023283775
5824584718430246400,F,6011.1504,1.4377661,1.1035197,1.1055594,0.18483831
5934195273186940032,F,6875.769,5.2493305,1.599688,1.6145911,0.93162773
2056572835466410624,F,6413.464,4.1465673,1.651613,1.6493476,-0.13716181
2185114059805875456,F,6726.296,5.292716,1.6816056,1.6941057,0.7433437
5259292839578013184,F,7142.431,6.463171,1.652309,1.6602897,0.48300365
5529873339681854336,F,6401.009,3.081423,1.42661,1.4273548,0.052208901
5541430787440946176,F,6039.5146,1.6027895,1.1563845,1.1563448,-0.0034371386
3033398207035953536,F,6023.879,1.5369968,1.1434908,1.1382487,-0.45842955
5238129371053100544,F,6661.692,4.4640436,1.5761665,1.5861647,0.63433547
5626535839287730688,F,6032.036,1.9260038,1.2602928,1.2707317,0.8282956
5895904986842703616,F,6009.392,3.7392347,1.7861612,1.7839532,-0.12361762
3842634710619392000,F,6023.813,2.4859114,1.4475702,1.4476148,0.0030825198
2282959668276540672,F,6025.566,1.7121212,1.1964667,1.2006729,0.35155393
4765651838551917312,F,6169.986,2.6025195,1.4117632,1.411828,0.0045920848
1678967591488182272,F,6192.4463,1.4722314,1.0587842,1.0541847,-0.4344152
2877125684522252928,F,6012.405,1.1379628,0.98389,0.98315216,-0.074991851
3155872875965216128,F,6050.1304,3.5235727,1.7123555,1.7085013,-0.22508289
4491552592000653568,F,6180.685,2.589583,1.4034637,1.4034433,-0.0014566503
4595152803817548032,F,7079.06,6.9162946,1.7468393,1.7483916,0.088864481
6470290617073926912,F,6050.6255,2.0306964,1.29917,1.2968063,-0.1819388
2028439150449238784,F,6296.379,4.935061,1.8674012,1.8668856,-0.027611928
478547803041508864,F,6064.5327,3.8032315,1.7928791,1.7665863,-1.4665129
5644430219231950720,F,7259.1157,6.356749,1.5877419,1.5940548,0.3976043
5266001956445348096,F,6133.502,1.6108197,1.1255826,1.1239826,-0.14214482
5881050447331500928,F,7176.772,6.841419,1.6866777,1.6918738,0.30806529
4083633949901274624,F,6517.935,4.9546123,1.7359374,1.7455727,0.55505059
2922137281087225344,F,6012.8105,3.5998344,1.7499465,1.7483943,-0.088698323
3377443538617875840,F,6426.4023,3.7353067,1.5677145,1.5591233,-0.54800481
2045440761296424064,F,6319.2407,2.2834065,1.2582542,1.2607094,0.1951253
6024163396169281664,F,6058.4766,2.5353935,1.4509577,1.44527,-0.39199866
6239601803274769024,F,6230.1455,2.2254446,1.5932814,1.2804575,-19.633938
5914609981715712256,F,6027.577,2.06434,1.3612139,1.3175231,-3.2096934
1873485973137990784,F,6356.0547,3.468165,1.5360246,1.5357757,-0.01620586
4249196589741007104,F,6273.6826,1.564123,1.0625479,1.0586284,-0.36888084
5971979848439449984,F,7233.191,5.4905314,1.5222522,1.4921088,-1.9801861
5797193650377913856,F,6940.162,4.4490886,1.452153,1.4589804,0.4701604
5850685406503512064,F,6913.3994,4.518688,1.4820836,1.4817538,-0.022253864
5303365457506886912,F,6751.845,7.188022,1.9569247,1.9593541,0.12414426
3288367222567339264,F,6968.574,5.790937,1.6472548,1.6509722,0.22566969
6096970719677713920,F,6056.006,3.932195,1.7890226,1.8013499,0.68905474
5253385713393039616,F,6623.439,4.042278,1.5258912,1.5268598,0.06347929
6128098065661601408,F,6216.8384,2.4376137,1.4807719,1.3458493,-9.1116372
6593529996345292544,F,6133.1924,2.6317399,1.4391073,1.436817,-0.15914547
4144063894932993920,F,7019.6333,7.6706815,1.8739053,1.8725839,-0.070515852
5854151651287174912,F,7449.826,7.092236,1.5937346,1.5986467,0.30821224
5301997866895143552,F,6506.2627,3.561913,1.4851282,1.4853597,0.015585302
2183910506889851520,F,6701.8325,3.825702,1.4538467,1.4508469,-0.20633416
5937038747677938688,F,6432.286,5.864258,1.9689887,1.9499748,-0.96566743
5646942809459636224,F,7357.2485,8.899521,1.8372952,1.8361393,-0.062913004
5310756718284821632,F,6741.171,13.432536,1.7166716,2.6869617,56.521592
3157645563587575424,F,6052.1567,2.0415728,1.4043994,1.2996167,-7.461036
2940080524874764672,F,6042.652,1.3289317,1.0510236,1.0518391,0.077594079
5342051121315203584,F,6228.6377,2.6891968,1.4082706,1.4082453,-0.0017958055
2948891461307105408,F,7447.2173,11.18339,1.9953492,2.00887,0.67761818
17042052273415296,F,6900.2534,6.6107397,1.8211315,1.7990702,-1.2114062
6653988532989215744,F,6182.633,3.2779493,1.5980649,1.5780012,-1.2554969
5951079712949341952,F,6091.343,1.6831061,1.1645256,1.1648843,0.030803565
2199966297240778112,F,7474.8525,6.3883843,1.5118109,1.5071047,-0.31129576
2045734360935997312,F,6142.9746,2.533819,1.4047526,1.4053468,0.042300821
5644141902358919296,F,7391.798,7.864595,1.6901633,1.7099805,1.172503
1989594504113036800,F,6273.3174,4.642145,1.8149453,1.8239713,0.49731263
5406345991450206592,F,6472.7173,5.7077065,1.90449,1.8998123,-0.24561351
4125004002669365248,F,6579.2407,3.4603474,1.4301693,1.4317311,0.10920442
2008171165387174528,F,6621.203,2.8735545,1.2756761,1.2882171,0.98308979
263424058096331520,F,6188.2935,2.1124806,1.2641158,1.2644676,0.027832749
6070095322606529152,F,6031.6055,1.739624,1.2109888,1.2078555,-0.25873488
5992982105407432960,F,7434.06,3.9724646,1.2043762,1.2015201,-0.2371402
5350403698835315584,F,6465.3237,3.1455503,1.4087365,1.4135818,0.34394323
5601612659468728192,F,6001.565,2.3753402,1.4225255,1.4255651,0.21367341
5866540192344803328,F,6664.9478,4.184102,1.5275204,1.5341251,0.4323833
5847108141074538496,F,6483.8423,5.469534,1.787968,1.8533756,3.6582077
419238702736378496,F,6420.2314,3.154875,1.4173757,1.4356312,1.2879762
441135030121125504,F,6053.3765,1.3311641,1.0518337,1.0489954,-0.26984244
188087995263552512,F,6288.676,3.1698215,1.4969774,1.4998648,0.19288466
5794619826785811584,F,6348.595,3.1551056,1.467593,1.4682664,0.045885737
5527045361414526464,F,6570.2754,2.4353015,1.2044324,1.2043768,-0.0046162303
4108749235089077888,F,7279.0767,6.1189017,1.5527452,1.5553829,0.16987054
4510861390584548224,F,6963.9624,7.541279,1.8876414,1.8865262,-0.059081587
2920420088740777472,F,6770.5376,5.5582876,1.7224509,1.7134734,-0.52120664
2008140516499735936,F,6379.9385,3.095796,1.437048,1.4401454,0.21553955
328166154599210752,F,6147.556,1.5199987,1.0856985,1.0868504,0.10610047
4614529119275550464,F,6157.993,3.0722826,1.5403839,1.5399455,-0.028458447
5866786723468892416,F,6024.659,1.6066835,1.1586356,1.1634652,0.41683252
6732866775621024000,F,6006.2485,1.4071406,1.094065,1.0955074,0.13183841
5889167007825220736,F,6888.6147,2.3914676,1.0832404,1.0857295,0.2297794
5311541666511341440,F,6912.1924,5.8188787,1.6045005,1.6820588,4.8337979
3354370939945577088,F,7392.699,10.006632,1.9230098,1.9283732,0.27890429
5623931091935693952,F,6506.409,3.1665769,1.402556,1.4004431,-0.15064816
4035720974070442368,F,6285.78,4.5252914,1.7948055,1.7937342,-0.059690356
2043499878425690880,F,6739.358,5.6111236,1.7359371,1.7375649,0.093768253
245253902596350336,F,6678.261,4.0010104,1.493202,1.4942086,0.067410565
3356386550916367104,F,6813.402,3.9916596,1.4294243,1.4338439,0.30918967
3345482174408286464,F,6380.2607,2.0728467,1.1728964,1.1783109,0.46163703
974028969903110272,F,6198.388,2.2547338,1.30179,1.3020968,0.023569945
2229807420764462336,F,7496.8306,7.449242,1.5820752,1.6179079,2.2649204
2939594506378878464,F,6379.434,2.7182956,1.3400967,1.3496999,0.71660242
204365268480606976,F,6335.1006,3.9670367,1.6554399,1.653405,-0.12292389
5502579612781043456,F,6125.8804,1.078223,0.9401943,0.92187159,-1.948822
6025199960744198016,F,6260.1445,1.9533331,1.175887,1.1881536,1.0431811
5558682640266017152,F,6444.9717,2.8573565,1.3514645,1.3557929,0.32027261
4263500686286397696,F,6756.447,3.481558,1.3489196,1.3617683,0.95252
6723489040945822208,F,6213.184,4.034254,1.7488794,1.7334302,-0.88337915
4439203670873669376,F,6118.785,2.4550288,1.3941374,1.3942834,0.010475411
5542626746854442240,F,6223.2646,3.6330328,1.639558,1.6396505,0.0056420337
4066025752243511168,F,6270.4355,2.6986573,1.3911556,1.3919756,0.058943159
5933282781579858176,F,6574.8613,2.9631531,1.3353585,1.326652,-0.65199739
5766375335871133184,F,6339.8984,1.0520644,0.8448445,0.85017773,0.63126822
940626910460134016,F,6135.634,1.6740831,1.2467316,1.1450456,-8.1562075
4624682902999566464,F,6016.892,1.2622603,1.033375,1.0339111,0.051876746
4314012765892640000,F,6543.861,5.152224,1.7626907,1.7659662,0.18582626
2054132641205508352,F,6320.181,2.71915,1.3740345,1.375342,0.09515916
6234850886548946816,F,6807.147,4.8653536,1.5746539,1.5859157,0.71519402
5906919756867924224,F,6485.8857,2.9859831,1.3622481,1.3685424,0.46205115
5602354486223429376,F,6076.0728,1.6583408,1.1665426,1.1621016,-0.38069367
4697954186074968320,F,6140.5977,2.014698,1.2546214,1.2541135,-0.040481306
1999360160229121664,F,6865.536,3.55667,1.3336283,1.3329874,-0.048055728
3107160456409257600,F,6867.4736,3.624372,1.3419286,1.3448553,0.21809382
2058368818999545984,F,6372.381,2.8548188,1.3871387,1.3862417,-0.064663661
950589276080789632,F,6165.015,1.5485781,1.2598225,1.0908159,-13.415116
1964172657101593472,F,6357.6494,4.9426255,1.8343134,1.8324784,-0.10003736
557894540692434048,F,6143.7773,3.4306285,1.6362181,1.6348167,-0.085646187
3368185616351112448,F,6583.374,2.686445,1.265154,1.2599261,-0.41322034
2916002560257845120,F,6191.015,2.2380905,1.3003359,1.300374,0.0029283414
6057091153761380864,F,6036.094,1.1856047,0.9962751,0.99566016,-0.061724282
4308488338424471040,F,6632.459,3.07291,1.3297416,1.3276357,-0.15836653
4320981917271036288,F,6338.5376,5.249551,1.9008087,1.8999234,-0.046573288
383727706965023104,F,6078.0244,2.667982,1.4619387,1.4730576,0.76055879
177049035962640000,F,6781.139,4.0359654,1.4469262,1.4555314,0.59472417
1861366571872015232,F,6942.9673,7.396757,1.8681147,1.8796786,0.61901443
227452671903396352,F,6535.015,1.7223809,1.0241269,1.0238223,-0.029742636
335760447052033920,F,6013.9463,3.416131,1.6543708,1.7025557,2.9125812
471312329333766016,F,7057.0513,6.445734,1.6906579,1.698411,0.45858655
348492173226366848,F,6370.709,2.121701,1.1878768,1.1956931,0.65800421
1635650956523865728,F,6031.298,1.6733537,1.1836255,1.1847466,0.094715143
6102118457019494144,F,6347.7764,3.0247605,1.4392931,1.4379885,-0.090640852
3117312865741515904,F,6557.123,3.3143384,1.4139068,1.4106684,-0.22904223
6881482367860410624,F,6006.595,1.1192061,0.9782095,0.97690312,-0.13354854
2170899985807662080,F,6512.6665,3.4005377,1.4563258,1.4484692,-0.5394777
5053242848692347776,F,6123.8394,2.1222968,1.3021284,1.2942216,-0.60722317
5823744451017028352,F,6031.94,2.2682524,1.4152943,1.3790653,-2.5598224
995627368298183552,F,6042.755,2.2416997,1.3591222,1.3660667,0.51095481
5615060957986572416,F,6723.4014,5.576265,1.7411871,1.7403908,-0.045732303
3087441265118454272,F,6054.3936,3.7305,1.6980433,1.755478,3.3824024
5234187106472009344,F,6874.6406,6.352381,1.7840229,1.77673,-0.40879021
6799930181675238016,F,6332.8477,3.1035352,1.4634795,1.4634686,-0.00074422864
4556180236220724992,F,6028.901,1.8221685,1.129691,1.2372889,9.5245442
4240453582519021952,F,6029.52,2.0692577,1.3187107,1.3182415,-0.03558227
5497684243417198080,F,6337.654,3.0917616,1.4590235,1.4584754,-0.037565981
358964815323482624,F,6013.4546,3.248992,1.6584936,1.660655,0.13032111
3395293074803667968,F,7049.2686,5.498931,1.5653179,1.5721869,0.43882573
1865871786400694144,F,6432.494,5.841254,1.957478,1.9460206,-0.5853158
3462440318631183104,F,6005.4873,1.6026574,1.1705811,1.1694375,-0.09769839
5842551081999946240,F,6304.2544,1.8671899,1.1447519,1.14546,0.061860151
2920070375323720832,F,6566.366,3.8553383,1.5228946,1.51717,-0.37590518
3124082352674953600,F,6825.3594,5.4953165,1.672105,1.6764803,0.26166698
5781396554495850112,F,6160.35,2.681105,1.6156031,1.4374717,-11.025692
2075297312339304960,F,6294.198,4.4294167,1.7671624,1.7698874,0.15420005
5337695509098517504,F,6453.43,2.011669,1.137235,1.1346194,-0.22999406
5410222903805267840,F,6382.149,2.889333,1.3404213,1.3903306,3.723404
5693720260353359104,F,6583.02,2.404571,1.2087193,1.1921245,-1.372924
205235806815090304,F,6361.399,5.0074077,1.8217545,1.8422746,1.1263922
1909273702227342336,F,6282.551,3.270821,1.530476,1.5265446,-0.25687278
5992153176739929728,F,6548.4316,3.6404965,1.4898113,1.4823777,-0.49896124
1752158885096167168,F,6105.6216,1.3955109,1.0744838,1.0557474,-1.7437613
4758929798120612224,F,6544.6763,6.379997,1.9644573,1.9646584,0.010238379
4608851550467751552,F,6389.0303,3.5627694,1.5405724,1.5405547,-0.0011491965
5407609708258266368,F,6273.3003,4.2297287,1.7376986,1.7410741,0.19425275
1973571252437632768,F,6091.349,2.1969035,1.3359756,1.3308579,-0.38306869
6716280745787012352,F,6242.4297,2.2037654,1.2700607,1.2691955,-0.068123423
2010150904789312128,F,7084.0205,4.144488,1.3503165,1.3515403,0.090627282
4313443218872988800,F,6261.186,4.0405445,1.7137574,1.7082833,-0.31942055
1824987644807926528,F,6173.8857,1.5017362,1.0663459,1.0711069,0.44647775
4252681217054235008,F,6632.8745,5.487012,1.7717146,1.7738527,0.12068023
187166016107004288,F,7178.943,6.6680856,1.6632195,1.6692936,0.36520262
5409445961401561600,F,6037.224,2.5839915,1.4864385,1.4693462,-1.1498856
2584766882725282816,F,6140.8975,3.59205,1.676318,1.6744055,-0.11408734
5295710279588595072,F,6055.766,2.6764731,1.5257459,1.4862656,-2.5876052
882939967756204160,F,6292.129,4.421495,1.790032,1.7694671,-1.1488561
3020835771283289344,F,7353.372,6.6230555,1.5969945,1.5856571,-0.70991935
279027571204644096,F,6366.7583,2.30391,1.2402227,1.2475248,0.58877366
1867104265911994880,F,6549.1655,5.657214,1.847566,1.8474919,-0.0040127784
5334081139474518528,F,6796.878,4.8808217,1.5762211,1.5932381,1.0796073
142687442164289920,F,6247.7847,1.4740903,1.0343032,1.0362465,0.18788907
3432624591240881536,F,7023.5728,4.613157,1.4469858,1.4505614,0.24710341
4077640576441145984,F,6015.9507,3.9578521,1.825433,1.8313629,0.32484717
5934088998503089408,F,6254.652,2.590377,1.368662,1.3706556,0.14566083
6909966827183487488,F,6230.621,2.039754,1.3651748,1.2256865,-10.217618
655038935627541632,F,6365.93,4.1102805,1.6648113,1.6667297,0.11523212
6198108811421607936,F,6423.4146,2.7395823,1.3301551,1.336483,0.47572388
5321020453149950592,F,6338.708,1.9099509,1.1394403,1.1459424,0.57063557
2137966447148739584,F,6290.4746,3.059787,1.4763795,1.4727598,-0.24517156
1748405908311928832,F,6826.7495,4.6398373,1.5424001,1.5398436,-0.16575045
3382434939152203008,F,6258.313,2.9433184,1.4582032,1.4593425,0.078128841
2884084253096920448,F,6230.8745,2.6493888,1.3954184,1.39678,0.097574882
5715886689645241856,F,6303.4966,2.2951882,1.4195926,1.2702794,-10.518029
5930651925161510528,F,6227.612,4.278609,1.7800572,1.7768934,-0.17773743
2036811106823563392,F,6242.022,2.9306746,1.4644681,1.4638156,-0.044555455
2045158736552944128,F,7287.109,7.6094236,1.7272394,1.7306869,0.19959677
6059592478319815168,F,6019.793,1.7442017,1.216073,1.2141949,-0.15444112
6086990624431726080,F,6090.4062,4.3473873,1.8734335,1.8727285,-0.037633873
3040607704773670144,F,7263.604,5.1058493,1.4304972,1.4268648,-0.25392236
3120738291138871808,F,7096.519,5.6589,1.565444,1.5737235,0.52889167
3210443699634272384,F,7072.701,8.771613,1.6956747,1.972524,16.326793
4058268521581308160,F,6327.534,2.7788713,1.3888181,1.387134,-0.12126464
2033874311303730560,F,7240.108,9.108796,1.9121753,1.9181986,0.31499494
5334049700312841984,F,6839.616,4.195268,1.427439,1.4587121,2.1908516
2059429297974659712,F,6409.8247,3.8595235,1.5929514,1.5930437,0.0057969516
5305407422410079872,F,6037.9966,3.369079,1.6764237,1.6773474,0.055101763
2018360648871480704,F,6029.1724,2.2242525,1.4428698,1.3668781,-5.2667021
5302295632686811008,F,6412.88,2.157245,1.187581,1.1898622,0.19208838
5320633974810407040,F,6644.033,3.801474,1.4712623,1.4715181,0.017387122
6077991053046250240,F,6595.5796,3.2717302,1.3801366,1.3852749,0.37230486
260589585842161536,F,7305.743,3.9254482,1.234253,1.2367132,0.19932907
5865616774382959616,F,7494.8633,8.415596,1.7186002,1.7205534,0.11365335
1823853571604520960,F,6258.2305,2.108045,1.2324775,1.2350655,0.20998344
187247281185703296,F,6045.8574,1.5066128,1.1187661,1.1187632,-0.00025558507
6017116763575003264,F,6853.0117,97.92876,1.4634056,7.020133,379.71205
3113671180152173184,F,6319.5806,2.6278584,1.3510358,1.3523143,0.09462785
4278359280255100160,F,6038.3677,3.470471,1.7053192,1.7021909,-0.1834447
5936427384814335616,F,6007.9536,2.8360777,1.5614256,1.5543867,-0.45079683
5537290954360774912,F,6680.7437,4.553067,1.5917428,1.5927791,0.065107383
6018230362699294976,F,6425.3794,5.9998817,1.974194,1.9766371,0.12375383
4321471474796039680,F,6046.2456,1.3258588,1.0508245,1.0493738,-0.1380505
4041693005845810816,F,7365.4683,8.407288,1.7802585,1.7806575,0.022412619
6149376570590840832,F,6048.0386,3.3479083,1.8154321,1.6665211,-8.2025073
455680057133005056,F,6503.0635,3.4620106,1.4659567,1.4658224,-0.0091580504
5924163913142369152,F,6053.8916,3.1135182,1.5976777,1.6040193,0.39692499
5324630252910159104,F,6424.0776,4.5505548,1.7303432,1.7221215,-0.47515088
350356532630444160,F,6305.767,2.368621,1.2860421,1.2895112,0.26974809
1926450204156874624,F,6013.6987,2.162566,1.3569856,1.3547355,-0.16581502
172811204610703872,F,6079.5664,4.270986,1.8639138,1.8628248,-0.058422813
5544916204937046656,F,6893.775,4.617027,1.5009997,1.5063301,0.35512428
3500996862819027840,F,6071.348,1.566072,1.1373918,1.1310681,-0.55597889
3143693688744429440,F,6148.0957,2.3087072,1.336599,1.3392336,0.19711562
5696745257350471680,F,6458.548,3.4281816,1.4737546,1.4788199,0.34370068
2126604132649107712,F,7240.6763,6.6030726,1.634661,1.6329314,-0.10580974
2931921495769400704,F,6681.8696,6.094085,1.8482327,1.8420925,-0.33222273
1146200056883881856,F,6262.4307,2.568032,1.3613172,1.3613428,0.0018832204
5399016784360207232,F,6166.1255,2.467043,1.3761472,1.3763117,0.011953475
5109185622356092160,F,6064.4062,1.934745,1.2655265,1.260052,-0.43258831
6131058122760041216,F,6406.008,4.538048,1.7253758,1.7294689,0.23722794
3462165754258902272,F,6210.1763,2.2699666,1.3680724,1.3015326,-4.8637664
2011000311873440896,F,6482.187,2.1809456,1.169335,1.1709341,0.13675584
5334315163657626112,F,6728.094,4.998234,1.6406108,1.6454222,0.29326874
1873313624695869440,F,7442.2803,10.87669,1.9838725,1.9837617,-0.0055875143
1940953449725768832,F,6029.5996,2.9123957,1.5144175,1.5638727,3.2656267
3368186883369351424,F,6086.0015,4.684041,1.946514,1.9467016,0.0096397796
2889215467705623040,F,6042.5957,2.5118082,1.4570738,1.4461033,-0.75291175
4161504490143598208,F,6467.4995,4.617003,1.7102995,1.7114351,0.066397009
1756255665421652224,F,6283.3613,5.154915,1.9467841,1.9159309,-1.5848273
5291096316481003264,F,6674.1455,2.584753,1.1751107,1.202462,2.3275471
113349551356536576,F,6124.8447,2.6233354,1.4234208,1.4384339,1.0547194
247641221519382144,F,7496.744,5.3068027,1.3431708,1.3656024,1.6700479
5854426254280990336,F,6474.537,4.624559,1.7105665,1.7091134,-0.084946212
2286618533735372928,F,6359.9707,3.1696095,1.4603465,1.4663776,0.41298945
415100072243623808,F,6528.5176,4.4178333,1.7332844,1.6429663,-5.2108047
1906589175868543744,F,6149.993,2.5252345,1.3998768,1.3997639,-0.0080681833
5337438670048179584,F,6004.8013,0.987802,0.91823125,0.9183132,0.00892529
6635311987964712960,F,6600.4297,3.6424308,1.4492688,1.459501,0.7060248
1999111979839985280,F,6963.9624,5.918445,1.6631527,1.6712604,0.48749233
956214618088060032,F,6376.7905,3.772996,1.577165,1.5914465,0.90551522
6129753036825123840,F,6166.613,2.4587524,1.3778871,1.3737799,-0.29807655
6639487413427135232,F,6223.326,3.414218,1.610736,1.5894749,-1.3199601
175343624704232704,F,6454.341,4.017035,1.5976278,1.6028842,0.32901454
4067830497504638720,F,7286.409,7.97957,1.7760446,1.7726207,-0.19278277
269291116564678784,F,6088.7583,4.4355597,1.893573,1.8926482,-0.048836563
2083661400365290752,F,6134.6,3.8308175,1.6830007,1.732712,2.9537322
5934758326213202560,F,6066.9233,2.1345537,1.3194742,1.3224209,0.22332151
2917932100084187520,F,6322.117,2.2119875,1.2305919,1.2397081,0.74079766
4198634310611283584,F,6370.4536,5.104731,1.8595752,1.8548076,-0.25637857
1950004629442931840,F,6261.4473,2.0802844,1.2235411,1.225646,0.17203473
5951869304074461568,F,7129.707,4.949483,1.457076,1.4581081,0.070831705
1822720181264552576,F,6182.8843,5.167607,1.9427717,1.9811423,1.9750418
966185638065913856,F,6127.4375,1.3476421,1.166036,1.0301078,-11.657292
5310032724229326592,F,6003.242,4.65121,1.9916126,1.9937212,0.10587549
2937438879471947904,F,6436.288,4.3566837,1.6750845,1.6786503,0.21287423
5427143185159418368,F,6604.6196,3.612613,1.4492958,1.4516712,0.16390079
6205511243395933696,F,6032.7446,1.7868212,1.2244267,1.2236686,-0.061911455
4085662273994856320,F,6153.6943,2.7238882,1.4494351,1.4520313,0.1791149
5238533819536641408,F,6309.4585,4.9921436,1.8717427,1.8698748,-0.099796877
1872960612743073920,F,6368.898,3.4153376,1.5154215,1.5178938,0.1631442
6094010245960915328,F,6363.725,4.769667,1.9279246,1.7966951,-6.8067757
2047834501180788608,F,6369.8486,2.7983754,1.387365,1.3735609,-0.994985
1834739664421193216,F,6060.1265,2.417002,1.4107195,1.4103545,-0.025873873
2203658972681070336,F,7285.321,3.0205524,1.1065868,1.0909352,-1.4144012
2914857693774360320,F,6012.3223,1.7284979,1.2113576,1.2117222,0.030102412
3384305350167163136,F,6020.996,3.882871,1.7866653,1.8108937,1.3560698
1651378336487110656,F,6041.332,2.0341418,1.3142022,1.3019022,-0.93592761
5856828687206530688,F,7191.684,7.827635,1.8061252,1.8022177,-0.21634699
5188059874952626560,F,6287.861,1.8813736,1.1535543,1.1558057,0.1951676
5531033564965725056,F,6618.612,3.209296,1.3494196,1.3624614,0.96647394
6059192015576543872,F,6315.589,2.4586344,1.3102201,1.3097018,-0.039559604
227790501149255168,F,6688.7954,3.5177364,1.3961607,1.3966545,0.035368124
5919913785286853120,F,6076.857,1.7353127,1.1866726,1.1884584,0.15049159
777360841166501248,F,6285.735,2.4853249,1.3415849,1.3293294,-0.91350883
6545853209364156416,F,6152.762,2.5119963,1.3945422,1.3948337,0.020901695
2130822340287611264,F,6004.0366,3.414193,1.7114387,1.7076959,-0.2186939
1556930803057200768,F,6018.967,2.3969464,1.4234642,1.4237653,0.021151138
4803716862386807808,F,6006.338,0.63805425,0.73818356,0.73767052,-0.069500335
5959065809496608512,F,6697.2754,4.4007354,1.5587113,1.5581866,-0.033660572
6899746114986307072,F,6036.505,2.2282686,1.3644584,1.3647899,0.02429577
4313144667108836992,F,6931.2754,6.6438904,1.7800329,1.7874672,0.41764945
5605791147249935872,F,6365.035,4.3672104,1.7214062,1.7185162,-0.16788692
3098872062879288448,F,6004.874,1.7959205,1.2356155,1.2381946,0.20873253
2034750278471843200,F,6010.395,1.266595,1.0386353,1.0379251,-0.068377761
895183716925895168,F,7084.4873,6.8989205,1.742382,1.7435198,0.065300287
3060324009843924352,F,6387.417,2.289632,1.2210646,1.2356215,1.1921501
2042381537663082496,F,6341.162,3.4555323,1.5402157,1.5401852,-0.0019810196
5306112209370823680,F,6018.1704,3.0219252,1.6021008,1.5990648,-0.189503
5728269045990689280,F,7232.27,5.881265,1.5419631,1.5446827,0.17637031
1710955545836694272,F,6131.2163,2.5244417,1.4384578,1.4081294,-2.1083987
4648507292753097600,F,6116.001,2.6828303,1.4620919,1.4588635,-0.22080506
4148990536018708992,F,6041.591,2.5484765,1.4525406,1.457105,0.31423248
3127334639353317248,F,6657.484,4.4560785,1.5527583,1.586753,2.1893073
5599338285304893824,F,6219.7466,2.7451663,1.4341453,1.4268953,-0.50552756
2223236597542761856,F,6313.01,3.5799804,1.5812833,1.5816869,0.025526597
3370905773760399360,F,6713.959,3.8586156,1.4227313,1.4518159,2.0442794
2550945935119094016,F,6360.3306,2.4140236,1.3066777,1.2795714,-2.0744416
1737950239926195584,F,6219.289,1.9044441,1.1867019,1.1886549,0.16457705
1866618354793459328,F,6237.843,4.6975436,1.8564783,1.8557509,-0.039179131
3085715306742291456,F,6013.1406,1.5950068,1.1605625,1.163675,0.26819094
1862845552443345664,F,6606.5054,3.8333843,1.4978837,1.4945166,-0.22478843
5946311204053174528,F,6290.8784,4.36149,1.9137253,1.758118,-8.13112
5343593701763494912,F,6441.799,3.8878803,1.5783205,1.5830523,0.29979997
2970710170045095296,F,6050.8315,1.2787951,1.0247502,1.0290193,0.41660002
1960134052112478336,F,6592.061,4.1144137,1.5440162,1.5551229,0.71933552
5610792413320159488,F,6101.4834,2.570672,1.4369019,1.4348471,-0.14300163
360138028590504192,F,6357.297,2.6946497,1.351261,1.3531917,0.14287924
5930503113116313216,F,6149.7837,1.8398763,1.195522,1.1948896,-0.052895051
