source_id,spec_class,teff_K,L_Lsun,R_gaia_Rsun,R_derived_Rsun,R_resid_pct
137340860715191552,K,4722.3906,0.24985154,0.7444062,0.74674163,0.31373089
137357971864813568,F,6460.3813,2.6193488,1.2867174,1.2919138,0.40384656
137359655491990016,G,5918.3135,1.531564,1.1762168,1.177131,0.077725035
138765965223904640,G,5881.4707,1.4454801,1.1569942,1.1579434,0.082042955
138837261681358208,G,5796.2344,1.0818951,1.0335485,1.0314635,-0.20173372
138847913200141440,G,5822.322,1.1629987,1.0602918,1.0598645,-0.040302663
138849665546774144,K,4822.3955,0.32153317,0.8137898,0.81234479,-0.1775651
138849802985712512,G,5828.407,1.2175632,1.0795459,1.0821792,0.24392502
138852276886889472,G,5983.2285,1.8529484,1.2837917,1.2668163,-1.3222855
138854853867216640,G,5907.8643,1.6944182,1.2433444,1.2425173,-0.066522693
138858667798248576,K,3920.555,0.07162261,0.58722496,0.58007364,-1.217816
138863095908776064,G,5797.6406,1.0088564,0.99571013,0.995555,-0.015579726
138867738769084288,G,5811.3687,3.2786222,1.786721,1.786249,-0.026419431
138869662914461056,M,3834.4917,0.11415227,0.7622691,0.76556107,0.43186492
138874267119987968,G,5895.669,1.5971606,1.1814871,1.2113266,2.5255918
138878459007444864,G,5781.3774,1.0448991,1.0190977,1.0188909,-0.020289207
138881860621513600,M,3434.5273,0.032048654,0.505283,0.50561985,0.066664929
138882135499407744,G,5932.3237,2.0511262,1.3560628,1.3558126,-0.018449247
138894642444148864,K,5283.1245,0.54386055,0.8829077,0.88026868,-0.29890117
138898525094580736,K,5209.2383,0.52689856,0.85320354,0.89118572,4.4517133
138900105642528512,G,5431.813,1.1814413,1.2343534,1.2273534,-0.56710201
138900792837298688,G,5882.711,1.8453369,1.3087114,1.3077838,-0.07087566
138905053444843264,K,4376.975,0.13854764,0.64730823,0.64729849,-0.001504443
138918797340301952,M,3780.2612,0.07014326,0.6166427,0.61745103,0.13108496
138925703647662592,K,5079.3364,0.49796352,0.9132761,0.9112509,-0.22175083
138932884832942080,G,5717.692,0.9779222,1.0175352,1.0077755,-0.95915036
138938588549475456,K,5169.6416,0.5633158,0.9442498,0.93563887,-0.91193336
138944807662238080,G,5901.2026,1.3807381,1.1205683,1.1241591,0.32044102
138948071837380736,G,5504.984,0.97565585,1.2633779,1.0858988,-14.04798
138948552873715072,K,4806.268,0.31588352,0.840989,0.81058895,-3.6147978
138954634547388928,M,3671.0112,0.09988682,0.79597855,0.7813324,-1.8400178
138954771986341504,G,5521.388,0.5790102,0.83228105,0.83157176,-0.085222031
138956696131697920,G,5336.2896,1.9208617,1.592951,1.6215204,1.7934916
138957275951925760,K,4035.5183,0.07624251,0.5642104,0.56487598,0.11796747
138958272384462976,G,5590.637,2.4320056,1.6689273,1.6623132,-0.39630759
138970165149128960,G,5742.3853,1.9972258,1.4494644,1.4278484,-1.4913124
138975181670778880,K,5110.523,0.41813073,0.8286589,0.82485671,-0.45883697
138980129471878400,K,4289.206,0.10382748,0.5823437,0.58351968,0.20193918
138986348585683072,K,4867.0615,0.32532203,0.8019922,0.80218813,0.024430008
138990884071254912,G,5477.3794,0.8168032,1.004099,1.0036129,-0.048413174
138993014374900352,G,5443.9033,0.5947266,0.87149495,0.86694399,-0.52220203
138995075959185792,K,4570.9507,0.21822138,0.74532384,0.74488415,-0.058992667
139000504797893120,G,5629.548,2.7120483,1.7406015,1.7312302,-0.53839471
139022426311029888,M,3672.638,0.0873566,0.74099344,0.73003684,-1.4786369
139042080081348864,G,5724.872,1.827718,1.3766446,1.3742831,-0.17154312
139043317032185216,K,4361.99,0.21959174,0.82332206,0.82052502,-0.33972582
139043763709020288,K,4676.5435,0.30201948,0.83928996,0.83718354,-0.25097625
139047646358825344,K,4367.645,0.2634897,0.8961953,0.89647941,0.03170163
139118152542588032,G,5501.8174,0.80411196,0.99185896,0.98695892,-0.49402583
139138562227617152,G,5756.9556,1.2959985,1.1457164,1.1443784,-0.11678321
139161720690855168,G,5932.33,2.8763587,1.6179283,1.6055509,-0.76501506
139167007795028992,K,4515.8286,0.39423987,1.0276004,1.0257902,-0.17616092
139169176754058880,M,3479.5474,0.050511144,0.6192444,0.61844524,-0.12905453
139172853246089728,G,5922.503,2.026379,1.3517748,1.3520817,0.022700112
139177560530632704,K,4841.2554,0.27705255,0.74290407,0.74820094,0.71299479
139183504764938624,F,6461.655,2.61837,1.2878473,1.2911632,0.25747538
139187353055636224,K,4307.683,0.14450052,0.6820917,0.68249644,0.059338718
139218448619533952,K,5015.919,0.37825146,0.81424695,0.81440876,0.019872741
139219479411680128,K,4607.183,0.31464383,0.8815205,0.88042394,-0.12439378
139220441484375552,K,4793.5645,0.3511975,0.8472067,0.85923452,1.4197034
139235147452319232,G,5509.8877,2.0505588,1.5789388,1.5714616,-0.47355704
139237209036595712,G,5442.747,1.3431871,1.298365,1.3034222,0.38950737
139238445987196800,F,6558.9233,4.0157804,1.5416598,1.5519332,0.66638803
139241332205198848,K,4502.229,0.3797138,1.0126824,1.0128058,0.012187662
139246417446498816,M,3700.929,0.13848372,0.73677564,0.9051718,22.855826
139268613837386368,G,5836.62,1.1347847,1.043711,1.0418065,-0.1824748
139270400543757312,F,6020.4834,2.1142998,1.3300173,1.3365146,0.48851507
139271465695803520,M,3292.295,0.011721296,0.33301392,0.33276948,-0.073401271
139271981091711616,G,5363.1797,0.8431986,1.0564779,1.0635879,0.67299409
139276172979763712,F,6150.986,1.7578468,1.1613111,1.1674928,0.53229988
139278956118640000,G,5927.076,2.3622909,1.4671614,1.4576017,-0.65157996
139279505874443136,F,6465.9624,2.1713593,1.1686891,1.1742286,0.47399348
139284281878065536,M,3272.1897,0.009208685,0.29678416,0.29858984,0.60841452
139285828066264576,G,5673.841,0.7168381,0.8763574,0.87621237,-0.016549568
139286854561294208,K,4441.9673,0.15419511,0.66073227,0.66303697,0.34881054
139287133736316032,K,5266.682,0.8684549,1.1257416,1.1193157,-0.57081319
139296135987758208,G,5784.854,1.1172278,1.0523338,1.0522992,-0.003291988
139298850407223936,K,4920.848,0.2347276,0.6680172,0.6665847,-0.214441
139300430955045504,F,6313.36,2.7409549,1.37827,1.3838308,0.40346336
139308402414302848,G,5802.1113,3.5011058,1.8555446,1.8517556,-0.20419865
139309948602510720,F,6280.4194,3.060854,1.4760993,1.4777371,0.11095424
139311185553253632,F,6272.133,4.6824107,1.8303448,1.8325566,0.12084009
139322592986229888,F,6540.743,3.372153,1.4273186,1.4300546,0.1916897
139326956672992512,K,5114.9097,0.48770708,0.89439136,0.88931732,-0.56731798
139339223099319808,K,4059.1038,0.081302926,0.5771751,0.57656189,-0.106243
139342315475757440,G,5535.224,0.7386523,0.9337918,0.93455053,0.081252287
139342796512088448,K,5041.9116,0.31850806,0.7344373,0.73964431,0.70897948
139344475843120512,F,6263.7163,2.77627,1.6958978,1.4148808,-16.570397
139350664892188672,K,5258.8354,0.86187935,1.1045043,1.1184002,1.2581135
139372277167564160,G,5823.124,1.8366437,1.3314015,1.3315379,0.010246841
139381485577839872,G,5539.9,1.2873971,1.3396386,1.2317018,-8.0571587
139387292373236352,G,5562.2036,0.5929499,0.8310033,0.82921738,-0.21491103
139394129961075584,G,5685.6772,1.1336355,1.099085,1.0973003,-0.16238443
139398115690720256,K,5250.1987,0.5396686,0.8855562,0.88790245,0.26494677
139402479377451136,G,5661.259,2.4883897,1.643063,1.6397827,-0.19964313
139411000592531200,G,5333.7676,0.5351738,0.84745896,0.85670718,1.0912878
139424813207353984,G,5331.092,1.028978,1.1903273,1.189115,-0.10184745
139429417412262144,F,6665.925,4.546924,1.5852773,1.598789,0.85232661
139429829729108096,K,4858.6895,0.3410502,0.82676566,0.8241837,-0.31229596
139438385304119808,K,5005.6064,0.87843865,1.2549362,1.2462222,-0.69437773
139444810575173760,K,4544.4834,0.18847355,0.7007236,0.70034063,-0.054653273
139448727585310464,K,4977.2344,0.7290713,1.1264395,1.1483175,1.9422237
139450991031707520,M,3525.1013,0.071109176,0.71250373,0.71494524,0.34266661
139451407644732160,G,5415.256,0.497275,0.8017994,0.80114936,-0.081072791
139457935995070592,K,4471.376,0.14911738,0.6442229,0.64347979,-0.11535009
139458829348259968,G,5959.5205,1.325576,1.0827514,1.0800226,-0.25202516
139463433553163008,G,5699.0396,0.5713283,0.8921182,0.77534087,-13.089894
139464842302416000,K,5033.8223,0.8637944,1.2089994,1.2219758,1.0733143
139470198125534976,G,5522.74,1.3003129,1.2501972,1.2455693,-0.37017245
139470408578515456,M,3097.7368,0.010084351,0.3465598,0.34864875,0.60276889
139472126567856640,K,4398.309,0.14819953,0.66209775,0.66298713,0.13432802
139473157359999104,G,5778.468,1.0238,1.017663,1.0095674,-0.79551349
139474840987158400,M,3539.5947,0.045985565,0.5692406,0.57023892,0.1753767
139476799492262656,M,3093.9622,0.0038343912,0.21549407,0.21551195,0.0082988354
139487244852601856,G,5890.9097,1.070729,0.9943447,0.99340928,-0.094074091
139487721591728384,F,6520.365,3.3197892,1.4197963,1.4277909,0.56307845
139487760249260032,G,5759.124,1.0772215,1.0372717,1.0425402,0.50791857
139488378723956352,K,3955.1304,0.06386292,0.5465978,0.53821517,-1.5336014
139488791040954112,G,5695.574,1.1105776,1.086501,1.0823124,-0.38551646
139490023694140416,F,6344.247,2.9578056,1.4237891,1.4235667,-0.015623084
139499408199988992,K,4930.8076,0.32717285,0.7924692,0.78380075,-1.0938529
139500232834273280,M,3689.5667,0.052459665,0.5596056,0.56055107,0.16895282
139510815633109120,K,4503.198,0.15079369,0.63836324,0.63797353,-0.061048357
139514835722681216,K,4947.6597,0.31873512,0.76743853,0.7683666,0.12093078
139522978980340480,G,5604.933,0.83542943,0.9675374,0.96932005,0.18424586
139525040564758656,G,5515.926,0.98122144,1.0900247,1.0846755,-0.49074521
139525384162125440,G,5866.209,2.8381143,1.6273787,1.6309965,0.22231051
139526895990559872,K,4976.6333,0.4775096,0.9110873,0.92955038,2.0264884
139529266812552704,M,3434.4236,0.02116089,0.4175922,0.41087754,-1.6079457
139529472970989568,G,5935.47,2.6846108,1.5538334,1.5494715,-0.28071718
139532530987650816,G,5419.253,1.2390324,1.2601633,1.2627449,0.204866
139539334216490880,K,4571.407,0.17156069,0.658215,0.6603319,0.32161153
139543972780688000,G,5886.6035,1.784138,1.2708327,1.2842152,1.0530516
139548611345321088,G,5979.4785,2.5133638,1.4791698,1.4772508,-0.12973781
139554452500835456,G,5657.0957,0.99790776,1.0302188,1.0399472,0.94430879
139559743900581248,K,4014.0376,0.08492846,0.6027572,0.60258305,-0.028891855
139571769808705024,G,5582.081,0.91717815,1.0250586,1.0239712,-0.10608159
139572319564532736,K,4206.075,0.12824503,0.67338014,0.67440287,0.15187954
139581081297984640,K,4437.522,0.2404622,0.8298881,0.82965117,-0.02854949
139581871571927680,K,4938.8076,0.42679045,0.89871424,0.89231109,-0.7124787
139585341905473920,G,5405.3384,2.4602315,1.8184308,1.7885265,-1.6445129
139588503001833472,K,5284.8247,0.6489481,0.9667955,0.96094155,-0.60550056
139603380768073728,K,4868.2905,0.30086955,0.7693694,0.77106201,0.22000012
139609011469827584,K,4577.012,0.24373464,0.7851205,0.78514105,0.0026179979
139611352227274752,K,4534.851,0.19189072,0.7093498,0.70966617,0.044599988
140352285624994944,M,3472.6487,0.020523034,0.39680135,0.39577854,-0.25776415
140361803272498944,G,5672.798,1.1388744,1.1035705,1.1048325,0.11435533
140368915738356736,G,5725.5757,2.332912,1.5919607,1.5522584,-2.4939249
140373038906774912,K,5211.332,2.3470967,1.8924719,1.8794084,-0.69028649
140377982414187904,G,5410.246,0.734349,0.9701811,0.97537224,0.53506884
140380048293550208,K,4913.004,0.32863784,0.7898899,0.79125726,0.17310798
140383175029528832,K,4258.066,0.21819925,0.8610458,0.85833142,-0.31524232
140416160378398464,G,5733.3857,0.86087614,0.9341259,0.94037522,0.66900241
140424956471398016,K,4252.8516,0.13565946,0.6763438,0.67844984,0.31138631
140434645917582848,G,5838.793,3.833472,1.9263271,1.9133885,-0.67167388
140434955155218688,G,5920.1626,2.6008255,1.5437725,1.5329977,-0.69795374
140435534975226112,K,4708.365,0.29275998,0.8107507,0.81314645,0.29549765
140442411218450944,F,6152.617,3.4355872,1.6345474,1.6313002,-0.19866114
140444369723556608,G,5914.296,1.6165622,1.2082533,1.2109975,0.22712384
140444610241720320,K,4765.3926,0.3111601,0.8219879,0.81836631,-0.44058976
140450382677718912,F,6263.9536,1.9411367,1.1770434,1.1829984,0.50592864
140453337615223680,G,5948.832,1.2898724,1.0689485,1.0692103,0.024489883
140590707849859456,G,5327.5723,0.6733446,1.0269153,0.96319262,-6.2052516
140591669922531712,K,4668.589,0.20560454,0.6980197,0.69310371,-0.70427609
140594895442642048,G,5885.7344,1.5322758,1.2087392,1.1904751,-1.5110052
140595793091130496,F,6113.631,3.0314326,1.5338466,1.5519534,1.1804825
140601050131394304,K,4269.4814,0.13365385,0.6655609,0.66818027,0.39355785
140604898421699584,K,5042.172,1.566607,1.6554677,1.640204,-0.92201446
140607853359187968,G,5549.817,0.76868933,0.9430332,0.94835571,0.56440279
140612285765427456,G,5596.1216,2.186035,1.5502758,1.5729229,1.4608422
140613488356261376,M,3464.5066,0.02630085,0.45021015,0.45014794,-0.013817991
140623349601186816,F,6446.536,2.273524,1.2118399,1.2087879,-0.25184757
140634310357774720,K,5200.1553,0.6156589,0.9547713,0.96669754,1.2491203
140644407825485184,K,4742.387,0.24096367,0.7210015,0.72716834,0.85531595
140659354310586624,M,3548.2737,0.04580069,0.578316,0.56631093,-2.0758661
140688152067591680,G,5465.248,1.1273404,1.1843563,1.1842979,-0.0049334447
140688907981820928,G,5655.127,1.0940219,1.0976272,1.089636,-0.72804309
140695127094442624,M,3455.283,0.084952004,0.81878746,0.81334112,-0.6651717
140704915323714304,K,4213.857,0.13634135,0.69042456,0.69279919,0.34393711
140713956231163520,M,3631.3462,0.044659257,0.5297291,0.53391681,0.79053873
140722408726655744,G,5826.4653,3.906541,1.9453743,1.9397199,-0.29065775
140723714396701440,K,4425.82,0.17311448,0.7077213,0.70767257,-0.006884942
140725707261540736,K,4835.882,0.36358953,0.85333383,0.85902827,0.66731647
140729658632000256,K,5014.4736,0.48042616,0.9139216,0.91836598,0.48629747
141350642183574528,K,4724.7114,0.23269033,0.7181405,0.71993246,0.24952827
141350779622528384,M,3733.6453,0.11190952,0.8054586,0.79950384,-0.73930028
141350882701742464,K,5147.2812,0.7996234,1.1212987,1.1244499,0.28103325
141361396781496832,G,5646.2734,0.72654593,0.8954865,0.89076038,-0.52777138
141405411606333568,G,5513.219,0.6042845,0.8525456,0.8520467,-0.058518611
141409534774937088,G,5492.646,0.658728,0.9128968,0.89627855,-1.8203864
141418433947132288,G,5885.295,1.5266808,1.1696028,1.1884771,1.6137339
141418880623938048,G,5394.749,2.3346968,1.7579224,1.7491454,-0.49928113
141426130528552192,G,5940.686,1.339862,1.0875462,1.0927228,0.47598785
141426989522007808,M,3104.8706,0.004142152,0.22225107,0.22242273,0.077236903
141434101987816064,G,5718.4673,2.6374567,1.655825,1.6545753,-0.075470817
141437400522692736,F,6081.6895,3.2145925,1.6149907,1.6149818,-0.00054994164
141442313965665024,K,4935.9697,0.32049125,0.78344405,0.77413424,-1.1883179
141446162256358016,F,6411.352,5.492275,1.9036306,1.8994596,-0.21910895
141456332738877056,M,3640.734,0.10063069,0.80649966,0.79733436,-1.1364298
141462483132060928,F,6459.1045,2.7249916,1.3242112,1.3182298,-0.45169581
141471176145833216,G,5923.7646,1.0782758,0.98828983,0.98587648,-0.24419455
141481479771901184,G,5696.0493,3.1701186,1.8415172,1.8282831,-0.71865378
141484262910707584,K,5111.659,0.39335433,0.7985924,0.79968947,0.13737606
141486118336468352,M,3555.7207,0.027954156,0.4401717,0.44057624,0.091905232
141487252207416064,G,5620.037,0.77530676,0.94217014,0.92877731,-1.4214875
141489386807241472,G,5675.0654,1.954936,1.4504154,1.4463643,-0.27930671
141490383239778176,G,5511.1826,2.453411,1.7269957,1.7181011,-0.51503362
141493681774533504,G,5822.12,1.3799101,1.1557018,1.1545593,-0.098855664
141501996831096960,F,6245.782,2.3830318,1.3176278,1.3183916,0.05796988
141518077188569984,G,5837.2964,1.3613322,1.1417698,1.1408058,-0.084428742
141530412335249536,G,5861.808,2.8133714,1.6945791,1.6263107,-4.0286353
141549104032389888,G,5335.5513,0.5813521,0.88488525,0.89230676,0.83869761
141553742597059200,G,5627.9688,0.66620654,0.8720714,0.85852757,-1.5530648
141559274514901504,F,6040.7812,1.3724974,1.0663391,1.0696033,0.30610827
141571605363961216,F,6429.504,4.4571266,1.6991743,1.7014755,0.13543145
141593084497406592,F,6263.8267,2.1156483,1.2645173,1.235081,-2.3278709
141613356742936192,K,4206.7056,0.15009883,0.72962034,0.72938626,-0.032083087
141616547902848896,K,4179.7427,0.13004923,0.69067717,0.68771415,-0.42900277
141621053324424320,G,5434.047,0.84465885,1.0357158,1.0369243,0.11668174
141626001126746624,K,4565.616,0.2354169,0.76506543,0.77548467,1.3618755
141640535295948928,K,4256.797,0.12143971,0.63901234,0.64071906,0.26708681
141644211788065024,G,5980.877,3.5872817,1.7642958,1.7640308,-0.015021022
141648953431797632,G,5898.553,0.9008616,0.90794945,0.90884794,0.098957974
141658436720010624,G,5990.7847,1.9024198,1.276582,1.2803801,0.29752104
141658539799225600,K,5079.06,0.39959356,0.8229897,0.81638631,-0.80236581
141662349434077952,M,3366.213,0.010132048,0.29652128,0.29595017,-0.19260323
141662491168630400,K,4461.3545,0.1843306,0.7170756,0.71865162,0.21978502
141663384521977984,G,5714.0015,0.95323944,0.9974688,0.99626176,-0.12101001
141670703146121472,G,5998.663,3.3512743,1.6945267,1.6949201,0.023213682
141679636678564992,K,4492.975,0.17314672,0.6892162,0.68673992,-0.35928984
141680461311760256,K,5045.445,0.5010877,0.92588586,0.92642673,0.058417008
141682243722910464,K,4455.451,0.1406915,0.6355778,0.62951161,-0.95443633
141687470698556672,G,5900.986,2.070921,1.37769,1.3768472,-0.061171962
141689154325720064,K,4295.6157,0.28772882,0.96937245,0.96848746,-0.091295299
141689601002311680,G,5431.4253,0.823359,1.0247757,1.0247553,-0.0019942746
141690975391838464,G,5587.8203,0.71676683,0.9048884,0.90335249,-0.16973422
141694372710604416,M,3470.6858,0.027595483,0.4591425,0.4594535,0.067734673
141695162984774400,G,5602.804,1.2636583,1.1894017,1.1930458,0.30638365
141698259656345856,G,5550.399,0.62732226,0.85654193,0.85654484,0.00033937155
141701966211622144,M,3437.6191,0.022434393,0.4417856,0.42227446,-4.4164273
141709250477415680,K,4161.2524,0.15057129,0.74723,0.74657962,-0.087039092
141720559126369536,K,5161.8315,1.0507804,1.2769836,1.2817446,0.37283149
141723067388009728,K,4923.723,0.28208935,0.7299175,0.72989314,-0.0033374949
141723892021730048,G,5795.356,1.4367675,1.1821386,1.1890118,0.58142213
141724231321829376,M,3275.3203,0.0066692573,0.2537556,0.25362049,-0.053242724
141730592170689280,G,5977.168,1.4970224,1.1420887,1.1409757,-0.097455386
141731451164155776,F,6549.0933,2.6384904,1.2573851,1.2617362,0.34604391
141736021009341056,K,4336.881,0.14005712,0.66129136,0.66290416,0.24388667
141739044666278400,F,6226.6206,1.7118229,1.1237167,1.1242885,0.050884742
141749936703360000,K,4436.937,0.14611232,0.6464274,0.64688943,0.071474338
141759351271652608,K,5045.4644,0.4050151,0.8280183,0.83288775,0.58808516
141760244624834432,G,5920.286,1.5535165,1.1833171,1.1847473,0.12086218
141766395017955072,K,4613.6626,0.18350957,0.67278314,0.67048777,-0.34117603
141767941206636800,K,5213.4297,0.90162355,1.1580123,1.1639082,0.50914266
141769384315170560,K,4217.2383,0.10840877,0.61550254,0.6167783,0.20727121
141777802451286400,K,4470.0454,0.37795043,1.0308018,1.0250539,-0.55761165
141780379431481984,K,4800.7095,0.35248575,0.8320439,0.85824857,3.1494338
141786873421947264,K,5180.833,0.48071527,0.85512537,0.86059325,0.63942381
141787251377376384,M,3470.9753,0.021138119,0.40117872,0.40205298,0.21792244
141795119759101056,M,3323.2886,0.02563909,0.4841326,0.4830236,-0.22906986
141802163505441792,G,5579.759,1.9647449,1.4969122,1.4999451,0.20261032
141810169324420608,K,5190.7485,0.34280893,0.72475106,0.7239678,-0.1080731
141813845814676352,K,4430.059,0.1443328,0.6452285,0.64493606,-0.045323778
141819888833411200,G,5861.8984,1.1408873,1.0362562,1.0356141,-0.061962234
141820992642019328,K,4938.8564,0.32280374,0.766825,0.77601415,1.1983376
141823805844624640,K,4713.1704,0.26302987,0.7703021,0.76918253,-0.14534141
141826318401439616,F,7302.984,7.149364,1.618077,1.670268,3.225497
141827039955932544,G,5583.3193,0.8046018,0.9676874,0.95864703,-0.93422433
141827795870174848,G,5640.05,1.9783978,1.4758818,1.4731401,-0.18576429
141829410777908736,G,5895.3774,1.6169705,1.2339169,1.2189362,-1.2140747
141837171783029504,M,3794.1577,0.062028106,0.5881095,0.5763903,-1.9926897
141839512541105024,G,5858.8545,1.2785486,1.0912005,1.0974541,0.57309138
141840543333248128,G,5498.39,0.62128484,0.87075526,0.86861526,-0.24576316
141841505405940224,M,3709.0852,0.036504757,0.46760485,0.46269443,-1.0501214
141844009371308288,K,4492.0723,0.17247044,0.68789697,0.68567296,-0.3233061
141844902724726016,G,5858.041,1.0446103,0.9911949,0.99226003,0.10745948
141848136835282688,G,5943.0054,1.8529599,1.2834439,1.2840263,0.04537844
141852500522044416,G,5559.8896,1.6608477,1.3899918,1.3889472,-0.075153184
141853153357063680,K,5270.321,0.5973703,0.92680645,0.92704505,0.025744221
141858994512584576,K,4468.7036,0.19660552,0.73725367,0.73975501,0.33927803
141866308841188608,M,3595.2327,0.019295787,0.36584046,0.35803905,-2.1324617
141866965971701632,M,3629.967,0.11095907,0.8475548,0.8422271,-0.62859659
141869852189720576,K,4792.1543,0.2755804,0.7627922,0.76158036,-0.15886854
141872429170082176,G,5668.069,1.2336797,1.1042284,1.1518187,4.3098211
141881122183908992,G,5688.918,0.94171685,0.9962295,0.99897354,0.27544223
141887135138101632,G,5671.748,0.9370669,1.0016494,1.0025467,0.089581024
141887268281781248,K,4253.6826,0.27045465,0.95314926,0.95756933,0.46373283
141891361385899776,G,5917.251,2.053095,1.3628049,1.3633825,0.042379694
141897855376414976,G,5595.0586,0.68624246,0.883363,0.88162252,-0.19702895
141900604155608320,M,3566.9666,0.039138116,0.51468486,0.51803015,0.64996778
141914107532760320,F,6757.997,5.805086,1.7567599,1.7576059,0.048156564
141922487013200256,K,4461.2544,0.33671057,0.9720187,0.97133169,-0.070678843
141923693899616128,G,5615.91,0.92019707,1.0151371,1.0133356,-0.17746253
141927950210806400,G,5843.263,1.691215,1.2866863,1.2689418,-1.3790851
141933108467883008,K,5043.5757,0.3650701,0.7915829,0.79134198,-0.030435051
141939430660252160,G,5670.6304,1.3124663,1.191469,1.1869558,-0.37879042
141952040683679616,F,6557.7817,3.793155,1.4905981,1.5088273,1.222948
141957641321008896,F,6175.6855,2.3127828,1.327612,1.3284654,0.064279725
141963379397860736,G,5385.8125,1.7265706,1.5224925,1.5091864,-0.87397073
141967811803497600,K,4162.8794,0.10159206,0.6151589,0.61276702,-0.38882255
141972106770961280,K,4445.993,0.14770855,0.64751166,0.64776642,0.039344131
141978016645956096,K,4208.3574,0.18004477,0.79719573,0.79821188,0.12746496
141980662345775744,K,4016.8945,0.11310403,0.6915192,0.69440262,0.41696862
141987358198229376,F,7082.656,5.526623,1.561445,1.5613159,-0.0082678377
141987671732278784,K,4637.578,0.2938048,0.8347865,0.83965359,0.58303429
141989836395781760,G,5777.237,1.4437238,1.2028608,1.1993746,-0.28982489
141991279504801792,G,5677.7764,2.0327103,1.482549,1.4734464,-0.61398488
141993375448816384,F,6334.937,4.6643424,1.7683754,1.7929318,1.3886423
142005263918652928,K,4063.2217,0.054822877,0.47451892,0.47249045,-0.42747953
142005366997867136,M,3556.2302,0.04575594,0.5653144,0.56350422,-0.32020822
142005848034201984,G,5935.8975,1.3909973,1.1133641,1.1151763,0.16276501
142015503120743552,K,4682.1978,0.27478328,0.8095141,0.79661559,-1.5933649
142019076533417088,G,5887.0176,1.4823089,1.1697769,1.1703934,0.052699246
142024677170782592,M,3538.1453,0.027906645,0.44450673,0.44458586,0.017801958
142034675853487744,K,4003.3203,0.10933799,0.708794,0.68738178,-3.0209365
142036217751003136,G,5630.722,0.89934415,0.9979005,0.99652442,-0.1378974
142038352346413440,M,3258.528,0.010935956,0.32126132,0.32812447,2.1363149
142041994478866560,G,5424.0654,1.055786,1.1625665,1.1635667,0.086031918
142048969504587136,M,3781.3777,0.07374522,0.62968314,0.63273227,0.48423169
142052061882143360,K,4603.7295,0.2030526,0.70963866,0.7083336,-0.18390506
142060544442086144,K,4924.1074,0.42013794,0.8934573,0.89062335,-0.31718895
142067042728074752,F,6287.1914,1.8036963,1.1288965,1.131935,0.26916032
142069516629213568,F,6359.105,2.850138,1.3908929,1.3908943,9.7373638e-05
142070581781120896,G,5614.7944,1.9579377,1.4651856,1.4787164,0.92348467
142071372055095552,G,5807.567,1.5550423,1.2278222,1.2317875,0.3229572
142076865316999552,K,4154.0674,0.098156855,0.60534084,0.60487607,-0.0767788
142099203442903680,G,5378.438,0.65734386,0.92938614,0.93376401,0.47105009
142102433258433920,G,5756.1655,1.2445184,1.1374067,1.1217273,-1.3785246
142104318749026304,M,3524.6929,0.038016275,0.5232531,0.52287199,-0.072835597
142104391763500160,G,5990.607,1.3189862,1.0625392,1.0661827,0.3429041
142105246462020352,M,3646.913,0.05866059,0.6050085,0.6067022,0.27994613
142107140542452480,G,5560.6436,0.7422989,0.9296079,0.92830876,-0.13975152
142107449780096640,M,3613.7878,0.08758907,0.7446567,0.75501021,1.3903733
142109167767116672,K,4441.282,0.22562349,0.79733586,0.8022849,0.62069694
142111091912488960,G,5769.5986,1.6978134,1.3077704,1.3040881,-0.28156897
142128203062163968,M,3602.9543,0.037117735,0.50085855,0.49445456,-1.2786023
142131673395745536,M,3657.367,0.07129756,0.66766936,0.66504864,-0.39251743
142135757909843328,M,3876.3333,0.055954564,0.5220886,0.52447971,0.45799001
142137411472009600,G,5519.7876,1.7475977,1.4494567,1.4455368,-0.27043747
142144730096259712,K,3903.9614,0.062518984,0.5460077,0.54657289,0.10351316
142148745890404608,K,4586.316,0.33996478,0.9225036,0.92351122,0.10922644
142150021495307264,G,5961.5493,2.2442605,1.404856,1.4043376,-0.036902809
142150708691401984,K,4376.1104,0.14101991,0.6533881,0.65330629,-0.012521282
142151047992878848,G,5300.276,0.7134995,1.0054001,1.0017354,-0.36450033
142153423110436608,G,5393.482,1.3505945,1.3318803,1.3309973,-0.066295535
142155415975259904,F,6135.7856,1.5594841,1.1339927,1.1051043,-2.5474908
142156206249238144,K,4518.6113,0.22138418,0.7672597,0.76774409,0.063133017
137340723276237440,G,5526.7617,1.3399897,1.2654767,1.2625902,-0.22809627
137342093370833408,M,3464.4531,0.016796524,0.36078382,0.35974395,-0.28822604
137346392632994944,G,5827.0605,1.5116909,1.2090572,1.2063841,-0.22108935
137346564431685120,K,4257.9653,0.11029398,0.6106279,0.61027395,-0.057965541
137349519369183744,K,5252.5913,0.48527256,0.84137595,0.84119912,-0.021017117
137349691167876864,G,5556.5117,0.67059225,0.8866418,0.88364528,-0.33796342
137350889463849472,M,3582.106,0.0355561,0.49664572,0.48959092,-1.4204896
137351752752261504,K,5097.166,0.57751346,0.9719777,0.97448837,0.25830548
137356563115545728,M,3786.6729,0.065330386,0.59210974,0.5938752,0.29816436
137358349821933312,G,5718.028,1.7296278,1.3423243,1.3400992,-0.16576791
138802008589650304,K,4387.674,0.13941585,0.64633995,0.64616069,-0.02773513
138825304492230784,K,4882.744,0.67833406,1.1417252,1.1509251,0.80578966
138844271067913600,F,6384.7876,3.1852956,1.4548458,1.4585964,0.25779721
138845164421082368,G,5821.471,1.1022878,1.0311991,1.0321319,0.090454018
138858049322951168,F,7152.264,6.4931293,1.6587305,1.6595606,0.05004381
138858083682689152,G,5784.2695,1.5558897,1.2414759,1.2420684,0.047728264
138859801669658880,G,5619.605,1.3837323,1.2430393,1.2409881,-0.16501427
138867635689878656,K,4718.7314,0.3036435,0.80337286,0.82448857,2.6283827
138869899137503872,M,3794.7285,0.07684898,0.6391754,0.64137318,0.34384645
138870590627374976,K,4545.6465,0.15781602,0.64167374,0.64052692,-0.17872342
138871277822121216,G,5396.0376,2.3865469,1.7622107,1.7676172,0.30680082
138873820443396480,G,5724.702,2.2241423,1.5632354,1.5161029,-3.0150613
138879833396953088,K,4278.003,0.15308201,0.7056304,0.712251,0.9382536
138901857989872384,G,5756.921,1.0535691,1.0372921,1.0318205,-0.52749308
138903507256637952,G,5613.2905,3.333267,1.9547123,1.9304261,-1.242445
138904331890342656,M,3608.6553,0.0627909,0.6457245,0.64107777,-0.7196156
138919690693496832,K,5291.5337,0.6001848,0.9237454,0.92179113,-0.21155946
138920171729835392,G,5423.9106,2.037203,1.6287502,1.6163867,-0.75907877
138922572616480512,K,5121.659,0.41890806,0.83391076,0.82203669,-1.4239023
138939310104003200,M,3731.1455,0.060378227,0.59122235,0.58804284,-0.53778534
138943330193491456,K,4790.079,0.3954473,0.9294926,0.91308691,-1.7650158
138943501992183552,K,5048.2373,0.32917646,0.75618744,0.75004621,-0.8121301
138962777805261440,M,3552.9265,0.03035946,0.46242324,0.45986222,-0.55382504
138965694087518464,M,3286.6624,0.008646978,0.2867526,0.28679736,0.015608292
138971913199784320,G,5737.8916,1.0518267,1.0388564,1.0378165,-0.10009895
138990330019990016,M,3585.366,0.043841906,0.54782957,0.54266384,-0.94294495
139001569949778816,K,4616.2974,0.2376316,0.7596785,0.76211006,0.32007809
139005212082016512,G,5820.9727,2.0147696,1.3971543,1.3956442,-0.10808041
139009507049300608,K,4510.8164,0.17753974,0.6854644,0.68990716,0.648138
139012427627047040,M,3505.446,0.03425645,0.5061897,0.50180823,-0.8655796
139015794881541248,K,4417.1445,0.18469137,0.7326188,0.73382626,0.16481418
139029401337892352,M,3530.7004,0.038087893,0.5190582,0.52158477,0.4867604
139043832427996928,K,4501.789,0.14100535,0.6133136,0.61730627,0.65099903
139045722213483776,K,4891.8125,0.4554503,0.938829,0.93958062,0.080059735
139133648784529920,K,4359.692,0.15260267,0.68660665,0.68473513,-0.27257529
139137634514199552,G,5459.0107,1.0878872,1.1666169,1.1660501,-0.048586611
139144850059231232,G,5704.323,2.393767,1.5982865,1.584112,-0.88685671
139146533684727296,M,3305.882,0.0069702123,0.2548829,0.25450802,-0.14708022
139149007587552512,G,5752.46,1.3899635,1.1901388,1.1869916,-0.26444013
139174841814154624,M,3561.8887,0.03730407,0.5089126,0.50718988,-0.33850984
139186494062073344,K,4884.3286,0.51984864,1.0005695,1.0068896,0.63165347
139212637526962688,M,3850.4834,0.08569413,0.6592396,0.65780654,-0.21738074
139229821692917888,K,4446.105,0.31607494,0.9498906,0.94752082,-0.24947887
139232776630390528,K,4602.011,0.20447928,0.71391594,0.71134865,-0.35960721
139234735135479168,F,6363.0894,3.021069,1.4319904,1.4302022,-0.12487713
139240541931206272,K,4542.8994,0.22297576,0.75098455,0.76228215,1.5043713
139255488417408896,G,5530.267,0.8697287,1.0141585,1.0159045,0.17215752
139257996678276480,G,5836.441,1.8649976,1.3364096,1.3356606,-0.05604912
139259572930146944,K,5078.3354,0.42573404,0.84958833,0.84290686,-0.78643632
139264799906442880,M,3691.1814,0.072875515,0.66602194,0.66010527,-0.88835921
139274386273410816,K,5206.851,0.6715989,1.0062178,1.0070658,0.084276299
139275142187640448,F,6092.51,2.0488346,1.2838243,1.2847366,0.07106406
139277268194168704,F,6063.387,3.0604844,1.5720779,1.5853227,0.84250072
139282048495091328,G,5431.3716,1.097514,1.1881806,1.1831482,-0.42353515
139283457244352512,G,5349.1597,0.53846455,0.8548199,0.85439872,-0.049270713
139287133736312960,G,5472.775,1.0139526,1.1213853,1.1200742,-0.11691635
139288095808988672,K,5019.321,0.7169157,1.1196382,1.1196886,0.0045033191
139290294832217600,G,5489.981,0.6230246,0.8727439,0.87249727,-0.028259428
139299503242106496,K,4740.9634,0.32724047,0.8308862,0.84791723,2.0497426
139299812479750784,G,5830.545,1.5501157,1.2249364,1.2201604,-0.38990026
139301736625076864,G,5577.523,1.3145852,1.2222675,1.2279051,0.46123815
139308058817062016,K,4847.5903,0.26898783,0.7403948,0.73530524,-0.68741161
139313345919452672,K,4563.629,0.19166374,0.70102674,0.70032959,-0.099446697
139317232867080960,M,3475.8206,0.027271168,0.45553213,0.45539717,-0.029627527
139326544356130176,G,5977.3843,3.4711435,1.7411104,1.7372691,-0.22062524
139345300477109248,K,4240.7095,0.12692863,0.6536646,0.6600182,0.97199683
139351523885647360,G,5597.6733,1.2061964,1.1667118,1.1677425,0.08834054
139352108001016960,K,5281.8745,0.5741947,0.9039111,0.90491252,0.11078693
139354066506096768,G,5712.967,1.0769851,1.0665148,1.0593381,-0.67291484
139355990651433728,G,5317.9033,1.2459704,1.2959923,1.3150012,1.4667454
139362415922494464,K,4668.689,0.2036629,0.69201314,0.68979371,-0.32072007
139379527072306944,M,3614.9565,0.035237648,0.4836001,0.4785755,-1.038998
139380695303870592,F,6246.883,2.7128236,1.4038094,1.4061679,0.16801054
139381416857879168,G,5328.119,0.47381282,0.814491,0.80780908,-0.82037935
139387734754214784,F,6318.5815,4.927339,1.852353,1.8523378,-0.00081834144
139393163591849216,K,4499.924,0.16378188,0.6654671,0.66584896,0.05738298
139397497215447040,G,5810.3955,1.1530573,1.0595152,1.0596616,0.013822114
139403200931947392,M,3313.4495,0.0066916896,0.2479805,0.24823347,0.10201311
139408629770595072,G,5958.4805,1.1180166,0.9928229,0.99221604,-0.061125034
139419521807672064,K,4850.758,0.3192426,0.8004846,0.80000806,-0.059531263
139424469609822208,G,5866.177,2.4949923,1.5373758,1.5292463,-0.52879029
139425156804734848,M,3361.2603,0.028329592,0.49695015,0.49632829,-0.1251356
139432887745715968,M,3293.763,0.010838114,0.31991005,0.31970198,-0.065040393
139437388871547520,K,4408.9824,0.29257646,0.92821914,0.92703498,-0.12757351
139446696064343168,M,3329.5542,0.014903659,0.3669639,0.36688287,-0.022080987
139447834232123264,K,5117.168,0.50811636,0.90772605,0.90693341,-0.087321885
139455732676607232,K,5272.7603,1.6864668,1.5463693,1.5562021,0.63586465
139456183648381824,M,3563.8386,0.033908386,0.48388013,0.48302617,-0.17648077
139468072118232448,K,5179.0415,0.49893868,0.8698258,0.87736027,0.86620482
139474222511885440,G,5366.7964,0.6029151,0.90457374,0.8981544,-0.7096536
139474737907945728,M,3751.0261,0.05727155,0.5665901,0.56665987,0.012313947
139481953453094528,K,5157.447,0.8864925,1.1907197,1.1792914,-0.95977748
139488000766849792,K,5203.422,0.41738352,0.8007801,0.79495531,-0.72739007
139496521982020864,F,6369.0444,2.4554672,1.2739911,1.2869796,1.0195158
139500542071364480,K,4805.772,0.26242813,0.73822224,0.73897888,0.1024953
139513255174477056,F,6162.741,2.6407268,1.425714,1.4254995,-0.015046059
139521325416497152,M,3486.1418,0.026738672,0.44955525,0.44826309,-0.28743055
139525659040021888,K,4492.6694,0.23439613,0.7860361,0.79913372,1.6662873
139529301172287232,G,5581.284,0.687872,0.89477336,0.88703087,-0.86530207
139543182506726656,G,5586.1274,1.4135144,1.2673737,1.2693506,0.1559873
139549470338787072,G,5542.6226,1.4068072,1.2456206,1.2862928,3.265215
139549951374866688,K,5287.076,0.86017585,1.0955818,1.1053904,0.89528417
139552287837302528,G,5785.524,1.241807,1.1121038,1.1091616,-0.26456437
139557201279837056,K,5228.5947,0.6125696,0.95159864,0.95380792,0.23216511
139563832709175424,M,3646.4607,0.05249699,0.57125235,0.57408644,0.49611851
139583726997765120,F,6358.515,2.244614,1.232756,1.2345611,0.14642931
139593897480266112,G,5696.118,1.6319181,1.3106525,1.3117298,0.082195819
139595890345025792,K,5291.577,0.8085513,1.0467795,1.069884,2.2072025
139605511071837824,G,5322.892,1.485068,1.4449297,1.43295,-0.82908874
140361047358256000,F,6649.2036,6.491935,1.9103093,1.9199989,0.5072267
140368469061595904,K,4228.9834,0.10444613,0.6010926,0.60204283,0.15808341
140371217840815232,K,5067.2905,0.39554015,0.814754,0.81601256,0.15447105
140402034230052224,K,4571.6333,0.20811588,0.72748953,0.72721528,-0.037698086
140412964922763136,M,3635.2834,0.06412469,0.6427729,0.63839467,-0.681147
140421520498078208,G,5505.491,1.0200317,1.1147991,1.1101148,-0.42019493
140428873481568000,G,5442.6904,0.5836364,0.86135393,0.85920557,-0.24941651
140440727591293952,G,5389.569,2.123519,1.6682777,1.6713722,0.18548828
140441655304211968,G,5539.842,2.604713,1.7504746,1.7520171,0.088119408
140443854327477248,F,6063.2744,3.264092,1.636428,1.6372685,0.051362734
140448454236185472,F,6613.095,3.0247314,1.3213558,1.324912,0.26913532
140577994746663552,K,5044.0903,0.37120664,0.7874714,0.79780237,1.3119171
140596205408316672,K,4659.9443,0.18515147,0.6612329,0.66016925,-0.16085852
140600534734936192,G,5329.1255,0.5866975,0.8967332,0.89856269,0.20401765
140607715920232192,K,3976.6694,0.06996889,0.5512791,0.5572713,1.0869633
140612595003067776,G,5701.5273,1.2014726,1.12305,1.1233826,0.029612842
140624483472546304,M,3897.2913,0.045233615,0.46692258,0.4665069,-0.08902505
140625686063379328,K,4050.8694,0.11100157,0.6758281,0.67642746,0.088685394
140637024777027712,G,5697.366,0.87035364,0.95852125,0.9575309,-0.10332083
140637746331534592,K,4367.0073,0.14127602,0.65732753,0.65662823,-0.10638516
140640632549532928,K,4014.3901,0.11962843,0.7140406,0.71504145,0.14016676
140641349808525824,M,3553.1372,0.044651434,0.55758053,0.557631,0.0090520816
140643587487129088,G,5599.68,1.5399808,1.3110629,1.3185129,0.56824398
140645408553169536,K,5293.823,0.70383847,0.99784553,0.99735743,-0.048915202
140646233186888576,G,5732.2656,1.129443,1.1802204,1.0775383,-8.700249
140646886021903872,K,4238.0845,0.13005732,0.66308963,0.66893102,0.88093575
140650352059470208,G,5858.839,1.3529974,1.1275502,1.1289599,0.12502278
140650425074981760,F,6226.173,3.7346046,1.6345295,1.6608603,1.6109108
140661248392516480,G,5511.022,3.0295513,1.9291924,1.9093169,-1.0302474
140666367993530752,G,5803.2485,2.6563997,1.5925353,1.6123434,1.2438074
140669151132312192,K,4499.6816,0.13825941,0.6125136,0.6118387,-0.11018551
140670869119714688,K,4573.998,0.19404249,0.69965,0.70147087,0.26025414
140672277868496640,M,3388.6963,0.015012416,0.35525933,0.35547835,0.061651537
140673617898281472,K,5081.774,0.42460892,0.83425283,0.8406535,0.76723344
140674167654090112,K,5211.0317,0.6500421,1.0157441,0.98918261,-2.6149785
140675507683874304,G,5706.1553,0.8466943,0.94105566,0.94151947,0.049285879
140676263598127872,K,4598.541,0.2150544,0.729955,0.73061267,0.090097789
140677255735180672,M,3658.0496,0.053368926,0.5783737,0.57517263,-0.55346025
140685712526180608,G,5568.3784,0.7086649,0.90725034,0.90451577,-0.3014132
140696707642383488,G,5951.54,3.6674316,1.7772518,1.8012561,1.3506401
140718869673570432,K,5075.9214,0.67059463,1.0552547,1.0588963,0.34508945
140719385069822208,F,6157.591,4.090952,1.7730192,1.7772302,0.23750234
140719797386489984,K,4547.753,0.21289615,0.7394844,0.74326439,0.51116575
140721377934516736,G,5884.6357,1.7147757,1.2541456,1.2598466,0.45456977
140723061561672192,K,5252.831,0.4732917,0.825683,0.83067425,0.6044996
140726463174344576,K,4327.7383,0.16368997,0.71426946,0.71968461,0.75813776
140731720215702272,K,5209.853,0.44718397,0.8197375,0.8208151,0.13145629
141349847613922560,F,6293.711,3.9128866,1.6425889,1.6637505,1.2883076
141369780557819776,G,5504.0527,1.2667722,1.243414,1.2377623,-0.45452966
141370742630486144,G,5624.6484,1.4265028,1.2582115,1.2577627,-0.035668619
141405823923186688,K,5104.15,0.5353506,0.9338955,0.93567591,0.19064379
141418399587394176,K,5047.2676,0.3334964,0.7537549,0.7552419,0.19727843
141421869920955008,K,4552.2266,0.19677906,0.70757914,0.71317294,0.79055492
141427058241477120,G,5787.087,1.1827548,1.082906,1.0818835,-0.094421766
141429703941337728,F,6382.2188,5.2766314,1.8812788,1.8788329,-0.1300114
141432590159342080,K,5155.4316,0.7745899,1.1062711,1.1032121,-0.2765143
141437400522690944,F,6042.4927,1.361344,1.0459766,1.064645,1.7847851
141438122077193984,F,6475.4683,2.4452925,1.2371877,1.2424422,0.4247159
141447433566672640,K,4530.171,0.18200816,0.68934023,0.69257913,0.46985479
141448017682220416,G,5952.674,1.581531,1.185889,1.1824092,-0.29342989
141452484448290048,K,4325.3916,0.11311362,0.5987049,0.59890749,0.033838532
142160741734693760,F,6292.4604,2.7456036,1.3669345,1.3942193,1.996059
142167648041991040,K,5222.097,0.46238667,0.8304953,0.83074157,0.029653749
142170048927274368,M,3788.5444,0.062349636,0.57947886,0.57959597,0.020210059
142183762759378048,K,5047.836,0.32157823,0.7421568,0.74145707,-0.094283941
142183900198330496,F,6106.9023,2.0517097,1.2670164,1.2795851,0.99199148
142188023366932736,M,3365.8914,0.011553742,0.31592858,0.31609258,0.051908953
142188538763101440,K,5259.257,0.48994458,0.8347056,0.8430976,1.0053843
142189294677240192,G,5531.4634,1.6647127,1.4065489,1.4048913,-0.11784922
142196093609980416,G,5651.049,1.1761423,1.1282734,1.1314229,0.27913986
142206096589124224,M,3700.7156,0.08423818,0.7126487,0.70605125,-0.92576457
142209154605968128,G,5763.6562,1.1589965,1.0815201,1.0796875,-0.16944326
142212590579804544,G,5977.3516,5.0100784,1.9865127,2.08717,5.0670336
142216919906800000,K,4817.0586,0.3495767,0.8222505,0.84890783,3.2419966
142222623623343488,K,5095.012,0.61150295,0.9945651,1.0036032,0.90874415
142224616488164096,M,3247.4524,0.013923925,0.37244418,0.3727764,0.089200059
142225990877690752,F,6059.9497,4.679522,1.9705441,1.962528,-0.40679463
142233034623926400,G,5502.2944,1.6828893,1.418247,1.4275564,0.65640487
142233584379733888,G,5330.1846,0.5406842,0.8588468,0.86226449,0.3979391
142237501390474624,F,6393.56,5.681557,1.9303063,1.9426804,0.64104243
142240490687265280,K,5067.8247,1.0440176,1.3264385,1.3254517,-0.07439548
142242311753397760,G,5753.4736,1.8039672,1.3595607,1.3517838,-0.57201737
142248457851081216,G,5606.5825,3.3475382,1.9421915,1.9391861,-0.15474089
142251657602222208,F,6013.0283,1.2522128,1.0288764,1.0311117,0.21726098
142256120072444672,K,4472.1763,0.20265079,0.74696565,0.74987604,0.38962897
142264198906672512,M,3413.5159,0.01518397,0.3508144,0.35232379,0.43025316
142267016405200384,K,4809.562,0.34154308,0.8329183,0.84171458,1.0560798
142267669240216960,M,3596.9304,0.074681096,0.703336,0.70371115,0.053338957
142282169049811456,K,4294.203,0.12024202,0.6296436,0.6264929,-0.50039485
142283406000389376,K,4827.7197,0.3064253,0.7913055,0.79128217,-0.0029488867
142284879174411776,G,5672.262,2.1226263,1.5313605,1.5086113,-1.4855526
142292992368034688,G,5640.6226,1.8698076,1.4373168,1.43185,-0.38034506
142295427612696192,K,4295.9717,0.22181998,0.8502381,0.85021873,-0.0022781449
142296634500285312,G,5670.2476,0.96018004,1.0149285,1.0153726,0.043759342
142299039681969664,G,5748.4316,0.9476534,0.98173374,0.98147488,-0.026367975
142300482790967552,F,6038.4473,3.5736246,1.7485266,1.7272574,-1.2164064
142305877269920384,K,4674.3667,0.30639973,0.8394647,0.84401816,0.54242426
142308866567167872,F,6386.239,5.188609,1.8566846,1.8607512,0.21902255
142313092814951424,F,6249.833,2.6891055,1.4008836,1.3986861,-0.15686603
142318349853478656,K,4886.045,0.2821522,0.75038993,0.74127603,-1.2145553
142324087931168640,F,6284.158,2.6847138,1.3875527,1.382318,-0.37726052
142331062958011136,M,3474.447,0.04572548,0.605769,0.59014797,-2.5787113
142331578354067840,G,5957.5874,2.9485657,1.6134896,1.6118244,-0.10320605
142341027282333184,K,4761.337,0.22968175,0.7200253,0.70430142,-2.1837958
142343707341729152,K,4181.65,0.1235867,0.6641074,0.66979773,0.85683824
142345150451215488,K,4452.0283,0.18343231,0.7153723,0.71990509,0.63362709
142348723863481984,G,5804.064,1.1600103,1.0641372,1.0651719,0.097233097
142350922886704128,F,6263.4346,2.6689837,1.4205905,1.3873979,-2.3365366
142357657395380608,G,5720.7153,1.0627396,1.0638787,1.0494601,-1.3552881
142362811356702592,M,3422.7332,0.014792273,0.34825602,0.34587926,-0.68247458
142367312482023680,F,7377.953,6.63175,1.5760822,1.5761424,0.0038226141
142373016198380032,K,5294.2417,0.52812773,0.8623678,0.86380381,0.16651998
142374665465868160,K,5006.0654,0.3437126,0.7780909,0.77939542,0.1676565
142376211654076672,K,5294.657,2.2902746,1.8002443,1.7985449,-0.094399825
142382082873771776,G,5631.8135,1.123944,1.1125364,1.1135993,0.095542869
142386175978165632,F,6290.385,2.3493245,1.3386155,1.2905363,-3.5917141
142387236834577024,M,3283.7517,0.0077432073,0.2718715,0.27187732,0.0021412918
142397136734701312,F,6344.317,2.0025015,1.1662674,1.1713046,0.43190491
142404420999344128,K,4560.9443,0.1748307,0.6687935,0.66965709,0.12912674
142407753893935104,F,6746.584,6.536208,1.8758773,1.8713207,-0.24290334
142414282244136704,G,5644.792,1.057743,1.0760336,1.0753438,-0.064101638
142425998914891264,K,5149.797,0.9183952,1.2019097,1.2038926,0.16497881
142427167145856256,K,4451.0654,0.19327062,0.7399299,0.73927859,-0.088022987
142427781325091200,M,3280.9983,0.005415046,0.22779274,0.22774153,-0.022482967
142443930402160640,K,5151.884,0.42694932,0.8193668,0.82018,0.099246763
142444480157907968,K,4687.218,0.47008345,1.0389808,1.0397055,0.069749813
142445206008479744,G,5456.3594,0.8236562,0.9947178,1.0155942,2.0987253
142448916860211328,K,4875.6514,0.28774568,0.76306385,0.75178261,-1.4784141
142449707134200448,G,5715.1187,0.9703717,1.0136381,1.0047817,-0.87372509
142451906157424640,M,3698.4348,0.056068223,0.5762176,0.57673409,0.089634617
142462282798491648,K,4566.812,0.1957062,0.7099012,0.70669039,-0.45228961
142475098980716672,F,6743.762,5.100195,1.6479993,1.6544059,0.38875285
142482245806753536,G,5310.709,0.49384162,0.8386963,0.83012214,-1.0223204
142485127729063936,M,3413.0305,0.017816065,0.38143474,0.38174971,0.082575234
142486575133317376,G,5381.2524,0.8439891,1.0481236,1.056951,0.84221002
142486639557617024,K,4824.8794,0.26162004,0.73106104,0.73200785,0.12951209
142501246741513472,F,6303.4067,5.6212177,1.9510183,1.9880061,1.8958186
142514956277115520,K,5213.364,0.5430671,0.9009569,0.90332454,0.26279207
142542512787322624,G,5749.464,1.3566188,1.1674486,1.1738899,0.55173989
142543749737892480,G,5439.243,0.55911374,0.85727745,0.84202759,-1.7788713
142546361078018944,G,5382.1357,0.6805635,0.9454886,0.9488077,0.35104603
142557287474727296,G,5877.865,2.131706,1.4247879,1.4079188,-1.1839745
142559864455101056,K,4538.2607,0.19932781,0.71800554,0.72220124,0.5843544
142575429417605760,G,5763.9443,1.2124562,1.108881,1.1041972,-0.42239024
142579861823805568,K,4809.6147,0.49808,1.0188099,1.0164409,-0.23252439
142590135385451264,F,6248.3506,3.8195896,1.6681097,1.6677492,-0.021613447
142592712365821312,F,7105.3486,7.8641706,1.8150026,1.8505842,1.9604145
142592781085292544,K,4762.011,0.25169656,0.7383477,0.73707386,-0.17252509
142603741841958656,G,5675.8413,1.210962,1.1377165,1.1380411,0.028527168
142605494188591104,G,5973.8057,4.41643,1.9642705,1.9619442,-0.1184309
142610235832484096,K,5293.2188,0.6958931,0.9925864,0.99193847,-0.065276999
142618104212525568,K,4257.0654,0.1418539,0.69131154,0.69239378,0.15654856
142618928846245120,K,5151.612,0.44858614,0.84116775,0.84079437,-0.044388502
142625147958733824,G,5613.3364,0.8983645,1.000175,1.0021606,0.19852248
142628205975414400,K,5180.4033,0.80633897,1.0660048,1.1147689,4.5744725
142635696398552704,G,5868.1284,2.2554512,1.4525064,1.4530169,0.035145379
142642396547500160,F,6216.9097,4.810249,1.9214038,1.8905485,-1.6058732
142642568346181504,G,5466.913,0.58431476,0.8544286,0.85210333,-0.27214292
142645385844700928,K,5285.022,0.7818906,1.0629094,1.0547088,-0.77152656
142649921330115328,K,5112.035,0.36632857,0.7702943,0.77161546,0.17151331
142652601389706368,K,4308.693,0.13517009,0.65907663,0.65978488,0.10746124
142678676135344768,G,5661.1685,1.0888153,1.1147708,1.0847211,-2.6955906
142683181556743936,F,6332.1973,3.9563599,1.6509902,1.652693,0.10313636
142683353355441664,K,5222.069,0.9708742,1.2034769,1.2037864,0.025716389
142690500181078528,G,5596.4717,0.9767307,1.056311,1.0512644,-0.47775739
142692527405607552,K,4549.696,0.18666625,0.6917654,0.69537857,0.52231183
142697062891041536,G,5431.0796,1.6632187,1.4772533,1.456651,-1.3946371
142700911181695872,G,5792.7666,2.8850534,1.7126688,1.68639,-1.534375
142701323498556160,M,3493.4507,0.032525543,0.4912032,0.49232989,0.22937302
142708435964657024,G,5939.8154,1.8368946,1.2774905,1.2798214,0.18246293
142710080936535680,G,5833.6895,1.0211592,0.97986203,0.98926642,0.95976692
142742933141737088,G,5372.2554,1.1313047,1.2469875,1.2278057,-1.5382491
142749324053265408,K,4565.258,0.07026946,0.42415994,0.4237462,-0.097543411
142757398591756672,K,4473.497,0.1696076,0.6794178,0.6856169,0.91241361
142768840384409728,F,6658.8403,3.840013,1.4735247,1.4723881,-0.077132274
142773307150589184,K,4557.6904,0.19822983,0.71631783,0.7140819,-0.31214242
142788975191175424,K,4915.977,0.07763468,0.5539993,0.38411508,-30.66506
142789524946980864,F,6245.744,1.4571481,1.0305548,1.0309477,0.038128575
142790968055963008,K,4816.2046,0.30060625,0.78599095,0.78748503,0.1900889
142792479884489984,M,3361.727,0.011012981,0.30893463,0.3093718,0.14150826
142793231502667776,K,5103.18,0.43519843,0.8543779,0.84394675,-1.2209055
142803646799227008,G,5386.756,0.86963874,1.0690607,1.0707005,0.15338383
142810553106636288,F,6363.4316,2.5495322,1.3055022,1.3137135,0.6289736
142812958288454656,K,4168.0474,0.1120616,0.635376,0.64197229,1.0381709
142821479503549824,G,5676.86,1.7230766,1.3494756,1.3570289,0.55971845
142826083708427904,K,5216.7163,2.566555,1.9562631,1.9612548,0.25516292
142829828919886336,G,5330.384,2.0869107,1.6931549,1.6939013,0.044083183
142831576971047808,M,3373.8203,0.011893799,0.31931543,0.31920491,-0.034611262
142832504684042368,K,4589.434,0.22382459,0.7466357,0.7483225,0.22591981
142833024375633280,F,6054.985,5.0173545,1.9952444,2.0354686,2.0160046
142834226966445568,M,3680.4731,0.0643401,0.61677706,0.62385941,1.1482838
142835257758582016,F,6428.664,3.3612683,1.4878371,1.4779621,-0.66371555
142844977269264000,G,5809.1836,1.6858366,1.2817338,1.2818308,0.0075660528
142851544274897920,M,3834.6833,0.07207366,0.6082163,0.60825046,0.005616177
142851986654589696,G,5537.586,0.7793062,0.96171886,0.95910523,-0.27176667
142853124822878464,F,6421.056,4.671568,1.7565905,1.746512,-0.57375141
142854430492933376,M,3621.3464,0.06911686,0.666562,0.66789012,0.19925002
142858622380990720,F,7349.159,7.259782,1.6605008,1.6620331,0.092278251
142859721892686208,F,6249.325,4.145221,1.7366993,1.7368439,0.0083252157
142866044084427648,G,5465.647,1.2702836,1.2499788,1.2569568,0.55824857
142867036220060416,K,4680.5786,0.27860183,0.803904,0.80268668,-0.15142565
142870407771238016,G,5815.0957,1.4032462,1.1740144,1.1670954,-0.58934354
142871846583518336,K,4638.805,0.25077322,0.774137,0.77532093,0.15293497
142875802250150144,G,5926.4316,3.2945108,1.7402842,1.7217182,-1.066836
142879513101885952,K,4587.0386,0.2196064,0.7422072,0.7420119,-0.02631401
142880372095331200,F,6247.442,2.3893492,1.315491,1.3194365,0.29992928
142883464471762816,F,6246.7456,1.9299027,1.1862907,1.1860779,-0.017934875
142886453769127040,G,5831.989,1.6503675,1.2596098,1.2583751,-0.098026159
142892707241504512,K,4966.0005,0.33350098,0.76349586,0.78016812,2.183674
142892874743158144,F,6216.231,1.8147148,1.1619705,1.1614568,-0.044209195
142894974984226816,K,4265.9204,0.15569524,0.7226252,0.72237937,-0.034019282
142895662178990592,G,5790.675,2.3453796,1.5455587,1.521603,-1.5499714
142897929921724544,K,5222.063,0.97945046,1.2095498,1.2090943,-0.037656226
142905489064019456,G,5496.625,1.1225302,1.1082426,1.168315,5.4205117
142914422595942912,G,5944.6924,2.408398,1.4020476,1.4630478,4.3507936
142914869272576384,M,3465.7659,0.028934296,0.47180504,0.47180352,-0.00032320774
142921191462840576,G,5613.395,0.7153852,0.8911708,0.89427673,0.34852228
142921431982530560,G,5822.05,3.3689334,1.8207,1.8040456,-0.91472485
142921947378600192,K,4207.6807,0.12171117,0.65340495,0.65649712,0.47324001
142923180032398464,K,5293.954,1.4329478,1.4315983,1.4230102,-0.59989453
142928922405461504,G,5745.9863,1.6627274,1.3043481,1.3011714,-0.24354547
142930571673058432,K,5277.182,0.6847476,0.99484694,0.98995231,-0.49199784
142932427098763520,K,4407.0273,0.13904843,0.63962775,0.63965342,0.0040127604
142934724904530944,G,5839.0273,1.6826862,1.2685978,1.2675751,-0.080612787
142935072798570880,M,3522.5283,0.04694777,0.5847495,0.58177046,-0.50945634
142935759994005120,G,5926.2007,2.1776059,1.3971215,1.3998777,0.19727634
142936859505057152,K,5287.143,0.84717464,1.0953194,1.096977,0.15133455
142942352766453248,G,5707.9443,2.2519329,1.5329195,1.534516,0.10414993
142943692796244224,K,4307.581,0.09934942,0.5684515,0.56593809,-0.44215058
142946652030417920,G,5854.778,1.721991,1.2809759,1.2754039,-0.43498216
142946789469371648,K,5265.416,2.3407788,1.8241574,1.8385184,0.78726535
142949641327608192,G,5965.3076,2.8850393,1.5932485,1.5902424,-0.18867439
137346358273256320,G,5382.4844,1.2403972,1.2734191,1.2807607,0.57652593
137349411995044224,K,4466.182,0.1558812,0.6584009,0.6594429,0.15826237
137352298212054272,F,6026.416,2.145423,1.3365486,1.3436663,0.53254031
137352680465196416,K,4432.915,0.15035217,0.65967584,0.65739925,-0.34510759
138757680231634176,M,3296.279,0.01189614,0.33127174,0.33443234,0.95408061
138859453776962944,K,4670.365,0.25681338,0.7831108,0.77403454,-1.1590013
138862756607078912,M,3794.0598,0.07120254,0.61420894,0.61757906,0.54869242
138864818191373696,K,4516.4736,0.14392331,0.62090087,0.61961194,-0.2075903
138865093069294848,K,4538.2954,0.19520004,0.7078302,0.71467335,0.96677906
138868769561273344,G,5769.44,0.92432714,0.96853554,0.96227387,-0.64650952
138882994492863232,G,5921.0044,1.1822559,1.0318099,1.0332803,0.14250429
138883372449973504,K,5128.5776,0.38401815,0.80754477,0.78493767,-2.7994852
138883956565513856,K,4390.71,0.16074705,0.6954842,0.69287543,-0.37510161
138891859305388416,M,3453.3298,0.023550194,0.42865,0.42872054,0.016456705
138899555886731264,G,5877.933,2.5575674,1.5625412,1.5421174,-1.3070877
138906221675934336,G,5643.4536,2.4515443,1.6390233,1.6378839,-0.069516469
138924844654148992,G,5463.8857,0.58217245,0.8569881,0.85148259,-0.64242508
138939207024787328,G,5563.627,1.0009199,1.0757904,1.0768044,0.094253786
138944670223285376,G,5874.9717,1.304063,1.1046408,1.1022774,-0.21395505
138950373939843200,K,4655.5337,0.29218307,0.8307864,0.83088656,0.012056347
138950477019056896,G,5708.352,1.1032783,1.0742189,1.0739256,-0.027300646
138956249455084672,G,5615.004,2.1988697,1.573872,1.5669414,-0.44035045
138958684701210880,K,5217.226,0.8334123,1.1091924,1.1173875,0.73883606
138959547989965952,K,4808.3506,0.29417783,0.78006464,0.78156639,0.1925167
138970508746364928,K,4924.026,0.39710048,0.864045,0.86588994,0.21352314
138980060753846656,M,3842.7737,0.06889056,0.59201694,0.59216591,0.025162394
138982152402028928,M,3794.2932,0.054184668,0.5312195,0.53867844,1.4041165
138987722975351424,K,5156.592,1.8864189,1.6905434,1.7208646,1.7935745
138987757335088640,K,5204.2476,1.5113094,1.5227358,1.5122164,-0.69082062
138988032212992512,G,5591.116,2.5099196,1.7018353,1.6884417,-0.78701127
138989681480425856,K,5209.693,0.44211242,0.8347711,0.81619749,-2.2249943
138992636417788288,K,4591.4727,0.40121344,1.0069038,1.0010065,-0.58568955
138993976447710464,K,5273.62,0.514341,0.85843885,0.85913432,0.081015588
138998305774628736,K,4308.007,0.13538639,0.65753955,0.66052288,0.45371077
139000848395272704,K,4461.6606,0.31522417,0.929107,0.93965809,1.1356158
139002978699030272,F,6047.2583,2.806111,1.5190758,1.5261195,0.46368414
139014626650456960,G,5662.1167,2.527303,1.6546136,1.6520538,-0.15470713
139025273872977920,G,5461.9517,0.7212602,0.9471528,0.94842596,0.13442001
139039125143727360,F,6429.1265,4.177363,1.6575152,1.6474048,-0.60997338
139134232900069632,G,5796.7944,1.657168,1.2728325,1.2763231,0.2742402
139137565795206784,M,3414.8354,0.027047707,0.4693063,0.46987121,0.12037173
139139043263463680,G,5774.117,3.7247765,1.939662,1.9285554,-0.57260678
139145189360887552,M,3600.9648,0.032151334,0.46475518,0.46069649,-0.87329548
139163438677769984,G,5424.7983,1.3012238,1.2910343,1.2914035,0.028599595
139179828272837504,K,4609.786,0.24294047,0.7727326,0.77275454,0.0028392882
139180859065108224,F,6016.433,2.1114712,1.3363217,1.3374193,0.082132786
139182955009651328,F,6935.325,4.3541074,1.4408306,1.4453369,0.31275798
139212401305617280,G,5844.3604,1.1620184,1.1096283,1.0514429,-5.2436856
139214016213311872,G,5925.345,1.4888405,1.1632007,1.1578438,-0.46053341
139218723497435008,G,5915.6045,2.471218,1.5007658,1.4966162,-0.27650182
139234494617309312,G,5709.2793,1.5751148,1.2875214,1.2827638,-0.36951785
139237243396332160,K,4692.4443,0.3314295,0.86990213,0.87106485,0.13366108
139247482598413824,G,5902.7095,1.2142769,1.101384,1.0536811,-4.3311741
139272354752623616,M,3416.5925,0.021460459,0.4171836,0.4181059,0.22107811
139279883831567104,G,5672.0225,1.2014292,1.136441,1.1350797,-0.11978493
139282151574539520,K,5169.5337,0.38297018,0.7720393,0.77149461,-0.070551544
139286167366410240,G,5730.211,1.4459827,1.2173173,1.2200945,0.22814377
139290363551696256,G,5411.128,0.6203774,0.89954424,0.89620122,-0.37163493
139293799524176896,M,3589.2495,0.012290238,0.29001668,0.28669888,-1.144002
139295341417611904,K,4073.9158,0.10966694,0.6634367,0.66476312,0.19993186
139302733057487744,K,5107.3564,0.39872772,0.8014752,0.80649011,0.62570997
139307440341777664,K,4357.089,0.14114133,0.6546361,0.65930657,0.71344473
139323520699158400,G,5345.4873,0.90329385,1.1112232,1.108136,-0.27781552
139324310973122688,K,5081.1074,0.5085796,0.90223706,0.9202713,1.9988364
139328812099481088,K,5058.48,0.6325434,0.9995432,1.0355194,3.5992668
139332763468515072,G,5798.984,1.0137553,0.9973287,0.9975069,0.017867796
139335787125496064,G,5473.664,0.74721086,1.0515624,0.96121044,-8.5921635
139339429257746432,K,4362.033,0.09378968,0.536022,0.53623208,0.039192944
139340799351337728,K,5073.175,0.3310917,0.7644873,0.74484794,-2.5689584
139343346267919104,K,4930.047,0.3452111,0.8044752,0.80536623,0.11075971
139345712793980928,K,4067.951,0.1330623,0.73270494,0.73439422,0.23055339
139345854528806144,K,4531.8647,0.20976266,0.7430436,0.74295649,-0.011723379
139354066506097664,K,4405.9434,0.24742885,0.86450994,0.8536906,-1.2514993
139356540407446528,K,5291.847,0.7091831,0.9956977,1.0018848,0.6213842
139361247691396608,K,4432.725,0.32443878,0.96563566,0.96577946,0.014891233
139365370860595584,G,5850.4146,1.2067729,1.0737706,1.069283,-0.41793265
139365851896521600,K,5105.2793,0.9447412,1.2041093,1.2424261,3.1821718
139367707322789248,G,5371.179,0.8040914,1.0363494,1.0355394,-0.078161235
139375025947048064,K,4836.9355,0.25055388,0.71348494,0.71279252,-0.097047322
139377671646433920,G,5386.1616,0.50832516,0.82234156,0.81877619,-0.43356308
139384577953893760,K,4499.8276,0.18243536,0.70127267,0.70277438,0.21414041
139384612313635200,F,6052.2964,1.5514075,1.125822,1.1328587,0.62502374
139386605178437120,K,4865.774,0.31923088,0.7758802,0.79506336,2.4724388
139387361092815232,K,4579.8223,0.1956878,0.701928,0.70264795,0.10256701
139397840812817920,G,5965.2163,2.8295784,1.6043817,1.5749314,-1.8356184
139401723463212672,K,4345.2505,0.10589398,0.5831685,0.57419467,-1.5388049
139402341938496128,G,5802.4805,1.1529844,1.0626808,1.0625209,-0.015043215
139405949711014016,K,5240.486,0.39584002,0.763181,0.76325539,0.0097475236
139414196048194176,M,3357.1165,0.01142008,0.3160825,0.31590384,-0.056522342
139418284857093376,G,5687.163,1.4021704,1.2225765,1.2197258,-0.2331723
139424675768668416,K,4210.7954,0.12387957,0.65879637,0.6613399,0.38608754
139432509788720128,K,4478.6426,0.14999744,0.64233804,0.64328329,0.14715788
139434743171684608,G,5954.648,4.510949,1.9968321,1.9956066,-0.061372216
139435567805387520,M,3753.4795,0.044584602,0.49988076,0.49931833,-0.11251235
139439892836122112,M,3568.5195,0.033632495,0.47949773,0.47979593,0.062189116
139440343809051776,F,6679.1777,3.762614,1.4433546,1.4486117,0.36423015
139441993076473472,F,6296.4067,2.7496362,1.3934017,1.3934944,0.0066543399
139447902951597184,G,5968.2134,1.4122058,1.111903,1.1115102,-0.035322907
139448040390551552,G,5690.4736,2.4537134,1.6205652,1.6116408,-0.55069696
139453194351108352,G,5824.7866,1.3181609,1.1270064,1.1273982,0.03476432
139453602372794880,K,4832.307,0.5762706,1.0855836,1.0830721,-0.23135274
139455973195811584,K,5213.069,0.83077955,1.1253815,1.1174011,-0.70912416
139456183648382848,F,6436.136,4.5617437,1.7225848,1.7177825,-0.27878399
139461406328601216,G,5835.07,1.3836741,1.1509503,1.1510069,0.0049174084
139465941814041344,G,5685.2466,1.1812714,1.1206836,1.1202872,-0.035367279
139466285411423360,F,6400.7593,2.467773,1.2761141,1.2774467,0.10442282
139467556721761536,F,6738.167,6.176986,1.8471099,1.823719,-1.26635
139472435805499776,F,6032.2183,1.9143848,1.2199239,1.2668164,3.843888
139472710683401600,M,3753.2053,0.06427747,0.59850496,0.59962248,0.18671856
139476043578014592,G,5452.3286,0.576941,0.851284,0.85124548,-0.0045250224
139479548271804800,G,5900.409,3.490058,1.7877761,1.7877437,-0.0018138601
139482537568630144,K,4575.344,0.22207524,0.74544024,0.74999044,0.61040411
139487171836144256,K,4877.2495,0.29747474,0.7641203,0.76388549,-0.030729169
139492123935531904,F,6285.186,4.2023807,1.7128152,1.728879,0.93785704
139495491189871360,G,5503.4907,0.7116354,0.93349165,0.92790915,-0.59802319
139495731708033280,G,5846.151,1.2259806,1.0761968,1.0793316,0.29128744
139497243536533760,F,6102.405,4.627516,1.9153045,1.9245317,0.48176198
139506172771390592,K,4183.305,0.11162982,0.634716,0.63606898,0.21316248
139510403316430464,M,3266.9573,0.007910626,0.27760467,0.27763337,0.010339821
139514659629916032,K,5211.0776,0.3620151,0.75506353,0.73817855,-2.2362327
139530538122840576,G,5637.663,0.74667966,0.90645325,0.90577869,-0.07441773
139537547510098688,K,4592.2944,0.21556404,0.7338944,0.73346919,-0.057939116
139542048635377024,K,5132.197,0.47851646,0.8667261,0.87497363,0.95157285
139542529671716608,M,3279.4783,0.011275987,0.32992682,0.32894321,-0.29813094
139545209731247872,F,6532.92,4.509346,1.6586733,1.6576592,-0.061136354
139545244090978048,M,3818.682,0.044881124,0.48352066,0.48401412,0.10205648
139546618480539008,F,7172.089,8.343542,1.8708187,1.8708417,0.001231071
139551153965965696,G,5632.3296,1.4383364,1.2692746,1.2595264,-0.76801378
139560568534034176,K,5266.9253,0.51418567,0.8618465,0.8611897,-0.076208307
139564760422108288,M,3634.4834,0.15397507,0.98884463,0.98967588,0.084062936
139595100071054208,G,5641.533,0.7804976,0.92165434,0.92479331,0.34058036
139605889028958848,G,5525.448,0.5981877,0.85220265,0.84398924,-0.96378644
139605957748432512,G,5686.9756,1.3486236,1.2006806,1.1962882,-0.3658282
139607843238830848,K,4567.411,0.18663114,0.6921635,0.68993,-0.32268418
139608053692395776,F,6121.843,2.7070613,1.4613984,1.4626413,0.085048367
139611249148059520,F,6225.3286,3.1914573,1.5355822,1.5357592,0.01152511
140349846083402368,F,6041.647,1.5895762,1.1501004,1.1507557,0.05697955
140352865445228288,G,5934.467,1.7800548,1.2545973,1.2621367,0.60094497
140356271354645760,M,3668.3179,0.035955284,0.4709465,0.46946216,-0.31518231
140356713735989888,M,3391.6033,0.020366067,0.41378045,0.41332973,-0.10892681
140356958549404928,K,3925.4653,0.06005631,0.52974075,0.52984666,0.019992066
140359226292126080,G,5895.4717,1.6189675,1.2217311,1.2196497,-0.17036598
140365475468955904,F,6411.609,4.985861,1.8312851,1.8096275,-1.1826456
140365651563191552,G,5907.3745,1.3859366,1.126233,1.1239211,-0.20527487
140365823361879040,M,3307.3142,0.0052475315,0.22059706,0.22063773,0.01843547
140372076834345216,G,5760.234,1.0593176,1.0311147,1.0334417,0.22568286
140374688174203776,G,5799.4746,1.1915671,1.0804217,1.0812724,0.078736323
140377883630041728,K,5191.934,0.8953496,1.1680197,1.1694756,0.12464494
140397503040501888,G,5767.9614,2.277149,1.5144776,1.5111382,-0.22049613
140397949717108352,K,5116.6147,0.46960554,0.87061155,0.87207601,0.16821019
140399873862459904,M,3786.9038,0.048335094,0.5112287,0.51075885,-0.091906326
140416916292529280,K,4469.7363,0.16088402,0.6628716,0.66887631,0.90586257
140428220646523392,G,5405.54,0.6033338,0.88611466,0.88563306,-0.054350071
140442789175564160,K,4309.1113,0.18364146,0.7687555,0.76888804,0.017240973
140443442010630016,K,4263.998,0.10575736,0.595091,0.5959015,0.13619723
140612487627795968,F,6238.2466,3.0240426,1.4892551,1.4887509,-0.033856057
140616443293790592,F,6381.2764,3.3857768,1.5044333,1.505453,0.067781864
140626437681916800,K,4412.83,0.1915491,0.7477658,0.74878791,0.13668878
140640151513201536,G,5349.139,0.98322016,1.1841941,1.1545448,-2.5037552
140641491543090944,K,5281.309,0.43335798,0.78798383,0.78630928,-0.21251009
140645236754476032,F,6275.791,1.3457054,0.98461485,0.98127608,-0.33909357
140651107974291968,K,4504.684,0.3315263,0.9450757,0.94533011,0.026919842
140652314860580608,K,5193.217,0.58313525,0.9416496,0.94333265,0.17873466
140655883977339776,G,5558.6567,2.1294188,1.5760294,1.5734176,-0.16572187
140659977082215680,M,3564.5195,0.024752546,0.410247,0.41253529,0.55778426
140669219851783936,G,5595.962,0.8732582,0.9772663,0.9942028,1.733049
140670594241311872,K,4885.903,0.3073562,0.77030826,0.77372115,0.44305509
140681447622689408,F,6164.291,2.137842,1.2817955,1.2819607,0.012885155
140682173473616000,K,4474.4844,0.18195656,0.7106148,0.70982456,-0.11120483
140685300209329920,K,4687.0737,0.25522223,0.7580794,0.76614125,1.0634571
140688633103917696,G,5602.7554,1.4016439,1.2684022,1.2565179,-0.93695021
140692515754347264,G,5699.2524,2.4409747,1.6010506,1.6025036,0.090753951
140695608130772864,K,5134.2793,0.5503206,0.94020903,0.93756647,-0.28106134
140695775633226752,M,3443.6008,0.013080966,0.32142174,0.32132718,-0.029417777
141458119445373056,G,5798.309,1.579518,1.2489953,1.2454111,-0.28696508
141461383620437632,K,4420.8633,0.31474245,0.98393285,0.95634953,-2.8033741
141462311333366912,K,5275.282,2.2618666,1.7737461,1.800509,1.5088342
141463578348361344,K,4362.747,0.19862653,0.779189,0.78010261,0.11725154
141468427366777472,G,5345.0234,0.45732394,0.7912433,0.78861659,-0.33197285
141472378736687104,F,6182.1714,2.1315162,1.2763766,1.2726688,-0.29049441
141474612119659904,G,5554.0537,2.3196027,1.6733598,1.6449012,-1.7006869
141484164127038592,G,5540.0547,1.8102916,1.4624624,1.4604925,-0.13469924
141486947265833216,K,4275.822,0.124056,0.64201343,0.64183415,-0.027924877
141499557289692672,F,6614.602,3.7793517,1.4803536,1.4803158,-0.0025523253
141501206557111168,K,4852.154,0.28232378,0.74798477,0.75189594,0.52289402
141503165062334592,K,5217.899,0.38248235,0.7569408,0.7567763,-0.021732051
141515221033331968,G,5868.312,1.1537478,1.0378834,1.0391595,0.1229521
141519107981001856,M,3729.5686,0.039460804,0.48146456,0.47579396,-1.177781
141521135205410048,F,6220.737,2.234965,1.2920222,1.2870779,-0.382677
141534466783755520,K,4452.434,0.11413728,0.56897694,0.56776934,-0.21223997
141543640833868544,K,5268.5967,0.5505794,0.8891844,0.8905806,0.15701995
141549688147934336,G,5732.9893,1.4221662,1.2097741,1.2088324,-0.077844877
141551096897198336,G,5670.052,0.8633019,0.9655549,0.96285397,-0.27972823
141557178570881664,K,5013.458,0.3932438,0.8288471,0.83120729,0.28475518
141560683264474752,K,5001.3516,0.40628782,0.84623903,0.84897576,0.32339871
141566833655564288,F,6042.6885,2.0824103,1.3214543,1.3166668,-0.36228712
141567967528603264,F,7320.819,6.72524,1.6130222,1.6120842,-0.058153067
141568792162331648,M,3334.6687,0.013576899,0.34852985,0.34909857,0.16317646
141571334782959488,K,4812.911,0.3256487,0.8129943,0.82075242,0.95426539
141571403502435456,K,5131.1885,0.56751126,0.95854086,0.95324484,-0.55250837
141576248225641600,F,6201.138,1.7218206,1.1747601,1.136853,-3.2267937
141597070226966016,M,3377.2207,0.02165675,0.42960492,0.42986384,0.060270123
141614971650630016,K,5174.372,0.4631171,0.8478607,0.84680473,-0.1245457
141618682502483456,G,5616.6533,0.623823,0.8308,0.83412016,0.39963422
141621293842591616,K,4326.4937,0.14573403,0.67658764,0.67945625,0.4239818
141623424146257536,K,4934.2573,0.32854837,0.7852334,0.7843488,-0.1126548
141645478801611904,F,6115.917,1.707684,1.1624575,1.1639485,0.12825924
141646067213783296,G,5895.0186,2.9951916,1.7573857,1.6591861,-5.5878217
141650808857656064,G,5834.045,2.269084,1.5130206,1.47448,-2.5472593
141662285010363392,G,5631.034,1.1568973,1.1269535,1.1301192,0.28091056
141664655832439552,G,5829.0635,1.4730244,1.2053266,1.1900373,-1.2684813
141667679489263104,G,5371.2705,0.8582952,1.0684596,1.0698366,0.12887779
141673692443325952,G,5447.1978,0.56122595,0.8409998,0.84115444,0.018387532
141675754027643648,M,3511.1104,0.041508503,0.5547623,0.55059559,-0.75108086
141677776956043776,F,6255.672,3.3816645,1.5656167,1.5655628,-0.0034455715
141691593867123072,M,3724.1284,0.08247732,0.69063073,0.68987616,-0.10925772
141702863861276160,G,5856.015,2.6463168,1.5845754,1.5804098,-0.26288366
141703688494989568,K,4378.3955,0.18434283,0.738594,0.74616746,1.0253894
141703825933939456,F,7151.927,8.500648,1.8820713,1.8990353,0.90134593
141706471633677312,K,4440.1924,0.3155378,0.9487591,0.94923836,0.050514146
141721108882178688,F,6075.449,1.44353,1.0993173,1.0844494,-1.352463
141729733177236480,G,5603.6597,1.3237903,1.2167971,1.220729,0.32313272
141732344517339008,F,6558.376,2.712229,1.2769614,1.275627,-0.10449528
141734062504245888,F,6559.485,2.629406,1.261092,1.2555745,-0.43751483
141744129907590912,K,4157.4688,0.10922706,0.6390015,0.63703059,-0.30843635
141746844326928384,G,5964.902,1.2840172,1.0628481,1.0610405,-0.17007259
141771617698636288,K,4728.4507,0.26346773,0.76305777,0.76485506,0.23553807
141771789497327104,K,5142.0137,0.36933768,0.7649374,0.76577029,0.10888289
141772030015015168,G,5502.7236,0.9271963,1.0628744,1.0594577,-0.32146163
141783433151002112,G,5444.9854,0.59406346,0.86473644,0.86611616,0.15955385
141786151867463936,F,6037.4927,2.6731849,1.499747,1.4943572,-0.35937997
141789965798406784,G,5809.1836,1.0678192,1.0219598,1.0201683,-0.17530184
141792508419018112,G,5621.6074,0.9255756,1.0126618,1.0142338,0.15523571
141792817656661632,G,5603.6196,0.84817123,0.9797183,0.9771419,-0.26297314
141802983842734592,M,3243.4668,0.0072556273,0.26989076,0.26975638,-0.0497893
141816560235669888,F,6269.3237,4.43352,1.7860025,1.7847858,-0.068122657
141820236727778944,M,3413.735,0.021385962,0.41791698,0.41807861,0.038674706
141820850907081472,M,3428.166,0.020634064,0.4060226,0.40721321,0.29323801
141822367031531136,K,4713.5483,0.26307863,0.76933706,0.76913048,-0.026851489
141822641909435392,G,5411.755,0.500262,0.8044333,0.80459192,0.019717616
141824703493749248,F,7261.228,6.9984236,1.6751194,1.6716029,-0.20992291
141830269771352576,M,3699.4175,0.07106451,0.64209825,0.64895241,1.067463
141832228276597760,K,5118.6514,0.3765373,0.78055286,0.78027206,-0.035974472
141839031504769920,G,5339.495,0.60014415,0.90359163,0.90527511,0.18631011
141845731653559168,K,4963.319,0.4016473,0.85370606,0.85709944,0.39748758
141851637233055488,M,3360.598,0.011349439,0.31347537,0.31427311,0.25448388
141853870616468352,M,3729.155,0.034486916,0.44409266,0.44489699,0.18111834
141855386740050432,K,4524.862,0.16169515,0.65482116,0.65432118,-0.076353177
141857860641196032,F,6498.021,2.9260821,1.3465885,1.3496905,0.23036047
141858685274915200,G,5857.9126,1.4124055,1.1657358,1.153844,-1.0201135
141859544268389760,G,5345.9917,0.43944877,0.7741525,0.77277084,-0.17847358
141868718318357248,K,5108.5146,0.40866607,0.818649,0.81610901,-0.3102658
141871570176627072,K,4550.0103,0.37862128,0.9895228,0.99021822,0.070277837
141875929568091136,M,3212.0994,0.008401073,0.2955035,0.29596652,0.15668885
141876655417897856,M,3758.4094,0.04369116,0.49310926,0.49299416,-0.023341076
141879404196940288,G,5888.5815,2.316787,1.4632888,1.4624291,-0.058747997
141902803178856320,F,6020.3677,2.583598,1.4739324,1.4774731,0.24022458
141907750981178368,G,5397.6733,0.8491004,1.0439464,1.0537061,0.93488508
141907957139606144,K,4484.769,0.16701388,0.6803542,0.67693861,-0.50203083
141911118235522432,G,5763.4316,1.0211295,1.0140116,1.0135176,-0.048719482
141916478354610560,F,6380.2046,3.7746382,1.5927217,1.5900897,-0.165254
141923964486287744,F,6995.8813,5.1267757,1.5318509,1.5413116,0.61760118
141924484173597568,G,5874.2427,1.7000984,1.2662724,1.258886,-0.58331505
141926339599471744,G,5575.141,0.6241212,0.8498612,0.84679038,-0.36133156
141926683196843264,G,5771.753,1.814405,1.3575268,1.3471154,-0.76693831
141932524352329600,M,3728.885,0.027625162,0.40845415,0.39824249,-2.5000742
141936029045614976,G,5826.785,1.7096212,1.2861797,1.2830545,-0.24297927
141940285357327232,G,5382.9277,1.6445013,1.469164,1.4744606,0.36051936
141943622547920000,F,6254.645,2.852953,1.4392043,1.4384512,-0.052326077
141955957693849728,K,4265.2437,0.11382873,0.6146951,0.61786188,0.5151782
141960733697444608,G,5773.176,0.88601077,0.9431121,0.94089913,-0.23464563
141965922017926400,G,5559.151,1.6590432,1.3901471,1.3885613,-0.11407199
141977982286210816,F,6020.378,2.0087206,1.3025968,1.302763,0.012757256
141979253596525312,K,3947.1917,0.08997369,0.63590324,0.64140817,0.8656871
141982414692452736,M,3405.761,0.02355136,0.43634802,0.4407911,1.018243
141984162742874624,F,6154.2725,3.137372,1.5569582,1.5580548,0.070431322
141986812739425024,K,4584.71,0.2135106,0.7326322,0.73238449,-0.033810363
141992619534583296,G,5934.724,1.5199466,1.1648558,1.1661818,0.11383699
141993856485773824,F,6324.2036,2.36284,1.2690343,1.2804382,0.89863045
141995918069445632,K,5184.1274,0.4526404,0.8288919,0.83402388,0.61913757
141996708343432448,G,5669.6562,1.4850904,1.2754921,1.2630372,-0.97647462
141999525841947264,G,5723.86,1.2957407,1.1642867,1.1575352,-0.57988319
142000797152913152,K,5111.1206,0.48284996,0.88158756,0.88619032,0.52209945
142007188063979392,G,5644.2466,0.8478761,1.0358299,0.96295812,-7.0351111
142025707962931072,F,6321.1143,2.9514124,1.4549768,1.4324545,-1.5479521
142029075217110016,G,5583.531,1.8976073,1.4824873,1.4721039,-0.70040274
142029212656068224,G,5401.5386,0.55009013,0.84829205,0.84690582,-0.1634138
142037218475250560,G,5398.565,0.8444603,1.0474373,1.0504759,0.29010237
142043197069700864,F,6106.0337,1.852811,1.2182713,1.2163269,-0.1595996
142046323805890048,G,5926.3535,1.540894,1.1787442,1.1775095,-0.10474313
142049691060229248,G,5708.255,1.1184912,1.0827135,1.0813411,-0.12675444
142050928010788352,K,5094.805,0.44909394,0.86011326,0.86013501,0.0025288506
142053504991166720,F,6044.4634,1.8549992,1.2415954,1.2419655,0.029805619
142053642430135808,K,4845.4243,0.40586486,0.9338769,0.90402463,-3.1965963
142059105628745472,G,5398.559,0.7565798,0.9954747,0.99431692,-0.11630479
142068550260824064,K,4288.707,0.22310632,0.8543862,0.85557157,0.13873914
142100268594791296,M,3511.5884,0.022485616,0.40672413,0.40513368,-0.39104007
142105731793182592,G,5807.2163,1.7293545,1.3014095,1.2991496,-0.17364874
142109300911183616,F,6227.3486,2.7153273,1.4132482,1.4156565,0.17041141
142118066939334912,F,6395.157,4.9463124,1.7925081,1.8117218,1.0718892
142119956724944256,G,5881.9873,1.5323216,1.1650182,1.1920102,2.3168704
142122155748177792,K,5001.8486,0.41075125,0.8489768,0.85345676,0.52768957
142123770655886720,M,3763.3235,0.07147124,0.630445,0.62889148,-0.24641563
142131020560691712,K,4766.8867,0.3676356,0.89145815,0.8889806,-0.27792158
142143213972625664,G,5658.425,0.83109725,0.94866395,0.94861056,-0.0056277249
142143699304109568,G,5434.951,0.5022148,0.80166423,0.79929418,-0.29564175
142148372228906112,K,5224.7124,0.6566436,0.9990328,0.98899305,-1.0049468
142151086648254592,K,5139.7026,0.7849725,1.1013608,1.117389,1.4553112
142157782500578688,M,3319.221,0.007293886,0.25828782,0.25826188,-0.010043216
142172595844294784,G,5661.187,0.8210595,0.9419605,0.94194485,-0.0016617359
142175104105320448,K,5110.9746,0.4872274,0.8938453,0.89024915,-0.40232361
142175890083661952,G,5836.7295,1.1235754,1.03672,1.0366094,-0.010669208
142179502151676416,G,5364.5986,0.60577285,0.90151155,0.90101827,-0.05471649
142182903765918080,M,3823.3406,0.057078198,0.5440582,0.54450555,0.082224597
142185137148919168,G,5519.206,1.5727949,1.3737892,1.3716269,-0.15739562
142187576690327552,G,5742.6377,0.884823,0.95387375,0.95029518,-0.3751617
142198984123472768,K,4599.9927,0.18205869,0.67258966,0.67180709,-0.11635183
142237673189163904,K,5267.9604,0.9527976,1.1735882,1.1718404,-0.14892367
142239872211833984,K,5228.529,0.48013172,0.8186441,0.84445073,3.1523631
142246984677661312,G,5711.8315,0.82020944,0.9309075,0.92483609,-0.65220354
142249179405374848,M,3456.1897,0.05842271,0.67397887,0.67413809,0.023624023
142251520163273728,M,3503.3435,0.0073052538,0.23266734,0.23200929,-0.28282938
142255437173428736,K,5118.803,2.1239326,1.8560213,1.8530481,-0.16019163
142256227447413376,G,5402.431,0.49149618,0.7877143,0.80026676,1.5935292
142266123052008832,F,6238.9624,3.828019,1.6852558,1.6746169,-0.6312936
142266294850694784,F,6170.104,4.8217907,1.9150234,1.9216415,0.34558857
142266844607047296,K,4485.104,0.2529624,0.83220786,0.83298295,0.093136486
142271826768594944,K,4599.859,0.23002744,0.7552978,0.75518603,-0.014798673
142275159663212928,G,5973.074,1.3466072,1.0842566,1.0836221,-0.058523309
142276156095522432,F,6031.516,3.9790857,1.7696433,1.8268035,3.2300417
142278526917554432,K,5013.3945,0.38174003,0.81693226,0.81897992,0.25065197
142279935666810112,K,5210.8086,0.63740665,0.98043317,0.9796055,-0.084419121
142283783957506432,F,6209.409,1.8931328,1.216452,1.1888941,-2.2654336
142295500629325824,M,3273.1938,0.008900829,0.29270634,0.29337625,0.22886689
142297149896344576,F,6551.003,4.121373,1.5755928,1.5760084,0.026376713
142297493493721344,K,4964,0.25746003,0.68779373,0.68603224,-0.25610796
142300345352021888,G,5596.3486,1.1000568,1.1377735,1.1157097,-1.939211
142310240956675072,F,6653.8086,4.641539,1.622641,1.621226,-0.087204719
142319586805423744,M,3571.0183,0.016323384,0.3348793,0.3337906,-0.32510088
142332643506165504,G,5667.478,2.127225,1.5309477,1.5127954,-1.1856918
142342332952174464,K,4237.4146,0.14247184,0.7002131,0.70035101,0.019695647
142344085298860416,K,5118.584,0.49782142,0.89618105,0.8972021,0.11393333
142348826942700544,G,5315.049,1.5695971,1.4724386,1.4775178,0.34494872
142349956517334784,F,6312.3965,3.9903746,1.6698976,1.6702114,0.018793925
142350716728275072,G,5331.028,1.204269,1.3095253,1.2864502,-1.7620946
142351507002244224,G,5814.2373,1.6839975,1.35918,1.2789053,-5.9061149
142364976019849600,G,5458.2676,2.428258,1.7645135,1.7425728,-1.2434427
142367346842221184,F,6129.3115,3.313713,1.6139255,1.6143111,0.023889054
142371122117074688,M,3066.25,0.0028959226,0.19017585,0.19069158,0.27118501
142377929640978688,G,5809.5405,1.1367238,1.0589377,1.0524393,-0.61366862
142385145186015872,F,6270.229,3.158806,1.5060521,1.5060793,0.0018046293
142392498170195584,K,5153.8154,0.83328044,1.1441846,1.1449619,0.06793522
142394800272641024,F,6172.3706,2.7984927,1.4506503,1.4628886,0.84364385
142952664984579456,K,4924.7534,0.39277786,0.8607102,0.86090986,0.023197457
142958781018034304,K,5044.8853,0.57110447,0.96593463,0.98925521,2.4143024
142968161226745472,F,6445.8315,3.0155075,1.3909074,1.3924367,0.1099519
142973555705491584,G,5919.9707,2.1820214,1.5358474,1.4042471,-8.5685763
142973830583392512,G,5979.6953,3.9649434,1.8424197,1.8552974,0.6989585
142983313871133056,F,6385.8706,4.6792817,1.7459033,1.7672685,1.2237314
142984202929486336,M,3217.6182,0.0042817835,0.21076497,0.21057,-0.092506735
142987814996846080,G,5474.9985,1.6170853,1.407028,1.4133562,0.44975374
143003689196242816,K,5026.2754,0.3060154,0.7291956,0.72951166,0.043344302
143006094377893760,F,6324.4814,4.091415,1.6835202,1.6847679,0.074114586
143006369255794048,K,4340.2915,0.32732058,1.0099341,1.0118171,0.18644906
143016058702041856,G,5449.83,0.46231964,0.76292187,0.76270821,-0.028005327
143024098880744832,K,4429.7188,0.16008942,0.6765725,0.67933214,0.40788499
143030317993418112,K,4961.7686,0.3772138,0.8343774,0.83113952,-0.38805912
143035265795676032,F,6368.929,1.8492674,1.1222466,1.1169152,-0.47506457
143055503681535104,K,4329.252,0.15191408,0.6899907,0.69282961,0.41144227
143057668345029888,G,5779.597,1.2563746,1.1190164,1.1179377,-0.096392841
143057977582669952,M,3646.2786,0.021896347,0.37352872,0.37079963,-0.73062272
143060176605900800,K,5103.797,0.3384356,0.7455548,0.7440539,-0.20131341
143070587606583296,K,4091.1396,0.07260245,0.55190814,0.53634002,-2.8207816
143076325682870016,K,5084.506,0.33589107,0.7563391,0.74688693,-1.2497261
143086427446287488,G,5749.4067,1.1174659,1.0635672,1.0654283,0.17498905
143088660828937216,F,6113.604,1.2605455,1.1339421,1.0007782,-11.743452
143089244944475776,K,5249.0864,0.47792208,0.8352461,0.83591913,0.080579052
143089863419770112,K,4414.25,0.092011414,0.66577035,0.51863302,-22.100313
143092337320930816,M,3666.6367,0.07979393,0.7016771,0.70000691,-0.23802843
143099999542730880,K,3940.64,0.08047905,0.60867053,0.6086408,-0.0048851246
143100755456827648,G,5600.8516,1.2996541,1.2129492,1.2107624,-0.18028914
143113124962626688,K,4897.004,0.28440988,0.74119204,0.74090851,-0.038253284
143120477946610816,G,5798.0195,1.1928463,1.0866396,1.0823957,-0.39055194
143120821543985664,G,5695.33,1.1757033,1.1155462,1.1136898,-0.16641149
143120993342677760,K,4296.2974,0.1371386,0.6673965,0.66841216,0.15218269
143122127214042752,K,5095.0063,0.44698182,0.85291225,0.85804218,0.60146101
143122745689333888,G,5941.319,1.6628985,1.256347,1.2170833,-3.1252304
143126009864476544,F,6117.5522,1.4680964,1.0827757,1.0786364,-0.38228415
143126250383258624,G,5796.247,2.0871317,1.4618188,1.4326309,-1.9966826
143129132304197376,K,4457.465,0.0998473,0.52682173,0.52984085,0.5730822
143130339192504064,F,6345.5044,3.1924195,1.4704088,1.4783622,0.54089478
143136214707648896,G,5884.1675,3.6599052,1.8846204,1.8408484,-2.3225896
143141643546402560,K,4855.1675,0.32404575,0.8040792,0.80454046,0.057365364
143163805577968128,M,3631.9883,0.05159546,0.57233906,0.57368041,0.23436369
143164217894318336,G,5352.2085,0.49190667,0.8163253,0.81569626,-0.077057817
143179503681227264,K,4166.1943,0.11051992,0.6348559,0.63810831,0.51230695
143187823034547584,M,3769.1912,0.06625091,0.60330296,0.60360489,0.050045796
143188991265632000,M,3891.2815,0.05558174,0.53913397,0.51872112,-3.7862295
143189880322413056,K,4199.4077,0.11327355,0.63330114,0.63583047,0.39938821
143194969860276224,K,4206.7773,0.2189637,0.88065714,0.88092752,0.030702392
143197340682011008,G,5663.758,1.2190979,1.1489992,1.146735,-0.19705679
143197512480704000,F,6477.488,2.6578372,1.2972505,1.2945061,-0.21155209
143199642784454272,G,5834.368,1.4771023,1.1907341,1.1895174,-0.10217796
143200776656019712,K,4092.5886,0.07260897,0.53750163,0.53598436,-0.28228162
143201425193920768,G,5644.203,1.9072973,1.4495637,1.444299,-0.36319277
143208610676299136,G,5400.0293,0.6521671,0.9230888,0.92265719,-0.046756928
143211492597611264,M,3259.9202,0.009447264,0.30451044,0.30471389,0.066811511
143213966498415616,G,5481.1333,0.95269215,1.0874982,1.0824023,-0.46858481
143215860581065088,K,5222.668,2.5942678,1.9747295,1.9673233,-0.37505116
143216753934233856,K,4374.484,0.11371368,0.58543545,0.58709158,0.28288891
143218025244650368,F,6007.545,1.2537932,1.0325257,1.0336465,0.10855219
143222728231489664,K,5126.458,0.43908036,0.8400122,0.84002142,0.001097365
143225446947900672,G,5775.718,0.94600445,0.974922,0.97137694,-0.36362499
143227371093410944,K,5179.2007,0.7320652,1.0640633,1.0626801,-0.12998937
143227749050525568,G,5627.9253,0.99183565,1.0506015,1.0475539,-0.29008346
143229604476373376,K,3999.138,0.0949348,0.643579,0.64184934,-0.26875638
143229982433487744,G,5419.5146,0.97125036,1.1198248,1.1178872,-0.17302876
143235136394226432,M,3723.5254,0.046139702,0.51660615,0.51615711,-0.086921616
143237541575930496,G,5727.154,0.9660173,0.99880844,0.99831568,-0.049335222
143242592457444480,G,5805.8325,2.8070688,1.6750325,1.6559632,-1.1384427
143244688401478784,G,5793.1294,1.7544395,1.3256105,1.3149096,-0.80724216
143245994071515264,G,5788.8438,1.3411313,1.1459025,1.1513441,0.47487644
143247471540241152,K,4605.236,0.22059877,0.73879385,0.73782085,-0.1317015
143255477359319296,K,5172.2705,0.43891376,0.8150446,0.82505006,1.2275965
143259905469661184,K,4971.1177,0.32398397,0.7479391,0.76737356,2.5984011
143269255614330368,F,6157.4727,1.8051674,1.1853315,1.1806112,-0.39822319
143269904156099968,K,4723.578,0.30218163,0.8225145,0.82081448,-0.20668596
143274821891862656,F,6739.3394,5.433287,1.7096342,1.7098178,0.010737553
143280216370780672,K,5189.415,0.65909666,0.9998254,1.0043635,0.45388675
143284030301625216,G,5516.4463,1.0931804,1.1536498,1.14467,-0.77838441
143287534994893056,M,3813.815,0.10134655,0.72844535,0.72918613,0.10169355
143292207919348608,G,5897.2974,1.4570868,1.1567278,1.1563514,-0.032544032
143296159289249664,K,4493.175,0.16314949,0.6667006,0.66656016,-0.021064695
143299389104623232,G,5701.5054,0.7995787,0.9169299,0.91644138,-0.05327814
143300660414923264,K,4477.684,0.2123534,0.76664335,0.7657304,-0.11908436
143302275322632960,F,6053.7485,1.7773895,1.2042954,1.2119807,0.63816041
143306707729044864,K,4877.694,0.2653392,0.72238463,0.72131467,-0.14811487
143306845167999360,G,5822.945,1.5308961,1.2146629,1.2157398,0.088660319
143319210377530624,G,5446.6836,2.7052913,1.8838941,1.8471233,-1.9518514
143333748842861696,M,3594.692,0.07136745,0.6889489,0.68877897,-0.024664726
143334161159960960,G,5732.1553,1.4976755,1.240853,1.2408695,0.0013337281
143335191952106624,M,3457.131,0.021935765,0.41729409,0.41285532,-1.0637042
143335535549488512,M,3648.3489,0.053754505,0.580178,0.58032044,0.024550719
143339967955441024,K,4147.4844,0.10715919,0.637267,0.63401327,-0.51057522
143351615906900224,G,5595.47,0.748018,0.9219784,0.92031403,-0.18052178
143359930963374592,M,3592.719,0.03574249,0.48740134,0.48797667,0.11804089
143363985412492032,K,4366.5425,0.16966468,0.71615154,0.71973645,0.50058015
143364706966997888,K,4721.727,0.2436532,0.7418029,0.73762814,-0.56278625
143366356234424448,G,5656.9463,0.86861265,0.98036224,0.97029127,-1.0272704
143371643339066112,K,5121.1504,0.33687872,0.736032,0.73731809,0.17473278
143378824523592320,G,5836.8,2.272438,1.5075164,1.4741768,-2.2115613
143381062202611072,K,4680.2314,0.20957626,0.70572704,0.69628903,-1.3373459
143396524084818304,M,3377.2485,0.020925304,0.4248028,0.42253532,-0.53377324
143403155514283264,F,6332.771,3.2481863,1.504987,1.4972215,-0.5159837
143412050389965568,M,3573.8052,0.015379049,0.3236351,0.32348649,-0.045918825
143429127179883264,G,5528.3276,1.3053067,1.2602878,1.2454374,-1.1783341
143430226691664768,G,5437.5713,0.99072856,1.1203306,1.121555,0.10928849
143430780744622976,K,5097.082,0.5708753,0.96932334,0.96890355,-0.043307686
143435586810689792,F,6116.048,1.3220053,1.0162641,1.0240661,0.76771356
143439576837601536,K,4489.5356,0.15734065,0.6582676,0.65564808,-0.39794202
143440706411703040,F,6361.874,4.0188894,1.6497073,1.650198,0.029745784
143443871804706560,K,5270.393,0.4927174,0.84438974,0.84191086,-0.29357115
143449335003380352,F,6428.442,2.7185829,1.3278034,1.3292694,0.11040427
143449644241024768,K,4611.8213,0.181252,0.66971993,0.66688296,-0.42360488
143450228356452480,M,3544.6487,0.018848628,0.3784194,0.36403793,-3.8004059
143451877623897984,K,4794.846,0.2843441,0.7754014,0.77272675,-0.34493783
143455794634190592,F,6955.7627,4.4141645,1.4499599,1.4467314,-0.22266237
143467236426912512,K,4791.136,0.22648312,0.69187987,0.69070736,-0.16946749
143470775479961600,M,3686.7078,0.08977911,0.7363423,0.73445192,-0.25672509
143474417612208640,G,5813.7744,1.1540589,1.060449,1.0588899,-0.14702451
143475517123815552,K,5295.0815,0.45478174,0.7985996,0.80132625,0.34142954
143480636724812288,F,6176.9536,4.386434,1.8298078,1.828775,-0.056441639
143484175777835776,G,5329.658,0.9314842,1.1229486,1.131989,0.80506315
143485034771280512,F,6218.5483,2.8276584,1.4498329,1.4487339,-0.075805105
143485584527096320,G,5929.1685,1.9472989,1.3305594,1.322458,-0.60887249
143493040590457856,G,5899.2983,1.8289144,1.2965653,1.2946403,-0.14846578
143498125831527808,K,4420.5234,0.2578382,0.8644901,0.86572389,0.14271911
143500977689878784,G,5815.524,1.2532743,1.0945699,1.1028045,0.75231228
143506677109412224,F,6234.9976,2.5828695,1.3824042,1.3773104,-0.3684775
143508261954377216,K,5115.23,0.5261212,0.9245303,0.92356131,-0.10480918
143531798375062144,F,6803.6836,5.8391814,1.7286341,1.7391656,0.60923594
143532485570003072,F,6310.3867,2.8489406,1.4151258,1.4121568,-0.20980714
143532932246598784,M,3485.9294,0.029128427,0.46884248,0.46792312,-0.19609177
143539357517528704,F,6083.259,1.8689873,1.2260556,1.2307893,0.38609396
143561519549002368,G,5309.397,0.9440539,1.1522022,1.1483153,-0.33734423
143573270579518592,G,5439.796,0.97089386,1.1114669,1.1093633,-0.18925948
143577428107835904,K,4151.072,0.09005671,0.5807151,0.58021729,-0.085723476
143578561979198336,G,5859.8135,1.3182312,1.1123,1.1139902,0.15195445
143581997953023488,K,4734.108,0.2551055,0.75121045,0.75082158,-0.051765183
143582066672498560,F,6174.855,1.6395817,1.1117883,1.1188353,0.63384467
143583406702307328,G,5414.789,0.8091698,1.0156523,1.0221389,0.63866367
143583681580205184,G,5584.2417,1.2653452,1.2016164,1.2017919,0.014601763
143584334415238016,F,6223.545,5.3870277,1.9978095,1.9964209,-0.069508596
143589488375975168,K,4363.063,0.15428077,0.6839907,0.68742622,0.50227553
143592340234259200,K,5045.1567,0.44426912,0.8732405,0.8724226,-0.093663139
143595535689904000,G,5686.1797,1.3718071,1.2066971,1.2068645,0.013874934
143597322396430464,K,5060.346,0.49511868,0.9134395,0.9154769,0.22304734
143607595958066304,K,4325.719,0.11626584,0.60337806,0.60710334,0.61740333
143616834431853440,G,5541.262,0.6155206,0.8513034,0.85124993,-0.0062813694
143624775827144576,G,5749.2334,1.0001218,1.0107754,1.0079981,-0.27476594
143626390735004928,G,5949.668,1.3749232,1.1063391,1.1035879,-0.24867911
143630376464488704,G,5481.7954,0.73395467,1.0015668,0.94982181,-5.1664047
143634774510960000,K,4924.7153,0.3432361,0.80448043,0.80479892,0.039588998
143635972805693312,K,4534.57,0.44053134,1.079823,1.0753983,-0.40976174
143638790304545408,G,5583.7607,1.2534136,1.1935931,1.1963184,0.22832377
143640924904165760,K,4403.641,0.17422503,0.70530075,0.71710809,1.6740858
143647590693361152,G,5680.785,1.3342527,1.1947482,1.1924921,-0.18883715
143652126179435392,K,5091.042,0.46594694,0.8783401,0.87742102,-0.10463859
143653638007300608,G,5619.047,1.0582911,1.0835423,1.0855014,0.18080868
143670405559726080,G,5824.55,1.1813016,1.0674962,1.0673548,-0.013247339
143672467143858176,F,6975.418,5.9609833,1.486343,1.6717512,12.474118
143677655464371200,M,3269.8372,0.006356356,0.2485049,0.24843055,-0.029917626
143680610401866624,K,4678.8545,0.27699834,0.7922595,0.80096339,1.0986156
143687070032626688,M,3589.4248,0.02745043,0.42841113,0.42842817,0.0039774372
143687104392361600,K,4469.1475,0.22888263,0.79556406,0.79801343,0.30787874
143689234696838400,M,3838.4197,0.06442153,0.5784334,0.57393639,-0.77744703
143697687192132352,M,3755.2952,0.061393145,0.58328086,0.58536255,0.35689405
143700195453006720,K,4992.036,0.4494503,0.8955233,0.89626942,0.083317135
143705761730595584,G,5898.1357,1.5661839,1.1986737,1.1985193,-0.012884127
143720536417960192,K,4821.027,0.2905635,0.7679154,0.77267091,0.61927537
143723491355424256,F,6136.82,3.6796067,1.6990578,1.6969424,-0.1245066
143726068335803136,K,5279.7554,0.51514035,0.8555343,0.85780454,0.26535902
143727545804541184,F,6169.9756,2.520025,1.3859452,1.3892765,0.24036369
143731050498006400,K,5204.8335,0.8618563,1.1366166,1.1417129,0.44837474
143744034183937280,K,4167.537,0.10988088,0.63461643,0.63585091,0.19452372
143746027047684352,G,5437.025,1.9370733,1.5417061,1.5685686,1.7423906
143746271862194688,G,5862.0625,4.0825815,1.9616281,1.9589335,-0.13736312
143755789509593856,K,5092.82,0.44755256,0.85011727,0.85932714,1.0833651
143757610575703936,G,5421.511,1.0309947,1.1567361,1.1509082,-0.50382133
140696325389138176,M,3414.5486,0.02147436,0.41850302,0.41874215,0.057139374
140702132185157376,G,5380.186,0.8812479,1.0816191,1.0804574,-0.1074084
140710485897443840,G,5725.604,1.4705074,1.2389972,1.2323786,-0.53418903
140723336439585408,F,6400.05,2.6023784,1.314173,1.3121142,-0.15665797
140730826863101568,F,6291.093,3.9286642,1.6886723,1.6684892,-1.1952041
140735121829800320,K,4363.717,0.14471711,0.6517447,0.66557951,2.1227352
140736663721801216,K,4938.5557,0.37099764,0.83111984,0.83202969,0.10947227
141348443160308992,K,4558.1206,0.22522144,0.7600517,0.76100306,0.12517041
141357239253348736,F,6461.655,2.7667055,1.3239802,1.3272328,0.24566572
141357376692305664,G,5455.877,0.71313494,0.9465237,0.94516989,-0.14302996
141357509835578368,G,5514.684,0.9053879,1.049258,1.0423876,-0.65478562
141365760468434048,G,5841.711,1.8367038,1.3281881,1.3230998,-0.3831046
141367100498379264,G,5646.2056,0.9202315,1.0077983,1.0025091,-0.52482537
141415238491487872,G,5508.442,0.73794764,0.94735116,0.94320995,-0.4371358
141419121141884288,G,5588.2314,2.1030083,1.7427301,1.5471232,-11.224166
141420770409924864,K,4479.7393,0.13663039,0.6252708,0.61365084,-1.8583884
141425134096148480,K,4499.1406,0.15329775,0.6448521,0.64440948,-0.068639018
141434892262381056,K,4470.2197,0.12400739,0.5882849,0.58710964,-0.19977809
141439187229313024,K,4887.016,0.26311943,0.7136735,0.71555348,0.26342314
141440797840552704,K,4471.447,0.17513621,0.69592756,0.69734061,0.20304609
141457221795730688,F,6567.3433,3.6419752,1.461178,1.4741518,0.88790182
141462276973629568,K,4820.257,0.29825684,0.7746942,0.78308333,1.0828957
141464682155321984,F,6299.954,1.817141,1.1209441,1.1315473,0.94591811
141469969258738432,M,3439.839,0.02410551,0.43694648,0.43715464,0.047639336
141476055228655872,G,5833.6445,0.81849474,0.8918867,0.88568887,-0.69491217
141476776783728896,M,3593.2043,0.048717737,0.5476715,0.56955136,3.9950699
141481243549360768,K,5058.413,0.37238833,0.7936705,0.79455254,0.11113472
141488802691699072,G,5761.578,0.9017219,0.96455026,0.95303001,-1.1943645
141493132018724736,K,5160.758,0.52819234,0.90802455,0.90912211,0.12087367
141494368969219072,G,5814.8213,1.3831564,1.1572039,1.1588202,0.13967379
141498732655975040,G,5924.3794,1.587709,1.1955211,1.1960598,0.045058472
141507146496071040,M,3740.4524,0.052939948,0.5491588,0.54789413,-0.23029137
141508456461888512,F,6368.3315,3.2889748,1.4929885,1.4898142,-0.21261385
141510140089204096,G,5986.221,1.6803671,1.2020979,1.205174,0.25589424
141519863894955264,G,5983.688,3.2534535,1.646388,1.6783695,1.9425258
141530790292371072,F,6155.4346,2.009104,1.2454001,1.2463411,0.075560456
141539448945797888,G,5364.755,0.6846851,0.9583066,0.95785289,-0.047345199
141544705986384000,G,5998.067,1.3579347,1.0815212,1.0791206,-0.22196615
141547179887059200,F,6606.574,3.4539938,1.3967264,1.4186045,1.5663833
141548554276580352,K,4430.054,0.17076732,0.70215213,0.70151587,-0.090615275
141551058242086400,F,6643.7637,5.9528317,1.838095,1.8415631,0.18867993
141560270947333888,M,3757.931,0.055225477,0.558431,0.55440265,-0.72136983
141560678968637824,M,3506.0215,0.027399516,0.44806397,0.44863738,0.12797522
141571128624530176,F,7120.046,4.3387938,1.3700837,1.3689011,-0.086317064
141571472221911936,G,5826.3247,1.2145499,1.088941,1.0816119,-0.67304448
141579237522778752,G,5479.56,0.58748823,0.84879386,0.85047465,0.19802084
141610328790014848,M,3378.2424,0.010722804,0.30267316,0.30229136,-0.12614418
141615796284338688,K,5273.3247,0.59204364,0.92392534,0.92185156,-0.22445341
141616620918057088,F,6239.151,2.1590478,1.254362,1.2575733,0.25600794
141621190763374592,K,4981.3047,0.32668898,0.7699576,0.7674219,-0.32933
141625210852637056,G,5322.851,0.48208597,0.8112793,0.81644473,0.63670143
141626447803342080,K,4435.111,0.18095106,0.7184017,0.72048466,0.28994381
141628715546064128,G,5563.703,2.2980218,1.6182039,1.6315574,0.82520469
141638027035042176,F,6111.4766,1.5056347,1.0968094,1.0945123,-0.20943118
141641325569919744,K,4686.2812,0.2770294,0.79589653,0.79847147,0.3235267
141642322002313472,K,5174.866,0.5954102,0.9570645,0.95998198,0.30483587
141659089554551040,G,5584.4106,0.53005284,0.7844471,0.7777823,-0.84961694
141659261353240320,G,5746.258,0.8898919,0.9521642,0.95181281,-0.036904464
141660841901187456,M,3338.332,0.010353318,0.30321828,0.30418226,0.31791479
141671424700621056,G,5902.411,1.3830806,1.126837,1.1246516,-0.19393977
141677025337943424,K,4452.0796,0.16898139,0.6894067,0.69095022,0.2238909
141685477833545728,F,6545.5244,4.0577335,1.5663425,1.5664121,0.0044433751
141689601002309376,G,5543.249,1.3687878,1.2649219,1.2685058,0.28332785
141690597434713216,M,3649.156,0.05268467,0.5682869,0.57426247,1.0515056
141690696217139840,K,5144.8403,0.4352337,0.83176786,0.83036803,-0.1682954
141697194504461184,G,5410.623,0.59073424,0.8752246,0.87469105,-0.060961154
141710079406197888,K,4452.2505,0.13583277,0.61667854,0.61943574,0.44710427
141713137423458304,G,5549.086,0.6784952,0.8980096,0.89121736,-0.75636563
141713858977563264,K,5251.248,0.5478543,0.8936906,0.89425348,0.062984008
141724854094400640,G,5969.4355,1.058793,0.96309286,0.96203786,-0.10954291
141726881318948864,F,6161.6353,4.149377,1.7876723,1.7875271,-0.0081234168
141732305860446208,K,4483.373,0.18157253,0.7067351,0.70626631,-0.066332007
141738941587178624,K,4734.9263,0.28503633,0.79057777,0.79337192,0.35343077
141751895208418816,K,5002.777,0.4362234,0.8760214,0.87919529,0.36230694
141754678347245312,G,5581.214,0.7161099,0.9120908,0.90507725,-0.76895277
141757427126416000,K,4497.837,0.19227363,0.72129816,0.72211372,0.11306875
141764470872638720,K,4682.871,0.28830352,0.7956864,0.81574373,2.5207582
141769349955426304,F,6100.1973,2.0382292,1.2875841,1.2781797,-0.73039315
141783574887105920,K,4289.18,0.23198064,0.8750696,0.87222893,-0.32462211
141785464672713856,K,5028.389,0.2980736,0.7164819,0.71937805,0.40421809
141788385250423168,K,5209.779,0.80744374,1.1000248,1.1029878,0.26935442
141797353142066560,F,6027.746,1.7609824,1.2222205,1.2168044,-0.44313377
141801407591182336,G,5374.2554,0.54199,0.8463231,0.84920432,0.34043969
141805908716868992,K,5124.314,0.7559509,1.1011631,1.1031346,0.17903351
141812402707469568,F,7257.972,6.1782103,1.5759221,1.572005,-0.2485582
141812746304848896,K,4305.314,0.13635996,0.65632933,0.6637231,1.126533
141819515173284480,M,3018.248,0.0063559636,0.29197314,0.29156408,-0.14010202
141821404958871552,G,5660.0093,1.5580599,1.3042632,1.2981084,-0.47190178
141822676269169280,M,3435.7249,0.014861484,0.3444774,0.34407054,-0.11811023
141823260384726784,K,5123.1636,0.49579033,0.89453435,0.89376993,-0.085454864
141836003551982080,K,4421.0503,0.12063158,0.5905618,0.59201505,0.24607976
141837171783024512,M,3393.8923,0.018688055,0.39654672,0.39540222,-0.28861754
141843665773916288,K,4343.3945,0.18590195,0.762675,0.76144156,-0.16172501
141848446072921472,K,4939.464,0.39460915,0.8460731,0.85778231,1.3839482
141848613574678784,G,5809.764,1.3228877,1.1372528,1.1352661,-0.17469333
141848789670299392,K,5256.613,0.42179674,0.78914976,0.78305589,-0.772207
141853737472617984,G,5540.5415,1.1804509,1.1744541,1.1791599,0.40067947
141857272230610560,K,4737.638,0.39814493,0.93992764,0.93659106,-0.35498247
141874044077776640,K,4909.9546,0.3724198,0.84348893,0.84336309,-0.014919171
141879094959300992,G,5955.975,2.9436038,1.6037974,1.6113397,0.4702773
141893319890963968,F,6022.3247,2.7832625,1.5314955,1.532505,0.065918344
141894900438937216,G,5864.776,1.2143253,1.0669712,1.067377,0.038029146
141897133820648448,F,6342.537,4.3438563,1.721561,1.7260957,0.26340544
141903662172201344,K,4898.8,0.3283084,0.7942764,0.7954534,0.14818458
141925068289155200,K,5047.65,0.74190176,1.11663,1.1262839,0.86456098
141925991705647360,K,4577.756,0.22751606,0.76207346,0.75832244,-0.4922121
141938468587579648,K,4194.857,0.10412252,0.6158545,0.61092961,-0.79968395
141941801481643136,K,4988.5815,0.4205618,0.86523944,0.8681883,0.34081428
141943622547920768,F,6303.3135,2.7613454,1.389879,1.3933997,0.25330972
141952212482369536,G,5563.0464,2.135717,1.5817958,1.5732569,-0.53982237
141956988485994880,F,6020.7017,2.4636178,1.451509,1.4425989,-0.61384849
141957671385049728,M,3178.0713,0.010243477,0.32134703,0.33384862,3.8903707
141959286291984640,M,3448.4458,0.013782767,0.33994478,0.32890809,-3.2466118
141960012142935936,M,3883.4453,0.07908608,0.6136275,0.62125343,1.2427625
141960183942210176,G,5767.7427,1.4327873,1.2014658,1.1987601,-0.22520293
141964685067350912,K,4504.1377,0.26960647,0.85878426,0.85269752,-0.70876296
141968670797329280,G,5763.868,1.9681423,1.4238852,1.406868,-1.1951234
141971900612534656,K,5103.407,0.6646799,1.0390657,1.0428913,0.36817214
141972141130696320,F,6297.264,3.4448,1.5608388,1.5593061,-0.098199946
141973275002057216,F,6336.52,3.48335,1.5205921,1.5486387,1.8444502
141978875639408512,G,5919.194,1.3314381,1.0992013,1.0972068,-0.18144708
141980112589967744,G,5783.7104,2.510177,1.587009,1.5779464,-0.57104701
141980696705515392,G,5716.606,1.5609916,1.2728301,1.2737287,0.070595757
141988839963369728,K,4552.749,0.1916917,0.7031123,0.70373216,0.088159834
141989836396393216,K,5261.212,0.5843605,0.9203413,0.92007236,-0.029222076
141992035419045248,K,4583.6304,0.22017378,0.7466977,0.74407511,-0.35122498
141992202921318784,M,3540.2437,0.027084256,0.43702745,0.437467,0.10057739
141997464257659520,G,5963.1206,2.1558805,1.3745072,1.3756828,0.08553118
142010795836509312,G,5808.38,2.0547502,1.4059465,1.4155416,0.6824648
142016087236173952,M,3806.985,0.061371647,0.56908655,0.56947507,0.0682713
142023577658998144,K,4465.7925,0.14439185,0.63693684,0.63478612,-0.33766632
142027425949693184,K,5299.4204,0.62110204,0.9346536,0.93492741,0.029295291
142028765979474304,K,5282.052,0.76064026,1.0395144,1.0414477,0.18598227
142033610702722304,F,6165.2354,1.6288133,1.115115,1.1186378,0.31591291
142040139053015552,K,4592.068,0.240786,0.7755346,0.77526853,-0.034307805
142043093990490112,G,5734.774,0.86317503,0.9461925,0.94117413,-0.53037545
142046010272070272,K,4014.3284,0.07896367,0.5814883,0.58095304,-0.092050266
142047114079873152,G,5626.906,0.8211518,0.9547436,0.95351069,-0.12913546
142048969505724672,F,6467.237,3.6321661,1.5146706,1.5180933,0.2259687
142052542918516992,G,5987.2236,2.4766088,1.4545127,1.462618,0.55725135
142056322489690752,G,5458.903,0.8327412,1.0118512,1.0202285,0.82791373
142065805777509504,M,3544.1816,0.029026628,0.45285973,0.45187626,-0.21716978
142070100744795904,F,6317.2847,5.1969624,1.9095434,1.9031238,-0.33618312
142076732174230272,K,5210.2593,0.6836097,1.0206455,1.0147022,-0.58230974
142080202507804416,G,5405.742,0.90247136,1.0837264,1.0830768,-0.059942849
142080408666232064,F,6129.322,1.5033777,1.0896609,1.0873324,-0.21368827
142081645616788352,M,3415.4578,0.044178087,0.6006658,0.60028676,-0.063102885
142084188237406848,K,4932.2505,0.54934454,1.021999,1.015045,-0.68042667
142085493907453184,K,4485.9116,0.19067083,0.72251105,0.72292604,0.057436918
142090716587642368,K,5207.2627,0.44161013,0.8222277,0.81649532,-0.69717696
142099375241740160,M,3562.1213,0.034780383,0.49010172,0.48966936,-0.088217844
142105044598519424,K,4481.948,0.18441926,0.7078632,0.71223395,0.61745689
142110645235883008,K,4494.455,0.17879847,0.6965594,0.69739846,0.12045846
142111779107238400,M,3532.4297,0.01535243,0.33131224,0.33082222,-0.14790347
142119716206776704,M,3606.5579,0.080183975,0.7277372,0.72528907,-0.33640268
142124320411707520,F,6575.9624,3.4229963,1.4254127,1.4254032,-0.00066564202
142129195199696000,K,4137.907,0.18209058,0.8312752,0.83030079,-0.11721913
142135384247455488,F,6277.2793,2.901334,1.4389765,1.4401546,0.081871537
142143046469084544,K,4257.921,0.14588937,0.6970881,0.70189118,0.68902083
142144627017044736,K,4525.557,0.17726775,0.6847114,0.68489493,0.026803354
142157271401123968,G,5600.529,3.002648,1.8618915,1.8405485,-1.1463061
142163524873392000,M,3461.254,0.022829982,0.42204782,0.42018351,-0.44172968
142164590025279744,K,5260.865,0.5255972,0.8799209,0.87270079,-0.82054117
142166101853762304,K,4248.7773,0.25976905,0.94034475,0.94063022,0.030358091
142171427613331840,G,5470.681,0.86469775,1.039351,1.0351482,-0.40436516
142171771210575488,F,6252.973,2.6516995,1.3907626,1.3875294,-0.23247371
142181907333515136,G,5408.58,0.770841,1.0027273,0.99992873,-0.27909549
142183350442523264,G,5561.3794,1.4250058,1.3131466,1.2858681,-2.077337
142189363396715136,G,5988.969,1.5191597,1.149785,1.1448557,-0.42871598
142198503087135744,G,5317.883,2.1995442,1.7428563,1.7471973,0.24907426
142202042140041216,G,5451.506,0.78577274,0.966541,0.99373057,2.8130801
142206543265882752,G,5579.8687,0.8349813,0.9793311,0.97778546,-0.15782579
142218221281329408,F,6425.097,4.444193,1.7006207,1.7013366,0.042095073
142220665118271360,F,6516.508,5.6091847,1.8657311,1.8581175,-0.40807776
142229358132043264,K,5181.393,0.4108011,0.8005106,0.79538224,-0.6406356
142231488435805696,K,4385.4604,0.12897207,0.62046355,0.62211491,0.26614905
142246091324471424,G,5992.2153,1.5371823,1.1425172,1.1503792,0.68813188
142246430626169984,M,3456.5237,0.03843438,0.54983336,0.54668105,-0.57332034
137340551477551360,G,5610.0557,0.7316509,0.8993552,0.90546313,0.67914529
137345220105951616,K,4981.8433,1.0376079,1.3554031,1.3673814,0.88374485
137345258761735424,G,5573.691,2.6100492,1.7461407,1.7325738,-0.77696744
137350412722382080,K,4878.1626,0.39390236,0.88079584,0.87868843,-0.23926205
137359037016702464,G,5753.2715,1.019095,1.0185381,1.0160867,-0.24068027
138485108722853504,K,4507.3804,0.16117868,0.65734565,0.65835257,0.15317951
138833001073802240,M,3469.6685,0.026983859,0.4561063,0.45459978,-0.33029962
138850765058426240,K,4571.894,0.30845073,0.8713491,0.88522518,1.5924818
138856537494514048,M,3732.5776,0.07032264,0.62731373,0.63413694,1.0876871
138859217554043776,K,4489.065,0.40313783,1.050826,1.0497071,-0.10647462
138860557583867776,K,4702.1685,0.20879789,0.686045,0.6885252,0.36152102
138871793218200960,G,5865.0723,1.0382173,0.9876327,0.98684865,-0.079386813
138872102455841664,K,4500.796,0.14787953,0.6295079,0.6324534,0.46790571
138874198400515840,G,5420.6304,2.0963557,1.6245457,1.6416707,1.0541427
138875538429672192,F,6312.3096,3.263774,1.5135258,1.5105553,-0.19626636
138876878459456640,G,5876.7974,2.3911564,1.4985869,1.4916802,-0.46088322
138896772747942784,M,3823.6997,0.045080747,0.48369348,0.48381704,0.025544807
138899212289357056,K,4404.64,0.1349455,0.6306462,0.63082882,0.028957859
138915430085874560,K,4456.224,0.19049297,0.7598764,0.7322487,-3.6358147
138921202521911808,F,6038.686,4.1215773,1.8880521,1.8548124,-1.7605289
138925050812574336,G,5577.872,0.597433,0.83047503,0.8276766,-0.33696742
138943978733072768,M,3525.6238,0.027632045,0.44614574,0.44554106,-0.13553364
138945735375169152,M,3685.6514,0.057458576,0.59019107,0.58789813,-0.38850819
138948209276332160,F,6511.283,3.631692,1.4915694,1.4975265,0.39938613
138948312355606784,K,5041.383,0.42405552,0.8504346,0.85362109,0.37468953
138951198573564416,G,5820.9727,1.5924419,1.2397733,1.2407773,0.080981284
138953290222226304,G,5911.595,1.8058813,1.2778125,1.2811159,0.25851849
138958379758868096,M,3382.8562,0.011362073,0.31449327,0.31032365,-1.3258218
138959651069188480,G,5921.95,1.450392,1.1431807,1.1441063,0.080969185
138962021891033984,K,4299.6123,0.18194716,0.7679851,0.76871828,0.095467895
138966488657010304,M,3578.8625,0.031367477,0.4609662,0.46068379,-0.061265326
138982569014604032,G,5949.4756,1.6509386,1.2112277,1.2093757,-0.15290083
138997206263015552,K,4431.083,0.19430205,0.74342483,0.74794917,0.60858014
139000195560753920,M,3054.0886,0.013998869,0.33640456,0.42260669,25.624544
139001810467945216,K,5236.207,1.0988946,1.2495378,1.2737892,1.9408306
139010537841448960,K,4648.049,0.20575063,0.7067222,0.69949136,-1.0231522
139012633785475712,G,5650.832,0.79259884,0.92802364,0.92887032,0.091234555
139017237990545920,G,5341.4214,0.71544296,0.98592997,0.98770439,0.17997424
139018955977482240,K,4697.7124,0.23155747,0.7244993,0.72645666,0.27016699
139019363998080768,M,3450.364,0.020118074,0.3994323,0.39693239,-0.62586699
139021670396785664,K,5108.809,0.38781258,0.80073637,0.79492247,-0.72606886
139024140001861760,M,3560.905,0.03271152,0.47819996,0.47520691,-0.62589896
139027992588629376,G,5527.041,1.2927835,1.2463272,1.2400257,-0.50560502
139028400611645312,K,4901.2856,0.2817019,0.7433528,0.7360851,-0.97769127
139030157252135808,K,4459.4497,0.15494046,0.6617739,0.65943659,-0.3531884
139042286239774976,K,4990.603,0.7267693,1.1476809,1.140369,-0.63710259
139042767276109056,K,4898.036,0.51518357,0.9966501,0.99675912,0.010938498
139046375048507520,F,6098.7544,1.6678373,1.1410865,1.1567719,1.3745982
139118771017873792,K,5154.4326,0.47776547,0.8636476,0.8667599,0.36036667
139133614424790144,G,5739.725,1.290726,1.1498793,1.1489153,-0.083833289
139139313845867648,G,5899.201,2.2574186,1.438883,1.4383773,-0.035144833
139140314574269824,F,6827.2554,4.5624914,1.5184938,1.5267288,0.54231206
139144472102110592,M,3595.051,0.029531315,0.4514363,0.44298033,-1.8731258
139144850059230080,G,5640.8643,0.7047923,0.8789426,0.8790072,0.0073495979
139148320392917760,G,5818.8384,3.1806557,1.7634416,1.7548455,-0.48745877
139148423471997824,K,4198.0244,0.14422348,0.7093554,0.71792856,1.2085843
139152095668331648,M,3708.008,0.07757584,0.6744433,0.67489324,0.066713096
139157838040435584,F,6201.72,1.8085694,1.1659112,1.1649209,-0.084936914
139159624746830080,M,3529.8225,0.021987103,0.39706826,0.39648926,-0.14581775
139162820202476160,G,5503.086,2.0150805,1.5684652,1.561661,-0.43381337
139178247724876288,G,5519.5938,2.1891954,1.6194277,1.61801,-0.087546348
139179347236497152,K,3998.9885,0.058985226,0.50691336,0.50596966,-0.18616623
139182439613054976,F,6006.285,2.0840466,1.3364183,1.3331991,-0.24088487
139186116104951936,K,4617.762,0.21860105,0.73381984,0.73049322,-0.45332876
139211026916072192,G,5481.8047,0.8111446,0.9989745,0.99851636,-0.04586129
139211988988763904,G,5351.151,0.52970177,0.8444166,0.84678754,0.28077884
139240026535153280,K,4302.0464,0.12505159,0.63576674,0.63657208,0.12667292
139242809674010752,K,4449.785,0.17030396,0.69489914,0.69436445,-0.076944761
139244287142749312,G,5321.4077,0.33368802,0.68242174,0.67962665,-0.40958383
139247997994498944,F,6327.871,3.314842,1.5174085,1.514849,-0.16867605
139253388177141248,K,3953.815,0.045756526,0.47275078,0.45587628,-3.5694288
139255071804368256,M,3295.179,0.010829352,0.3194263,0.31929813,-0.040125396
139266724051780480,G,5342.4536,0.73222286,1.0024469,0.99883393,-0.36041557
139271156457992320,F,6190.047,3.8394177,1.693824,1.7037189,0.58417704
139271293897120512,M,3808.344,0.054912362,0.5411049,0.53828947,-0.52031172
139274317553936256,K,5143.406,0.3863734,0.79110485,0.78280782,-1.04879
139274317554202752,M,3357.1626,0.011945826,0.32357487,0.32308478,-0.15146084
139283113646814336,F,6200.8965,1.4699064,1.0426426,1.050483,0.75197564
139287511693730688,K,4632.372,0.41658974,1.0016314,1.0020758,0.044371267
139288405046631424,F,6535.919,3.8096523,1.5068202,1.5222378,1.0231892
139291669221781120,K,4959.6772,0.37273464,0.82759863,0.8268871,-0.085975434
139300362235550464,F,6213.791,3.0178454,1.4992471,1.4989542,-0.019534648
139306650067792128,G,5674.9375,2.1239674,1.4974192,1.5076652,0.68424577
139318023141064320,K,4398.2534,0.41158333,1.1357365,1.1048964,-2.7154282
139321424755135616,G,5873.1914,1.7359812,1.2748392,1.2725573,-0.17899175
139325440547369856,G,5889.985,2.346037,1.4733827,1.4709307,-0.16641984
139331629597158272,K,4913.007,0.2982114,0.7563981,0.75373818,-0.35165582
139339291818795648,G,5751.8535,1.440727,1.211631,1.2087274,-0.23964176
139354581902171520,K,4834.7773,0.37206727,0.86926866,0.8693826,0.013108056
139355406535891072,G,5806.266,1.3064215,1.1272211,1.1295383,0.20556812
139355715773532160,G,5863.205,1.7209668,1.2526112,1.2713621,1.4969422
139363446714826624,G,5758.106,0.93172807,0.9696821,0.96992564,0.025115371
139364443147228288,K,4569.064,0.19386248,0.7012283,0.70266053,0.20424619
139371413878003840,K,4893.1475,0.40259483,0.88259023,0.88289822,0.034896506
139373411038920320,G,5641.8306,1.0902177,1.1080694,1.092873,-1.3714316
139382344570819712,M,3789.3723,0.05372061,0.537328,0.53776072,0.080531755
139386983135538304,K,4486.653,0.1527162,0.6475351,0.64677132,-0.11795254
139389079079602304,G,5755.998,1.1483,1.0789154,1.0775553,-0.12606012
139391278102822528,G,5455.1045,0.7986034,0.99847937,1.0004896,0.20133162
139400825814324224,F,6089.6343,3.9291081,1.7721012,1.7808106,0.49147121
139402582456661760,G,5508.6235,0.08314157,0.5776901,0.31657462,-45.199923
139403200931946368,K,5068.9546,0.5887022,0.98154956,0.99486508,1.3565815
139408114374515456,G,5812.964,1.9056236,1.3611811,1.3610574,-0.0090843913
139414780163752192,G,5476.7754,0.9266152,1.0596247,1.0691854,0.90226973
139415810955879424,K,4561.595,0.19458668,0.70460236,0.70627896,0.23794942
139416974891614592,M,3516.8745,0.016115177,0.36025336,0.34194555,-5.0819256
139419448792268672,M,3589.478,0.04633166,0.5658148,0.55658244,-1.6316931
139430448204406912,K,4990.488,0.38966992,0.83451205,0.83505594,0.065174878
139448796304786304,F,6004.004,4.7308826,1.9992814,2.010214,0.54682815
139453641027783680,K,4322.923,0.14367524,0.66699654,0.67575478,1.3130863
139463089955771008,G,5516.468,1.2037518,1.2009382,1.201156,0.01813907
139464292546610560,G,5383.046,0.9975581,1.1443545,1.1483283,0.34725497
139464395625824256,F,6146.2197,1.7660793,1.1741264,1.1720391,-0.1777747
139472504524977024,G,5613.112,0.9357683,1.0262768,1.0228923,-0.32978429
139473810195014528,K,5116.2383,0.17640206,0.53323495,0.53456862,0.2501085
139481919093358592,K,3908.173,0.08028985,0.6107676,0.61806752,1.1952048
139484530433338496,K,5295.05,0.5673291,0.9052752,0.89501551,-1.133323
139485355067053056,M,3841.8223,0.14208716,0.8514375,0.85085593,-0.068304122
139493292166658048,K,4225.0547,0.12629011,0.66314656,0.66324374,0.014654408
139506310210339456,K,5095.029,0.31339422,0.73275995,0.71846453,-1.950901
139506520666006912,F,6961.1187,5.7180505,1.6366895,1.6440653,0.45065645
139508273012659072,F,6494.747,6.930897,1.8119403,2.0793299,14.757089
139509750481405696,K,5243.867,0.65207887,0.9773786,0.9783627,0.10068802
139509853560619136,K,4759.421,0.31979895,0.8445015,0.83173204,-1.5120705
139512567979724416,K,4970.965,0.38048023,0.83641815,0.83164465,-0.57070739
139533458700549888,G,5732.5044,1.0441133,1.0368384,1.0359485,-0.085824681
139539780892363904,G,5780.2954,0.9343245,0.96377176,0.96383338,0.0063935324
139543423024898816,G,5836.6685,1.1249039,1.0369793,1.0372437,0.025499633
139555964329294464,M,3406.1238,0.028923115,0.49178773,0.48837659,-0.69362107
139564657342898816,K,4668.658,0.2297589,0.7337443,0.7326646,-0.14714889
139567440481685248,G,5463.4478,0.86498123,1.0428746,1.0380611,-0.46156309
139567577920635776,F,6163.1606,1.9921602,1.2353126,1.2379649,0.21470442
139567852798548352,F,6210.405,5.180079,1.9710011,1.9659909,-0.25419489
139568093316715392,K,4230.5527,0.084779724,0.542362,0.54200706,-0.065443913
139570086181533696,G,5354.319,0.5223277,0.8405794,0.839878,-0.083442367
139572044686626304,K,4396.8076,0.16029869,0.6893249,0.68999068,0.096584223
139577748403701248,K,4558.586,0.26041046,0.8098813,0.81812953,1.0184492
139587025532626048,M,3554.9243,0.038175877,0.51501024,0.51509455,0.01637128
139587334770267392,F,6100.569,3.045618,1.5436585,1.5622488,1.2042989
139587540928698240,G,5541.7095,2.0597694,1.5595326,1.556951,-0.16553563
139590014829868288,F,6047.6665,3.959234,1.810398,1.8125211,0.11727423
139590805103850368,F,6202.2856,3.459275,1.6126995,1.6108021,-0.11765441
139593622602360704,G,5867.6904,2.9376695,1.6547152,1.6585182,0.22982913
139602556134261504,K,5071.39,1.2604023,1.1780983,1.4542991,23.444631
139606537568703232,G,5391.09,1.627297,1.416926,1.4622897,3.2015545
139609909118265600,G,5815.9834,1.2514406,1.0971614,1.1018233,0.42490847
140354793885882880,M,3664.2922,0.07244495,0.6763667,0.66784707,-1.2596174
140358470377889920,G,5672.988,2.0137458,1.4692264,1.4690337,-0.013116633
140360875559567488,G,5406.205,1.7512573,1.4873725,1.5084924,1.4199455
140362387388041984,K,4347.2544,0.15141353,0.687808,0.68597042,-0.26716399
140363212021761024,K,5216.2896,0.49118227,0.85649955,0.8581261,0.18990694
140365342325548544,F,6046.5576,1.5802755,1.154423,1.1455213,-0.77109363
140370461926576000,K,4697.5967,0.2401322,0.73938423,0.73982142,0.059129358
140376028204478080,G,5708.584,0.7355797,0.8789344,0.87682159,-0.24038272
140402175964913408,M,3282.7405,0.01239404,0.3442022,0.34418069,-0.0062491647
140412994986574208,M,3381.6008,0.011402462,0.31035572,0.31110558,0.2416135
140422065957484288,M,3415.4934,0.015579159,0.35622916,0.35646612,0.066520316
140431416102177792,K,4658.3433,0.24703737,0.76547724,0.76308252,-0.31283987
140450760634841472,F,6773.545,3.5114396,1.3587744,1.3607042,0.14202415
140596652084586624,F,6304.819,4.6098065,1.7981715,1.7994893,0.073284098
140600500375197184,G,5653.994,0.7227001,0.89007044,0.88597513,-0.46011063
140607166164424576,K,4919.1465,0.3114538,0.7689288,0.76837011,-0.072657722
140616305854841984,K,4348.868,0.14706555,0.6754277,0.67554796,0.01780457
140620566462266496,G,5917.1274,1.5358886,1.2063751,1.1792644,-2.2472881
140622280153229184,F,6457.3853,4.2032223,1.6446493,1.6380643,-0.40039072
140623006003672960,F,6064.5957,4.505572,1.9057319,1.9227571,0.89336734
140631389779930496,G,5664.5664,0.65610224,0.8455004,0.84101855,-0.53008203
140632867248690688,G,5780.01,0.85252374,0.9191207,0.92076589,0.178996
140638296087341056,G,5413.6714,1.113727,1.1975222,1.1996616,0.17865098
140651627665818112,K,5259.58,0.61463416,0.95915884,0.94418996,-1.560626
140653861048794368,K,5151.0806,0.3347665,0.72702384,0.72648636,-0.073928525
140654651322790912,F,6125.8936,1.687191,1.1560084,1.1531781,-0.2448336
142397308533539584,M,3414.0369,0.013409445,0.33146977,0.33099554,-0.14306908
142414660201254912,G,5764.599,1.8166065,1.3586439,1.3512801,-0.54199459
142433970374016000,K,4333.111,0.16339135,0.71401656,0.71724588,0.45227532
142442800826717952,G,5731.809,2.3096478,1.5514675,1.5411419,-0.6655394
142465718772171136,K,4602.246,0.21614109,0.7303898,0.73127743,0.12152872
142467260664882688,K,4350.3296,0.0633938,0.44143698,0.44323314,0.40689037
142469189105728896,G,5438.903,1.1716982,1.2133613,1.2190974,0.47274697
142474652304286080,G,5339.7856,0.6563672,0.9471893,0.94662715,-0.05934924
142489564431018752,M,3698.4773,0.033742603,0.44750684,0.44740057,-0.023746215
142505404269835264,K,5150.249,0.8351652,1.1172789,1.1478441,2.7356814
142507289759656320,G,5851.699,1.4534435,1.1729292,1.1729737,0.0037952379
142518770208074240,G,5625.334,1.3790342,1.2369391,1.2363575,-0.047022824
142519629201523712,G,5637.6226,1.1005405,1.1009635,1.0996746,-0.11707419
142525779594668544,G,5327.856,0.9163158,1.1278669,1.1234941,-0.3877063
142534060291736704,F,6665.255,3.161643,1.316924,1.3334479,1.2547311
142539042454022912,G,5818.9473,1.4747611,1.1951169,1.1948824,-0.019624849
142548594460996736,K,4192.8076,0.09649538,0.5884503,0.58870341,0.043013436
142556325402053504,K,4247.5576,0.11323898,0.621944,0.62140189,-0.087163339
142558455705917952,F,6317.406,2.7928298,1.3942572,1.3950758,0.058715378
142565426436529664,K,4746.8984,0.35539445,0.87823826,0.88143158,0.36360574
142574570424119040,G,5630.116,0.8285662,0.9577625,0.95671389,-0.10948488
142579552586168192,K,4695.91,0.18343982,0.64710087,0.64708367,-0.0026582194
142581476731523584,K,4919.365,0.34249115,0.8056135,0.80567473,0.0076008151
142582507523665024,M,3392.2568,0.024044333,0.44852433,0.44893357,0.091242012
142593880596916352,M,3859.001,0.12273254,0.78348416,0.78376025,0.035238134
142597862031140992,F,6094.624,2.897461,1.5322675,1.5267507,-0.36004214
142598450442095616,G,5775.9907,1.2350551,1.112849,1.1097965,-0.27429457
142600821264000640,F,6095.173,2.4124544,1.2927114,1.3928702,7.7479622
142604738274363008,G,5789.0728,2.0990787,1.4407698,1.4402885,-0.033404235
142606353182044672,K,4572.65,0.17856993,0.67301977,0.67331983,0.044583722
142606559340473216,K,4919.346,0.47533044,0.9472673,0.94915302,0.19906982
142607036081389312,M,3529.8147,0.02211009,0.3978383,0.39759838,-0.060307048
142611266624628096,K,4770.934,0.35937655,0.8798983,0.87744764,-0.27851607
142612778453106560,G,5726.349,0.774369,0.9046632,0.89406998,-1.1709571
142614015403667072,K,5057.9355,0.6452675,1.0459365,1.0461079,0.016387518
142616180067190784,K,4578.658,0.2341168,0.768052,0.76894104,0.11575236
142618172932002560,K,4857.7935,0.30608952,0.78096944,0.78108679,0.01502602
142623876648589056,K,5243.027,0.6920012,1.0044537,1.00819,0.37197584
142628167320360704,F,6366.7935,2.7686636,1.3550221,1.3675611,0.92536982
142632226064987648,F,6534.5093,3.9258974,1.5457635,1.5459544,0.012348309
142634111554701312,K,4538.956,0.18184641,0.6934401,0.68959417,-0.55461605
142641949870907264,F,6038.848,2.0417964,1.3284253,1.3054228,-1.7315643
142655929988016000,K,4791.536,0.2945929,0.7873146,0.78761647,0.038341406
142659473337447424,K,5038.2344,0.46322256,0.89140487,0.89328754,0.21120213
142661771142892416,F,6146.132,1.9898012,1.2281759,1.244097,1.2963198
142676687566228096,F,6236.12,2.7724755,1.378816,1.4264551,3.4550697
142681910246445056,K,4660.4688,0.20490403,0.69289774,0.69433523,0.20746053
142684074909922304,G,5855.5396,1.4882586,1.1873013,1.1853825,-0.16160902
142686514451354880,F,6157.1753,3.5191596,1.6482444,1.6485784,0.020264028
142690019144626688,G,5559.853,1.6882086,1.40083,1.4003597,-0.033574645
142700120907748736,G,5440.0674,0.66819626,0.92464644,0.92023049,-0.47758218
142700567584324352,K,4591.322,0.19062047,0.68944585,0.69002119,0.083449004
142700945541442304,G,5781.6406,1.9597881,1.4032041,1.3952613,-0.5660502
142705824624268800,G,5455.5713,2.6092422,1.8254602,1.808131,-0.94930728
142721630104169600,G,5420.8984,0.60599273,0.8802476,0.88256019,0.26272013
142725547114250496,K,5211.7324,0.44702905,0.8206819,0.82008113,-0.073204158
142726715345859200,M,3497.805,0.015942642,0.34363163,0.3438287,0.057347859
142731491348967296,G,5438.7417,0.80656964,1.0146289,1.0115264,-0.30577517
142733037537164416,F,6037.052,4.064873,1.8014604,1.8430063,2.3062341
142733346774949504,G,5858.102,4.1042747,1.8969198,1.9667878,3.6832359
142735678941995904,M,3260.6252,0.011414604,0.33275157,0.33479721,0.61476354
142741421313272192,G,5737.4697,0.9549003,0.99435663,0.98898878,-0.5398312
142751145119385216,G,5824.86,2.298045,1.4855888,1.4885432,0.1988704
142757570390448896,G,5305.807,0.53269106,0.8620827,0.86374982,0.19338246
142766121668958336,M,3508.0508,0.015728803,0.3433587,0.33952304,-1.1171002
142774578460912512,K,5147.9707,0.3797852,0.77016944,0.77472942,0.59207441
142774784619341440,F,6006.6245,1.7101425,1.2043551,1.207559,0.26602284
142781312969558912,G,5584.895,2.7130089,1.7638118,1.7593358,-0.25376741
142783511992998912,G,5903.2505,1.2964201,1.086399,1.088538,0.1968934
142795366102451968,G,5715.288,1.8410317,1.3810755,1.3839091,0.20517096
142796087657236992,G,5778.0425,1.6520818,1.2820048,1.2826479,0.050167298
142798080521865216,G,5452.8345,1.027812,1.1310157,1.1359661,0.43769475
142805605304500480,K,4236.7354,0.0988504,0.58447653,0.58355218,-0.15815063
142807117132977792,G,5704.2544,1.9516145,1.4368427,1.4303832,-0.44956067
142813263230605312,F,6179.599,3.483277,1.6343999,1.6282706,-0.37501903
142817253256375296,F,6211.7344,2.878123,1.4769676,1.4648126,-0.82296703
142822750813852800,K,5133.7524,0.43494663,0.81074286,0.8336837,2.8296069
142824193923499648,G,5768.9873,1.1446117,1.1004591,1.0709843,-2.6784136
142825740111722368,G,5600.621,2.8392968,1.8259015,1.7897245,-1.9813215
142826908342187904,F,6291.9424,2.3055246,1.2902662,1.2778167,-0.96487726
142828420170640128,M,3387.636,0.013972999,0.34331685,0.34316619,-0.04388296
142828454530374144,K,4768.8,0.3187297,0.81658834,0.82707751,1.284511
142830894071770368,G,5974.593,2.7866418,1.6079323,1.5580345,-3.1032248
142838247055821696,G,5687.45,0.87580425,0.97585416,0.96387674,-1.2273777
142840068121958272,G,5861.0454,1.2350137,1.0771284,1.0778017,0.062511861
142848451898066176,K,5284.073,0.42674032,0.79113203,0.77946637,-1.4745528
142849379611838080,F,6250.8623,3.0492065,1.4918066,1.4889041,-0.19456515
142849413971136896,K,4868.932,0.68339556,1.1256957,1.1617744,3.2050175
142850646624717312,G,5317.4917,0.8745495,1.1011465,1.1018734,0.066017251
142857522868049664,K,4932.429,0.3169689,0.7707647,0.77097412,0.027170943
142860610949109376,M,3606.9934,0.031295028,0.45348048,0.45300202,-0.10550859
142864772774123904,K,4849.187,0.4031901,0.8720584,0.89964304,3.1631648
142870476490802432,F,6217.7393,4.3182583,1.77241,1.7907809,1.0364922
142874290422141824,K,4302.1694,0.099246606,0.5670766,0.56706909,-0.0013234957
142874737098263808,G,5822.7305,1.0381542,1.0018057,1.0012228,-0.058188758
142879719260318208,K,4758.337,0.22851238,0.7064702,0.70339234,-0.43566748
142884868924442496,G,5522.0913,2.5817025,1.7518867,1.755493,0.20585024
142891710808962816,F,6145.916,2.3806982,1.3617402,1.3609184,-0.060347782
142892909103524736,K,4770.727,0.24546036,0.72407806,0.72522825,0.15884911
142897929921725568,F,6524.0137,4.233215,1.6065513,1.6104921,0.24529482
142898647179249024,G,5737.3906,0.8988404,0.97178394,0.9595456,-1.2593685
142902293608378240,K,5010.9263,0.36858884,0.8001117,0.80554206,0.67870022
142905351625064320,K,4235.1216,0.10355539,0.60774773,0.59773371,-1.6477271
142912876407735168,F,6380.751,2.8674166,1.3811406,1.3856545,0.32682581
142919812778404864,G,5445.7983,1.1969614,1.1962897,1.2290516,2.738629
142922359695461632,K,4521.7827,0.21081345,0.7382524,0.74814012,1.3393409
142931671184675840,G,5404.0894,0.8579232,1.035621,1.0566528,2.0308415
142933698409071616,K,4907.7476,0.29938886,0.75511163,0.75684429,0.22945786
142945964836305152,K,5251.5884,0.91058767,1.1770515,1.1527435,-2.0651601
142947064347265280,M,3486.5457,0.03027515,0.47662732,0.47687613,0.052203142
142949675687342208,K,4635.7505,0.2509827,0.7712356,0.77666717,0.70426834
142949778766610816,G,5433.826,0.59744906,0.8779982,0.87215193,-0.66586337
142950878278224000,G,5980.424,1.2630346,1.0489658,1.0468798,-0.19885944
142958982879810688,G,5690.0923,1.0637122,1.0640333,1.0612718,-0.25953497
142959605651749120,G,5694.88,0.91638625,0.9835952,0.98338434,-0.021437587
142961014401757568,M,3616.4214,0.046000697,0.55183995,0.546358,-0.99339506
142962457509989504,G,5647.833,2.4330826,1.6224494,1.6291756,0.41457001
142966095345639680,F,6278.954,1.9355701,1.1757468,1.1756634,-0.0070905625
142967748909891840,F,6179.1074,1.7174013,1.2854941,1.1435037,-11.045591
142976987384238208,K,4789.2954,0.3044973,0.80168164,0.80149651,-0.023093018
142983073352969088,K,5013.2764,0.3244305,0.7495517,0.75504129,0.7323826
142983210791918464,G,5788.7007,2.8206468,1.6687064,1.6698033,0.065735616
142985615973608064,K,4674.149,0.29323527,0.82431966,0.82576441,0.17526519
142991216611254144,F,6362.485,4.471284,1.7468383,1.7402664,-0.37621443
143000523804200064,G,5494.9473,0.72322243,0.94043344,0.93834391,-0.22218766
143010286266016768,M,3672.5452,0.08359756,0.7138627,0.71419312,0.046286284
143013894038533120,K,4780.8105,0.26499104,0.74904436,0.75035313,0.17472482
143015607729572736,M,3484.787,0.03244401,0.4966089,0.49416041,-0.493042
143017604890251264,G,5353.108,0.8151042,1.0557644,1.0496577,-0.57841058
143020559827747328,M,3391.9944,0.016118634,0.36730385,0.36762668,0.087892392
143021590619891712,K,4722.266,0.27470177,0.7635943,0.78303828,2.5463763
143021865497788928,K,4862.2515,0.34226847,0.8198269,0.82444515,0.56332063
143030695950649216,F,6361.479,5.2482977,1.8773414,1.8860196,0.46225875
143039457683735808,G,5609.4707,0.9333592,1.0257447,1.0229015,-0.27718768
143044401190530688,M,3630.7402,0.038184702,0.49372515,0.49386417,0.028156674
143050006123415680,F,6215.248,1.2922266,0.99698085,0.98040513,-1.6625918
143054816486744320,K,4854.3066,0.2598178,0.7332058,0.72066463,-1.7104575
143066288343738240,G,5985.094,1.6554885,1.197459,1.1966697,-0.065914828
143068521726732032,M,3634.7527,0.03224129,0.45455816,0.45280335,-0.38604765
143076497481563008,M,3286.437,0.010375909,0.31606883,0.31420683,-0.58911357
143084022264289152,K,4172.482,0.13372883,0.71356994,0.69980451,-1.9290927
143088489030242816,F,6137.9146,4.415377,1.8609104,1.8582125,-0.14497834
143097044605251840,G,5710.712,1.1944003,1.1196951,1.1164714,-0.28791031
143104084060785536,K,5002.079,0.4258463,0.86761427,0.86891743,0.15019994
143104225790521472,K,5102.5054,0.4389279,0.84814155,0.8477793,-0.042710995
143114602431361920,K,4885.8516,0.355003,0.8292582,0.8315505,0.27642772
143115839381940352,G,5703.7407,2.1370676,1.5267031,1.4970722,-1.9408428
143118725599959424,K,5268.8394,0.41009533,0.77134824,0.76853854,-0.36425836
143122436451691520,F,6257.035,2.145803,1.240643,1.2465535,0.47640478
143125150871009280,K,4730.398,0.28915176,0.8006251,0.80060946,-0.0019537607
143133259770255104,M,3402.5112,0.009665128,0.2907668,0.28291621,-2.6999593
143138585529578496,G,5609.181,2.3895056,1.6392844,1.6368477,-0.14864271
143139650681587072,K,4278.67,0.13971408,0.68473965,0.68022982,-0.65862018
143143086655407232,K,4862.879,0.43038985,0.9057404,0.92426657,2.045417
143143498972283136,G,5724.193,1.2786094,1.149288,1.1497239,0.037930469
143145320038258816,G,5838.819,0.9750801,0.95848024,0.96499104,0.67928402
143147725220004096,K,4737.157,0.27423537,0.7785169,0.7774623,-0.13546289
143156761831154176,F,6121.8325,1.4412292,1.0690193,1.067227,-0.16765884
143174285297817472,K,4363.0273,0.13866395,0.6530284,0.65171705,-0.2008104
143177549472936064,M,3404.26,0.015253841,0.35445535,0.35505638,0.16956526
143180848007954432,G,5375.864,1.7835727,1.5693555,1.5395792,-1.8973614
143182458619039616,K,4723.241,0.29134253,0.8050557,0.80607396,0.12648352
143182978311634688,G,5769.288,0.9855589,0.9898725,0.99368793,0.38544656
143184249621774336,K,4825.4517,0.7790872,1.2642872,1.2629037,-0.10942604
143195072939489152,F,6633.337,3.7466369,1.4620454,1.465581,0.2418289
143198577632570880,G,5865.98,1.1532248,1.0363337,1.0397501,0.32966697
143199058668893568,G,5815.6006,1.7259904,1.301358,1.2941458,-0.55420655
143202181108164224,G,5522.4097,1.3880312,1.2872204,1.2870503,-0.013212584
143204689370810112,K,5098.087,0.91536003,1.1826282,1.2264071,3.7018293
143206927049141120,K,5105.778,0.40632924,0.81124806,0.8146449,0.41871789
143208816834721152,K,4364.1816,0.11928566,0.6017789,0.60414565,0.39329209
143212836924090624,G,5581.9644,1.0215632,1.0848935,1.0807162,-0.38504368
143222560729883264,F,6046.6406,4.922533,1.9842364,2.0217114,1.8886376
143228157070354944,F,6192.0283,1.7701697,1.1484658,1.1560983,0.66457866
143229192159521280,K,4500.1855,0.1572742,0.652872,0.65241069,-0.070657932
143233693285233408,K,4763.023,0.2917348,0.783972,0.79319857,1.1769004
143242386299018496,K,4624.5513,0.19859369,0.69497174,0.6942193,-0.10826975
143245822272834944,K,4384.6035,0.2551972,0.8872892,0.87544821,-1.3345126
143247231022070912,G,5665.2817,0.8561577,0.9622401,0.96047712,-0.18321589
143249631907854720,M,3318.2698,0.007257814,0.25731143,0.25777019,0.17828916
143251903946471680,G,5324.5435,0.5438481,0.8653195,0.86661701,0.14994592
143270694426428416,K,4300.502,0.12344405,0.6336371,0.63292162,-0.11291572
143271763875521792,K,5212.5825,0.54859763,0.9045011,0.90818483,0.40726599
143272554149050624,K,4452.588,0.15179555,0.65189403,0.65472309,0.43397555
143272794667216512,G,5655.5244,0.74122375,0.902814,0.89677205,-0.66923549
143276299360532224,G,5675.997,3.4487154,1.9229053,1.9204258,-0.12894719
143280903565578496,G,5731.9067,1.4993466,1.2271295,1.2416693,1.1848655
143282758991408896,G,5384.911,0.5823861,0.8736995,0.87680214,0.35511537
143282965149843328,M,3664.9321,0.08229232,0.668149,0.71154267,6.4946095
143283136948536320,G,5552.572,0.90120673,1.0274277,1.0258337,-0.15514142
143286401123675136,G,5450.4346,0.5801213,0.8539033,0.85418177,0.032611972
143289012463712896,M,3446.6233,0.06605965,0.7207454,0.72083133,0.011922698
143289390420826752,G,5516.97,0.6775994,0.9123237,0.90102828,-1.2380934
143291452005103744,F,6477.573,3.1707861,1.4140997,1.4138782,-0.015662912
143292998193356288,G,5810.22,1.1786295,1.071834,1.0714124,-0.039336289
143300900933080832,F,6161.9023,4.554382,1.8635132,1.8725709,0.48605546
143301519408886144,K,5160.1147,0.54806334,0.9164206,0.92629608,1.0776145
143310276845776000,M,3657.3467,0.041160267,0.50609916,0.50531244,-0.15544789
143313648396251776,F,6141.1133,1.6266311,1.1232579,1.1266875,0.30532629
143314679188401920,K,4194.645,0.09621526,0.6082987,0.58733342,-3.4465429
143326327139629184,G,5665.543,1.3022441,1.191015,1.1844488,-0.5513141
143342579295794432,G,5916.686,2.1780484,1.4238319,1.4045263,-1.3558893
143343781886607616,G,5592.0615,1.4302467,1.2848132,1.274133,-0.83126573
143348214292836224,K,4848.921,0.3029448,0.7781626,0.77991037,0.22460217
143348381795711872,M,3500.4539,0.03221878,0.48682064,0.488044,0.25129668
143350035358965504,K,4770.638,0.2910048,0.78905493,0.78967849,0.07902672
143352028223744896,G,5984.2534,1.5009147,1.1619993,1.1397542,-1.9143782
143354295966439040,K,4912.2,0.27889332,0.73357177,0.72915547,-0.6020276
143358453494779648,K,4437.2783,0.14060558,0.6336339,0.63448463,0.1342614
143367902422864384,G,5878.117,1.1891438,1.0520096,1.0514628,-0.051980346
143375976961154432,F,6147.4683,2.9316545,1.4816759,1.5094438,1.8740898
143378549646317312,M,3325.716,0.009496476,0.2939013,0.29353783,-0.12367092
143380920468295296,K,4502.447,0.2549638,0.8129115,0.8298416,2.0826502
143381130922084352,K,4243.49,0.10952592,0.6127844,0.6123014,-0.078821184
143390201892932224,G,5495.8374,0.9854089,1.098254,1.0949484,-0.30098744
143394325061594880,F,6261.6777,2.3703706,1.3081192,1.3082172,0.0074944764
143400990850782976,K,5015.536,0.38565987,0.8169332,0.82247117,0.67789719
143401403167631872,F,6216.9644,2.479894,1.3628002,1.357416,-0.39508477
143401712405287296,M,3486.7888,0.040793262,0.5555057,0.55347256,-0.36599821
143407828438680960,F,6933.6045,5.19925,1.615222,1.5801757,-2.169751
143410474138525824,K,4480.6396,0.15206222,0.64793634,0.64711847,-0.12622625
143413841393651712,F,6363.47,5.1354904,1.8556383,1.8644731,0.47610521
143415937337666176,K,4589.1143,0.18302573,0.6751212,0.67678619,0.24662023
143416521453216384,K,5124.7134,0.45205146,0.8628407,0.85291928,-1.1498548
143421778493158912,K,5079.7715,0.47218528,0.891167,0.88719897,-0.44526229
143425420625408000,G,5749.1357,1.0762044,1.0414358,1.0456719,0.40675244
143454763841902976,G,5334.5522,0.98526776,1.0478387,1.1620755,10.902139
143458096736654080,F,6182.4087,4.113354,1.7628214,1.7678108,0.28303456
143466033836090112,K,5207.408,0.7320738,1.0516554,1.0512049,-0.042836187
143469087556437888,K,5012.7866,0.44246083,0.8753235,0.88192599,0.7542917
143472871423984512,F,6024.408,1.9650874,1.4230491,1.2868127,-9.5735548
143472905783719424,F,6091.7407,1.1231574,0.98433393,0.95146026,-3.3396866
143474486331902208,M,3446.9202,0.016672911,0.36313298,0.36207323,-0.29183472
143475276605831808,K,4393.4297,0.1357261,0.6347278,0.63588339,0.18206116
143484588094685696,G,5781.0186,1.7964587,1.3368374,1.3361433,-0.05191923
143487092058498432,G,5772.773,1.1677839,1.0787209,1.0803524,0.15124417
143489295378827136,K,4544.289,0.1724315,0.6709438,0.66993023,-0.15106576
143495789369524352,K,5161.322,1.1378579,1.3326895,1.3340597,0.10281508
143499702082474112,K,5162.2144,0.37421083,0.75671834,0.76478482,1.0659823
143500462293796480,G,5772.1455,1.1035005,1.0519607,1.0504246,-0.14602161
143503520310478336,G,5359.9653,2.8127272,1.9504031,1.9448809,-0.28313125
143505169577948800,G,5924.909,4.0412416,1.908387,1.9078631,-0.027454569
143509533264679296,F,6146.469,2.0519707,1.2918091,1.2632443,-2.2112245
143524514110546432,K,4486.4976,0.1753972,0.6879532,0.69318572,0.76059289
143532378195607424,K,5056.5723,0.60410815,1.0110689,1.0127402,0.1653041
143539598035690496,K,4472.397,0.3028798,0.9197722,0.91665861,-0.33851779
143540834984362880,M,3858.8655,0.063392214,0.5593397,0.56331568,0.71083402
143546607422266368,M,3511.5461,0.06297317,0.6774999,0.67800702,0.074851605
143548394128677248,G,5878.3174,3.0462172,1.6770433,1.6827807,0.34211567
143549493640298880,G,5409.566,0.75235397,0.9874601,0.98750527,0.0045743002
143553548089731328,G,5391.7827,0.8568139,1.0633963,1.0607955,-0.24457899
143558633330998016,M,3431.8623,0.007541654,0.24621285,0.24565565,-0.22630878
143559011288113024,F,6020.9067,3.6019971,1.7432677,1.7442191,0.054577401
143565058602016896,F,6727.8174,6.5828595,1.8784753,1.8884786,0.53252104
143565951955236608,F,6427.4644,2.7603333,1.3385997,1.339845,0.093030869
143566016377798144,M,3581.3687,0.037319303,0.50516784,0.50178983,-0.66869053
143580069510552320,F,6522.979,3.6338148,1.4929415,1.4925971,-0.023068239
143586499078731904,K,5013.6807,0.39536598,0.8361415,0.83337308,-0.33109525
143593680264045440,F,6286.777,1.9757872,1.1972998,1.1848603,-1.0389662
143600586571560704,G,5593.44,1.1826727,1.1614034,1.1580504,-0.28869825
143602716875188480,K,4004.4302,0.10677269,0.6775931,0.67889373,0.19194837
143605568733519360,K,5214.314,0.8347381,1.1317377,1.1195253,-1.0790826
143609898060698624,G,5727.739,1.6449456,1.3038954,1.3024543,-0.11052334
143622679883120640,K,5242.638,0.43566495,0.7990436,0.80007321,0.12885553
143622748602596352,K,4746.5415,0.3159912,0.83356154,0.83125848,-0.27629119
143625531741379072,G,5775.014,2.854594,1.7667814,1.6877933,-4.4707355
143632983508415232,K,4514.914,0.18242541,0.6971028,0.6980666,0.13825857
143633090883795840,K,4883.449,0.2987237,0.763372,0.76354509,0.02267415
143635530425190144,G,5493.717,0.87014264,1.0420166,1.0297121,-1.1808346
143641921336576512,G,5458.4175,1.0014728,1.1218892,1.1190236,-0.25542792
143643295726090624,G,5331.736,0.89761734,1.1144713,1.1103541,-0.36943018
143644017280589952,K,5003.6445,0.29459918,0.72564816,0.72226411,-0.46634853
143649549198451200,K,5182.912,0.36612085,0.75211644,0.75044302,-0.22249499
143649617918546176,G,5515.523,1.6461443,1.4041845,1.405121,0.066690685
143654325202061696,K,5161.231,0.517,0.91327596,0.89927359,-1.5332027
143657486297953408,G,5625.5005,0.85780305,0.9750259,0.97504491,0.0019494979
143660716113753728,F,6022.619,1.4348896,1.1013839,1.1002506,-0.10289531
143668790652035968,K,4568.6426,0.23510042,0.7588896,0.77393679,1.9827907
143674494368586880,G,5562.4785,0.70258325,0.898927,0.90253773,0.40167102
143674700527016064,G,5863.9453,1.8780712,1.3250911,1.3277899,0.2036703
143675422082046848,F,6244.572,2.565198,1.3488225,1.3683848,1.4503268
143677414946201600,K,4979.842,0.43466488,0.8864934,0.88572583,-0.086585146
143678235284632704,K,4470.1978,0.19247955,0.72896767,0.73146235,0.34222101
143679545250631168,G,5731.1924,2.033256,1.447832,1.4463028,-0.1056226
143688410062620288,K,5017.621,0.3584907,0.8012194,0.7923123,-1.1116928
143689780156889984,M,3635.8723,0.04078244,0.5076462,0.50894696,0.25623274
143695659967550848,K,4854.3276,0.33853036,0.8222285,0.82260967,0.046357753
143707273559103104,K,4826.792,0.34464294,0.8208938,0.83949997,2.2665747
143708235631762944,G,5682.516,2.5179617,1.648679,1.6371798,-0.6974776
143721223612707200,K,4879.566,0.24809909,0.69425994,0.69695278,0.38787171
143723319556883328,M,3818.4492,0.0614769,0.5667974,0.56654591,-0.044370863
143724041111410944,K,5129.335,0.40905258,0.80220747,0.80987986,0.95641011
143729641748751488,G,5981.3496,1.0509294,0.9638683,0.95464424,-0.95698314
143738128604097792,K,4167.0684,0.09893273,0.6040962,0.60347863,-0.10222962
143743763601553408,F,6311.7725,3.0106428,1.4505662,1.4510424,0.032828544
143747783690579712,G,5863.9805,2.2256691,1.4449581,1.4454345,0.032971611
143749776555387520,G,5595.559,0.93891025,1.0312368,1.0310465,-0.018455872
143756820301732736,G,5358.709,1.0225013,1.1657015,1.1731803,0.64156756
143763348651986944,F,6274.478,2.6967568,1.3911052,1.3896929,-0.10152091
143766784625794176,F,6679.2876,3.7895854,1.4509541,1.4537466,0.19246194
143772655845580928,G,5474.3823,1.2327098,1.2319117,1.234279,0.19216465
143774167674232064,K,4906.912,0.2417665,0.68944937,0.68035359,-1.3192811
143775477639557760,K,4609.4194,0.2497415,0.78240466,0.783621,0.15546225
143777504864122496,G,5387.593,0.54111266,0.84983045,0.84432072,-0.64833258
143779257210762368,G,5635.104,0.6902808,0.87157464,0.87169025,0.013264044
143779497728927744,K,5017.767,0.5374582,0.97213537,0.97007324,-0.21212351
143779532088662016,F,6283.913,1.7153621,1.1014684,1.1050215,0.32258095
143783483458446848,K,5216.0864,0.6352332,0.97311425,0.97595592,0.29201793
143785613762231680,M,3613.4705,0.02521131,0.4111614,0.40513694,-1.4652307
143788499980228352,F,7069.6304,8.761262,1.9769617,1.9730726,-0.19671871
143788706138667392,K,5157.053,0.3758162,0.76354814,0.76795844,0.5776065
143796913819734272,M,3556.9312,0.018927177,0.36218783,0.36228066,0.025630928
143798631808116608,K,4296.7925,0.11043012,0.59622705,0.59966427,0.57649454
143803858783406592,F,6320.5938,4.5090346,1.7762082,1.7708394,-0.30226025
143806504483245440,K,4494.4185,0.15845999,0.6564564,0.6565472,0.013831937
143810902529719040,G,5798.1436,2.252232,1.4835863,1.4872425,0.2464437
143812517437420416,K,4609.4824,0.21591464,0.73061705,0.7286012,-0.27591021
143813342071141632,K,4877.7607,0.24166371,0.7124156,0.6883636,-3.3761187
143814853899604096,G,5490.81,1.2085316,1.2076954,1.2148127,0.58933155
143814922619076992,K,4904.0337,0.40760255,0.8706571,0.88443254,1.5821895
143814922619078016,G,5899.457,2.3560097,1.4796044,1.4693242,-0.69479693
143837737485944960,K,5278.5674,0.5869664,0.91649413,0.91606784,-0.046512604
143837771845682944,K,4854.1973,0.29471102,0.7671977,0.76756736,0.048183468
143839107578887296,G,5785.492,3.8679214,1.9606466,1.9575433,-0.15827736
143849144919063040,K,4348.109,0.18683566,0.75309396,0.76169692,1.1423492
143857730557370496,M,3425.901,0.057766184,0.6830125,0.68224503,-0.11236491
143858903084611840,K,4591.236,0.21183497,0.7260416,0.72743259,0.19158553
143859826501508096,M,3637.4756,0.05145551,0.5713359,0.57117465,-0.028222728
143876529630494336,F,6302.272,3.0065286,1.4289358,1.4544257,1.7838391
143881992828859392,F,6547.4326,5.706988,1.842354,1.8565838,0.77237313
143884707248197120,K,4752.3823,0.278884,0.776691,0.77900854,0.29838686
143891334382004736,G,5652.7803,2.6274946,1.713706,1.6900512,-1.3803296
143902058916055168,K,5101.2026,0.41526473,0.8279382,0.82503152,-0.35107487
143902058916055424,G,5912.7896,1.5664873,1.1958662,1.1927015,-0.26464035
143903089708204544,G,5468.615,0.76833075,0.97601557,0.97650072,0.04970759
143920746316506240,M,3445.4294,0.016715746,0.36194557,0.36285184,0.25038901
143927897439661184,G,5646.292,2.3455696,1.6083969,1.6004815,-0.49213061
143931745729893504,M,3738.5269,0.11141939,0.80292743,0.79566917,-0.90397491
143932913960981120,K,4397.4014,0.13964494,0.63566256,0.64383346,1.2854144
143933188838885504,G,5384.2666,0.47550318,0.79033834,0.79245893,0.26831389
143938097984319360,K,5239.7695,0.48268485,0.84316295,0.84306416,-0.011716021
143946657856281088,K,4715.2666,0.31311294,0.82857054,0.83847702,1.1956107
143947482490002432,G,5990.0186,4.666723,1.9527625,2.0058702,2.71962
143757679295179136,K,4648.424,0.17697515,0.6502768,0.6486312,-0.25306127
143765307157054592,K,4552.4463,0.23296702,0.74989355,0.77590888,3.4692025
143767162582909056,G,5325.6807,0.5305635,0.8563976,0.85560162,-0.092945674
143769739563292032,G,5531.1084,2.0213692,1.5434474,1.5482876,0.31359839
143769773923028352,F,6510.5435,3.5631635,1.4934096,1.4836674,-0.65234794
143773519134492288,G,5515.196,1.154347,1.1845673,1.1767913,-0.65644246
143783105501322624,G,5481.913,0.85923606,1.0213109,1.0276498,0.62066048
143786026079084160,G,5820.1963,1.2857517,1.1151806,1.1152095,0.0025890003
143786575834899456,F,6268.329,2.4972312,1.3379406,1.3399203,0.14796727
143791901594474240,K,4996.1074,0.41398898,0.86891323,0.85878415,-1.1657184
143805778632236160,M,3415.4636,0.021261262,0.4190016,0.41643609,-0.6122917
143810352773899136,K,5005.337,0.3757516,0.8083298,0.81514888,0.84360073
143812998474099840,G,5360.2505,0.6495864,0.9102784,0.93454765,2.6661351
143816915483968512,K,4650.417,0.24245311,0.75689495,0.75854831,0.21843989
143818014995587200,K,5206.508,0.57341814,0.9289919,0.93067017,0.1806551
143821725847215872,G,5925.8853,2.4924555,1.4919081,1.4978226,0.39644002
143823203316056576,K,4974.68,0.31477997,0.75065476,0.75531204,0.62042874
143823748775714944,K,5152.7295,1.1468725,1.3377438,1.3438043,0.45304256
143823993590033792,G,5727.673,1.1329037,1.0755414,1.0809192,0.50000775
143824234108113024,G,5804.201,4.009604,1.9877471,1.9802454,-0.37739672
143828357276776064,K,5118.379,0.37923127,0.78367937,0.7831417,-0.068608458
143840486265062016,G,5879.437,1.2701108,1.087406,1.0861817,-0.11258868
143843303763550592,K,4711.8975,0.25016263,0.7361023,0.75053804,1.9611052
143852409094104832,M,3882.3538,0.089776404,0.65917844,0.66228366,0.47107498
143852683972010624,G,5806.7095,1.4549738,1.1954685,1.1918471,-0.30292631
143856394823740416,K,4502.244,0.19231354,0.70686,0.72077553,1.9686406
143862472201378048,M,3641.5315,0.052194763,0.57385373,0.57398228,0.022400879
143867286860735744,K,5125.29,0.4890218,0.8841845,0.8869117,0.30844224
143868317652883072,K,4473.802,0.14397246,0.63476545,0.63159598,-0.49931408
143870344877622912,K,4634.926,0.19692345,0.69593287,0.68820254,-1.1107871
143877010666836352,K,4822.329,0.5501558,1.0664392,1.0626306,-0.3571283
143878694294003584,F,6373.7666,2.821897,1.3793414,1.3776263,-0.12434139
143882473865223808,G,5454.9307,1.6348939,1.4380492,1.4315927,-0.44897695
143892335109986048,M,3464.0596,0.024186242,0.43158743,0.4317841,0.04556919
143895045232154368,G,5725.425,0.72486466,0.8712918,0.86529893,-0.68781492
143896526998200064,G,5736.1655,1.6247423,1.2957438,1.2906309,-0.39459197
143898313704577792,K,4257.97,0.12794688,0.6465284,0.65729877,1.6658766
143904876414561920,K,5068.832,0.34665245,0.7632611,0.76345686,0.025648171
143907865711779072,G,5649.929,0.97974753,1.034576,1.033057,-0.14682709
143908140589677952,G,5454.5713,0.5403388,0.8257668,0.82312348,-0.32010458
143912229398534528,K,5278.68,0.38971585,0.7416033,0.74640841,0.64793552
143913638147800064,K,5192.2334,0.8864749,1.1617312,1.163531,0.15492645
143934150911559424,M,3404.2544,0.024019921,0.4484716,0.44554845,-0.65180358
143934528868669056,F,6401.9155,4.117335,1.6998458,1.6494585,-2.9642289
143934838106307456,F,6229.4346,1.7618866,1.1360145,1.1395801,0.31387361
143945386545990144,G,5805.406,1.0369949,1.0082743,1.0066449,-0.16160776
143949853311935360,G,5317.7866,0.53165346,0.8590693,0.85902474,-0.0051868312
143957579956369408,G,5392.0195,0.08642681,0.6500201,0.33687943,-48.173998
143961020226900096,F,6020.0044,1.5568663,1.150568,1.1470575,-0.30510704
143962325896965248,K,5245.9004,0.50355387,0.86657745,0.85908483,-0.86462247
143969438362769280,K,5079.83,0.5408324,0.9486725,0.94948073,0.085195744
143982495063470848,K,5286.7163,0.71958494,1.013437,1.0111654,-0.22415226
143982632502415744,M,3509.9116,0.032918245,0.4893979,0.49065829,0.25753878
143983663294992128,K,4467.705,0.19297837,0.73747516,0.73322709,-0.57602952
143988198780009728,K,4255.4766,0.12114708,0.63867235,0.64034382,0.26171016
143990913199289984,F,6059.1313,1.8454727,1.2359477,1.2327819,-0.25614427
144002698589562368,F,6085.032,4.11786,1.834368,1.8258421,-0.46478681
144004038619327488,G,5919.8994,1.7251858,1.2424647,1.248655,0.49822386
144009226939793536,K,5082.5415,0.48286945,0.8933019,0.89620252,0.32470723
144016098887469824,K,4516.389,0.14811918,0.6278329,0.62860254,0.12258605
144022592877939328,M,3760.3538,0.050728902,0.53349227,0.5306687,-0.52926102
144022627237682432,G,5485.456,1.2218128,1.2169006,1.2238552,0.57149807
144024718889308672,M,3421.6528,0.013724611,0.3335012,0.33337368,-0.038237701
144025955836561408,K,4003.3906,0.11163923,0.66167194,0.69455341,4.9694518
144028743271188608,G,5483.707,0.69831914,0.93030316,0.92583085,-0.48073643
144037023968052224,K,4290.857,0.13209862,0.6570601,0.65767937,0.094248531
144044239513063680,F,6632.9214,2.895136,1.2885953,1.2884808,-0.0088873902
144053787224164608,K,5062.069,0.6471948,1.0590546,1.0459587,-1.2365623
144057261854029568,G,5768.6675,1.4517746,1.2113458,1.20629,-0.41736697
144059907553676288,G,5748.8706,2.3808513,1.5819255,1.5554435,-1.6740382
144070352914146176,F,6469.0977,4.5203238,1.6894094,1.6925851,0.18797689
144070799590739328,F,6148.42,1.9795178,1.232704,1.2399547,0.58819339
144073101693197440,K,4124.5986,0.09214914,0.6016277,0.5944775,-1.1884754
144076228429391488,K,4262.402,0.17052984,0.7586983,0.75725917,-0.18968451
144078015135773952,F,7211.1587,7.344338,1.5227916,1.7362785,14.019441
144082138304548224,F,6188.1064,1.5236948,1.0699518,1.0739563,0.37426888
144094129853170816,K,5285.608,0.47619793,0.84583914,0.82291885,-2.7097694
144095195005056896,G,5810.354,1.5600587,1.2308356,1.2325894,0.14249234
144095328148909952,M,3493.401,0.026580673,0.4447785,0.44508122,0.068060143
144097011776141568,K,4994.9116,0.7019166,1.1035262,1.1187687,1.3812533
144102646771689856,F,6177.0654,3.634836,1.6786029,1.6646816,-0.82934008
196671087971530880,K,4663.12,0.2018219,0.687762,0.68831007,0.079688767
196672226138167936,G,5782.2817,0.8814837,0.93939084,0.93553882,-0.41005527
196673085131617664,M,3557.2397,0.027861912,0.4390147,0.43947316,0.10442962
196675284154833664,G,5553.4956,1.6325109,1.3784933,1.3802201,0.12526577
196678376531284608,K,5251.101,0.9939047,1.1818638,1.2045499,1.9195176
196678513970239232,K,4642.186,0.23380537,0.7416251,0.74754153,0.797766
196695590760044800,G,5433.179,1.0163205,1.1377904,1.1377857,-0.00041175147
196695968717151104,K,5187.7144,1.7602776,1.6371274,1.642448,0.32499513
196710949563037696,K,4001.7776,0.08701767,0.6178175,0.61369274,-0.66763345
196715966084852224,G,5346.309,1.0258745,1.162027,1.1805712,1.5958451
196716103523808256,K,4768.7817,0.21339934,0.6786618,0.6767602,-0.28019796
196717821511289344,M,3508.0452,0.022804098,0.41352335,0.40881728,-1.138041
196718199468104704,K,5085.265,0.30188632,0.71465147,0.70786053,-0.95024466
196725037056002688,F,6040.4233,1.4358922,1.0898831,1.0941562,0.39207077
196725346293632128,G,5782.0566,1.3980016,1.1777654,1.1782632,0.042267409
196726514524433280,G,5766.5903,1.5839056,1.2608236,1.260897,0.0058221379
196728022056130560,M,3323.96,0.012171277,0.3320997,0.33266695,0.17080709
196745167565310080,G,5671.6733,0.6431027,0.8352258,0.83055981,-0.5586497
196802655704540288,K,4817.9604,0.3099227,0.7988623,0.79901218,0.018762244
196809836890231424,K,4677.5425,0.22815593,0.7252537,0.72733344,0.28676076
196817048138887424,K,4204.524,0.1291977,0.6745683,0.67740263,0.42016991
196836534407079680,F,7143.1216,7.045267,1.7344022,1.7331087,-0.07457899
196844948247714816,F,6334.1895,2.606232,1.334897,1.3405333,0.42222422
196845055621515904,K,5120.931,0.46897817,0.86877835,0.87002479,0.14347021
196848349861885952,G,5581.0913,0.63998103,0.85678583,0.85565454,-0.13203926
196849659827052800,G,5826.197,1.6853797,1.2743169,1.2741827,-0.010529874
196852855282723712,G,5341.8584,0.8390085,1.0842749,1.0694281,-1.3692823
196853576836615296,K,4746.1743,0.2496879,0.7416595,0.73903421,-0.35397507
196856016378028032,M,3782.7688,0.06705746,0.60201675,0.60291642,0.14944316
196856531774095104,F,6032.6025,1.4359899,1.095552,1.0970323,0.13512355
196860066530797440,M,3325.7507,0.014275713,0.3598671,0.35989241,0.0070320118
196867939207393792,K,4528.184,0.20486149,0.74286145,0.73541959,-1.0017834
196873436766409856,M,3720.7996,0.057555072,0.5753974,0.57732771,0.33547404
196874845515041792,M,3314.7268,0.012100678,0.33459336,0.33355122,-0.31146455
196877766092709248,K,4719.7417,0.23875605,0.72830766,0.73079218,0.34113588
196878315848456960,K,4967.62,0.66290915,1.1047864,1.099217,-0.50411613
196884672399951232,K,4981.619,0.36378142,0.81095326,0.8097154,-0.1526425
196886218588101760,G,5400.8447,0.7526977,0.97415096,0.99092338,1.7217478
196888898647620096,F,6420.0376,2.1235583,1.1770042,1.1779046,0.076497957
196891922305375360,G,5895.5234,1.8378888,1.2979045,1.2994753,0.12102875
196898794252884352,G,5768.9585,0.9215208,0.96401364,0.96097237,-0.31547964
196900065563193088,K,4526.7153,0.17973477,0.68972385,0.68929138,-0.06270161
196906078517374976,G,5548.8574,0.2712511,0.6255349,0.56354913,-9.9092418
196910506628366720,K,4477.3887,0.17074259,0.7004475,0.68671178,-1.9609925
196915969826937856,K,4480.0347,0.30378276,0.92796874,0.9148965,-1.4086938
196916764396003584,K,4041.094,0.052323867,0.49448916,0.46666494,-5.6268619
196916798755731840,K,4979.145,0.6843784,1.109063,1.1117106,0.23872723
196932741674197632,G,5623.12,1.1754208,1.222326,1.1423394,-6.5438053
196939132585784960,F,6016.5684,4.473122,1.9456843,1.9465287,0.043399607
196939957219495936,K,4826.0767,0.30254412,0.77367175,0.78679045,1.6956416
196942499840138368,G,5434.462,1.1674446,1.2173913,1.2188722,0.12164922
196944286546525184,K,5217.713,0.45027712,0.8181351,0.82116934,0.37087292
196946863526588544,G,5871.322,1.3229892,1.1100123,1.1116281,0.14556502
196948478434260736,F,6497.307,2.4061277,1.2889271,1.2241812,-5.0232364
196955453461085952,K,4978.519,0.29833508,0.73428553,0.73418412,-0.01381117
196960710500998656,K,5026.543,0.5157577,0.94395286,0.94697217,0.31985834
196961908796300928,M,3395.1335,0.01687635,0.37363008,0.375473,0.49324685
196962806445443712,K,4455.7056,0.27264878,0.87670195,0.87623776,-0.052947417
196965520864726784,F,6284.0303,2.5532184,1.3540477,1.3480953,-0.43959858
196966345498405248,K,5067.833,0.38278466,0.8027448,0.80257538,-0.021105073
196966895254315136,G,5548.5225,0.98191595,1.070239,1.0723477,0.19702858
196967926046452480,G,5704.1196,1.1588134,1.2096541,1.1022565,-8.8783726
196968097845136768,F,6169.8364,2.392414,1.3552973,1.353705,-0.11748744
196969609673553280,G,5679.9434,1.2499418,1.1551044,1.1545428,-0.048618193
196971460802339840,F,7113.2676,5.9580173,1.6025876,1.6071845,0.28684496
196974729275421696,M,3567.4307,0.030196492,0.45463616,0.45490459,0.059042276
196976305525252096,G,5656.568,0.8372605,0.9532131,0.95274667,-0.048932847
196976481621177728,G,5662.7754,3.3189251,1.9222848,1.8927498,-1.5364519
196978886802795776,K,5119.4326,0.4073804,0.8137911,0.81135248,-0.29966197
196985891892721280,G,5369.879,0.8803983,1.0891802,1.0840861,-0.46770431
196986785245968384,K,4302.58,0.11871114,0.62453717,0.62007039,-0.71521506
196994417404533120,G,5874.075,2.3597004,1.488253,1.4832099,-0.33885953
197001186272874752,K,4781.11,0.2236248,0.6885981,0.68921651,0.089807036
197001289352084864,G,5983.8623,1.7799231,1.2427036,1.2413396,-0.10976334
197001907827446016,G,5878.8174,2.0186815,1.3724654,1.3696422,-0.20570467
197002285784544512,K,4584.448,0.18209904,0.6774415,0.67644562,-0.14700653
197009089012605696,K,4496.3013,0.16414295,0.66789824,0.66765709,-0.036105558
197010974507006848,G,5777.028,1.4860233,1.2168806,1.216906,0.0020856893
197011696057234816,M,3340.3523,0.026619239,0.4874396,0.48715418,-0.058555273
197020084128965504,K,4579.289,0.33880293,0.91298807,0.9247634,1.2897575
197020698308026112,M,3676.4224,0.062562004,0.6169588,0.61653492,-0.068704763
197025512967550720,G,5434.1694,0.72268033,0.955664,0.95909126,0.3586259
197026956076538112,F,6133.583,2.2516646,1.32503,1.3288517,0.28842399
197029876654313856,F,6517.849,2.9521513,1.351449,1.3474538,-0.29562495
197222016311381632,G,5910.0894,0.72885394,1.0358652,0.81430165,-21.389226
197222733569863040,G,5950.8047,1.540523,1.1690439,1.1677123,-0.11390397
197225963386143232,K,3923.087,0.06322155,0.5488728,0.54428937,-0.83506251
197230125209641088,K,4986.361,0.41540927,0.8623107,0.86362224,0.15209615
140654921905428608,M,3636.519,0.023914697,0.39018285,0.38959545,-0.15054388
140657400101982592,K,4734.0273,0.2782094,0.7845656,0.784111,-0.057943332
140659496045884032,M,3213.392,0.0045167976,0.21694504,0.21684083,-0.048035517
140664478207929728,K,5242.854,0.74527675,1.0426122,1.0463487,0.35837419
140669357290861952,F,6246.1694,1.5950127,1.0741246,1.0784691,0.40447132
140675988720224512,K,4521.0356,0.28869402,0.8714822,0.87578238,0.49343244
140676362381913088,M,3331.2927,0.010758864,0.31269905,0.31139439,-0.4172256
140680627284886656,F,7317.58,5.733753,1.488664,1.4898334,0.078550557
140687018196236032,K,5268.9004,0.5502379,0.88808465,0.89020173,0.23838704
140691759840102528,K,4813.4927,0.2519386,0.7251118,0.72173851,-0.46520895
140699834378588160,G,5438.855,0.66895026,0.92679155,0.92116009,-0.60762975
140707805838429824,F,6474.6226,4.561353,1.6999083,1.6973487,-0.1505699
140715742937398144,M,3315.4219,0.008557731,0.28147742,0.28038506,-0.38808004
140724332872014848,F,6230.8057,2.2454946,1.283719,1.2859401,0.1730235
140729211954822272,K,5155.426,0.5163198,0.8982975,0.90070679,0.26820606
140730345826768256,K,5192.4756,2.0043643,1.7472129,1.7494139,0.12596942
140735254972527616,G,5941.795,3.1884737,1.6965309,1.6850363,-0.67753753
141349611391426304,K,5018.012,0.29789338,0.7213778,0.722138,0.10538098
141350470384889088,M,3463.0195,0.028532403,0.4747517,0.46925884,-1.1569966
141351604256240128,K,4972.182,0.41547722,0.8674421,0.86862582,0.13646114
141370776990223744,G,5415.77,1.121828,1.2132795,1.2030838,-0.8403433
141405686484232704,G,5355.571,0.70182997,0.9676874,0.97310018,0.55935222
141405789563450752,K,4744.252,0.32650015,0.8483274,0.84578378,-0.29983885
141408607062010880,M,3835.9824,0.06297546,0.56921375,0.56817958,-0.18168351
141424305166167552,G,5801.0156,1.177025,1.0729744,1.0740832,0.10334215
141429463423173760,K,4515.142,0.1651261,0.6679908,0.66407663,-0.58596185
141432104826502784,G,5799.0986,1.0178865,1.0230211,0.99949782,-2.2993932
141434372569234688,G,5860.244,1.560784,1.2152512,1.2119736,-0.26970431
141435098420809600,G,5931.1836,2.5052702,1.4971105,1.4989865,0.12530572
141436919486361216,G,5553.7456,0.7071197,0.9117351,0.90829655,-0.37714348
141438877991425024,F,6304.213,2.4815254,1.3259495,1.3205376,-0.40815386
141448636157507200,K,4479.019,0.14046954,0.6223984,0.62241268,0.00229432
141451213137974656,G,5686.4077,0.88575256,0.9746789,0.96969104,-0.51174441
141452209570383232,F,6458.704,2.4514174,1.2484864,1.2504635,0.1583622
141453961917033216,G,5426.058,1.6716907,1.4616858,1.4630604,0.094043265
141461383620437376,M,3705.3972,0.04844802,0.5345298,0.53409885,-0.08062309
141468427366777856,M,3577.3442,0.021633098,0.3835251,0.38290502,-0.16167853
141472275657474816,K,4628.742,0.5206063,1.1149895,1.1219717,0.62621657
141482721018031488,F,6185.559,3.4487627,1.6259016,1.6170629,-0.54361917
141484022391962624,M,3505.0786,0.014211404,0.3228312,0.32327799,0.13839601
141486668091792384,M,3394.3972,0.03261387,0.5164653,0.52219055,1.1085448
141509212376123520,G,5882.1035,1.8951925,1.334976,1.3256061,-0.70187606
141518592584785664,K,5158.591,1.0368797,1.2557768,1.2748385,1.5179173
141520619809505152,M,3640.568,0.11343241,0.8473073,0.8466101,-0.082284093
141534672942194944,F,6462.4067,4.041641,1.6016598,1.6037751,0.13206684
141537112483600384,K,4197.347,0.099258706,0.591909,0.59578246,0.65440205
141542369524188288,F,6133.66,2.1387894,1.5397402,1.2950835,-15.889478
141549172751865984,G,5621.305,1.1073594,1.107483,1.1094894,0.18116806
141559068356474112,M,3661.22,0.03302592,0.4513527,0.45167803,0.072079883
141562916647159168,F,6561.9126,3.9112628,1.5282267,1.5302091,0.12971806
141569994753169024,K,5072.094,0.44468072,0.8666462,0.86358029,-0.35376672
141573155849212800,K,5265.1787,0.60729,0.93377084,0.93653712,0.29624802
141574152281610880,M,3807.1775,0.06382577,0.58107215,0.5806908,-0.065629487
141574182344836224,M,3584.4922,0.030210396,0.45003435,0.4506881,0.14526657
141594939923274880,K,5122.801,0.6925373,1.0565196,1.0564763,-0.0040948191
141595008642750336,G,5686.4077,1.6463994,1.3093415,1.3220405,0.9698797
141609233574341248,K,4660.5176,0.23003456,0.7381434,0.73566721,-0.33546164
141610126927533056,K,4751.8003,0.24118127,0.7286169,0.72461712,-0.54895563
141612424734137472,M,3403.7422,0.010296432,0.29241464,0.29179861,-0.21066964
141612600828669184,K,5130.971,0.46243006,0.8573287,0.8605519,0.37595887
141614456254557696,G,5594.0054,0.9390927,1.0300219,1.0317195,0.1648101
141622118476316800,K,4386.236,0.16700944,0.70419157,0.7076845,0.49601918
141630738473762048,K,4372.8467,0.17000394,0.71881646,0.71837986,-0.060738483
141637236761061760,G,5577.327,0.8548622,0.9920421,0.99025946,-0.17969355
141639573223274496,M,3171.0288,0.0097833555,0.32779264,0.32771529,-0.023596995
141644452306086912,K,4867.358,0.3356225,0.81191766,0.81468949,0.34139314
141644727184003200,K,4203.444,0.10510895,0.6115231,0.61131138,-0.034622383
141663006564859904,M,3741.4465,0.04563217,0.5077375,0.5084048,0.13142631
141669534914951424,K,3980.3672,0.058825444,0.5203119,0.51002268,-1.9775098
141680667470715776,K,4362.433,0.1435602,0.6488667,0.66330405,2.22501
141683038292115712,G,5705.532,1.5030395,1.2589884,1.2547178,-0.33920706
141685404818881024,M,3552.4116,0.055779893,0.62261736,0.6235129,0.14383406
141690322556807680,G,5734.3647,2.4733496,1.5855172,1.5934018,0.49728663
141696094992835968,G,5514.07,0.79274935,0.974554,0.97561071,0.10842983
141699771484823808,F,6784.7437,4.4897213,1.5332446,1.533543,0.019462351
141707296267548032,G,5573.207,1.5853089,1.3502742,1.3505161,0.017913956
141709941967795328,K,4203.9077,0.18740717,0.81707364,0.8160935,-0.11995761
141712999983947776,K,4156.5444,0.080612674,0.547008,0.54750738,0.091292785
141718738060244864,G,5533.9814,1.410861,1.2922702,1.2921707,-0.0077006108
141723234889410304,M,3642.3171,0.04398499,0.52657276,0.52668373,0.021074362
141729492659066112,G,5437.4756,0.87903214,1.0606458,1.0564791,-0.3928488
141732241438119680,G,5815.9067,1.4708827,1.1896472,1.1945582,0.41281269
141738013874142848,K,4660.6196,0.20421293,0.6928868,0.69311846,0.033433796
141750860119040256,G,5956.3057,3.1846175,1.6783509,1.6758218,-0.15068837
141755193743304192,K,4590.465,0.25388417,0.79085845,0.79663175,0.73000422
141755258166099072,M,3444.2966,0.024441427,0.43838823,0.43905139,0.15127178
141759935387282688,K,4818.479,0.27901366,0.75283664,0.75795942,0.68046322
141760622581945472,K,4289.783,0.24065186,0.88853467,0.88813119,-0.045409044
141761447215666816,M,3454.5225,0.025516605,0.44789675,0.44595245,-0.43409543
141769693552802816,G,5753.641,1.1549913,1.0853331,1.0815759,-0.34618064
141770964863296768,K,4631.462,0.26120374,0.7926803,0.79379187,0.1402292
141784330801362944,K,5158.3755,0.36550784,0.7581637,0.75696466,-0.15815081
141784708758696704,F,6153.6943,2.2393193,1.3164679,1.316556,0.0066922001
141788522689369856,K,4505.102,0.20021132,0.73505217,0.73449394,-0.075943851
141791855583985920,G,5514.9717,0.5388362,0.8126516,0.80407205,-1.0557475
141798109056337024,G,5543.7725,1.4451582,1.30499,1.3031669,-0.13969843
141798418293976064,G,5679.5625,0.98483694,1.031614,1.0249568,-0.64531918
141802507102809344,F,6148.5986,4.5251293,1.8810583,1.8746335,-0.3415524
141806939509040384,K,4421.2783,0.15510899,0.6704773,0.67123708,0.1133195
141807180027208192,G,5806.9355,0.94526136,0.96326476,0.96058347,-0.27835435
141808584479489536,G,5955.377,1.4165285,1.1117607,1.1180142,0.56248176
141823741421056000,G,5550.445,0.94359887,1.0577149,1.0504884,-0.68321841
141824634774273664,M,3391.7598,0.028862985,0.49353778,0.49200963,-0.30963125
141833396507536512,M,3838.6367,0.058519352,0.5476905,0.54695159,-0.13491295
141835080134712832,K,4857.836,0.3325518,0.8138303,0.81413629,0.037598876
141836145286592768,F,6213.2764,1.7574906,1.1392171,1.1440851,0.42730848
141837279158138624,G,5428.1494,0.5716384,0.860604,0.85489007,-0.66394389
141839237663201536,K,4167.8027,0.10657951,0.6219177,0.62614614,0.67990331
141841501110168320,K,5155.202,0.3245875,0.7143739,0.71421289,-0.022539104
141862671004564992,F,7452.403,9.780082,1.8818295,1.8759953,-0.31002833
141873700480397696,K,4831.05,0.41406792,0.90746874,0.91855653,1.2218371
141874250236205440,G,5580.589,1.4268992,1.2698562,1.277879,0.63178748
141880503708563072,G,5441.6772,1.3558059,1.2890904,1.3100455,1.62557
141892048580658560,G,5888.992,2.7509615,1.5927342,1.5933585,0.039193727
141901806746444928,K,4810.3174,0.29057103,0.775138,0.77612532,0.1273731
141902974977452800,G,5397.2285,0.66543484,0.9291641,0.93296278,0.40882777
141903249855356672,G,5543.118,1.6594732,1.3930522,1.3967865,0.26806741
141905929915045248,G,5571.7573,0.84622264,0.9915396,0.98721353,-0.43629809
141907300008800256,G,5539.848,2.3438363,1.6577921,1.661962,0.251536
141913214179423488,G,5815.2686,1.3843951,1.1591794,1.1591606,-0.0016175748
141924449813859712,F,6613.8755,3.7696168,1.4615273,1.4787329,1.1772335
141926373959203840,G,5301.5503,0.5106212,0.8457279,0.84702613,0.15350473
141929084085286912,M,3315.9717,0.015312242,0.37571302,0.37493063,-0.20824127
141931149962813696,K,4206.295,0.11663823,0.6462128,0.64309357,-0.48269433
141943141511597440,G,5553.0415,0.71667796,0.92214763,0.91464665,-0.81342531
141945718491944320,G,5383.4746,1.3172468,1.2857547,1.3193542,2.6132114
141950563214877440,F,6210.272,2.1291413,1.239888,1.2604748,1.6603738
141961936288856064,K,4564.654,0.2206624,0.7524439,0.75110664,-0.177722
141963138879691392,G,5410.73,1.4742047,1.3790704,1.3817209,0.19219565
141967124608744320,K,4257.9956,0.12920105,0.66031456,0.66050448,0.028761621
141967124608745472,K,4634.5293,0.17956278,0.6580604,0.65727945,-0.11867391
141968361559314944,K,4049.1707,0.07912625,0.57336533,0.5715856,-0.31040012
141976126860342784,G,5378.3433,2.0361476,1.6841698,1.6434661,-2.4168408
141976260003079552,M,3628.642,0.028272191,0.42764997,0.4254462,-0.51532123
141987431214712576,M,3394.1365,0.043398496,0.59936816,0.6024651,0.5167004
141996158587612672,K,5085.8154,0.72599745,1.0915213,1.0974874,0.54658126
142003786450146176,G,5807.2734,2.5089622,1.567028,1.5647886,-0.14290717
142007359862665472,K,4959.3203,0.35785165,0.81393886,0.81032709,-0.44374012
142010864555983872,K,5135.951,0.5308517,0.9068519,0.92023347,1.4756067
142016190315386752,K,4415.937,0.16783123,0.6989303,0.6999126,0.14054333
142026979273264128,G,5379.554,0.8435482,1.0588306,1.0573422,-0.14056928
142029247015801344,G,5531.9766,2.541817,1.739941,1.7356599,-0.24604805
142029350095012480,K,4257.339,0.15129627,0.70951766,0.71497492,0.76915005
142029689396151296,G,5324.1284,0.66703016,0.96480006,0.95990633,-0.50722747
142030380887155584,F,6077.771,1.7371227,1.1955048,1.1887205,-0.56748617
142036084603720576,K,5037.239,0.43157002,0.8587096,0.86256867,0.44940355
142041547802279296,F,6270.9897,2.3620644,1.3011546,1.3020476,0.068629434
142043678106025728,K,5001.066,0.43812478,0.87424636,0.8817123,0.85398538
142046598683789312,F,6333.6157,2.9594276,1.4276831,1.4287413,0.074121226
142059621024621568,F,6170.27,3.7439752,1.7090102,1.6932119,-0.92441372
142060067701212928,G,5534.115,0.47624418,0.76688254,0.75070903,-2.1089939
142068554556540928,G,5546.893,0.5461476,0.7950449,0.80021852,0.65073318
142071131536922624,G,5340.0317,0.8121185,1.0492362,1.0528711,0.34643007
142077934765060736,K,4175.7197,0.09966305,0.60625684,0.60319477,-0.5050772
142086833937225088,K,4865.8433,0.251139,0.70567185,0.70517029,-0.071076176
142105663073707392,K,4936.5796,0.3161703,0.76750404,0.76870801,0.15686861
142106345973625088,K,4706.7373,0.23273768,0.7235319,0.72551533,0.27413142
142109648803350528,F,6014.098,1.3134482,1.0521511,1.0556468,0.33224288
142118616695348736,G,5370.4243,0.6140081,0.9043534,0.90515512,0.088651228
142130505164613248,G,5707.183,0.6953843,0.8750912,0.85294692,-2.5305112
142137926868080128,M,3725.1836,0.094293326,0.73518884,0.73722198,0.27654631
142139576135512576,G,5328.8213,0.4699076,0.8104385,0.80426113,-0.76222506
142142153115892864,F,6299.8296,2.1711195,1.2511673,1.2369081,-1.1396749
142142943389873024,K,4285.64,0.13262804,0.6642743,0.66060136,-0.55292532
142145142413509504,G,5443.043,1.9766905,1.5800042,1.5810258,0.064660557
142153556253727360,F,6166.4,2.9793336,1.5222011,1.5123397,-0.64784063
142160776094430976,K,4993.6064,0.27395627,0.6950484,0.69930264,0.61207812
142165242860303616,G,5777.77,0.9750479,0.98620284,0.98547506,-0.073796277
142169572187326848,G,5933.672,2.228554,1.4139991,1.412595,-0.09929866
142171084015807488,G,5420.1543,0.5190457,0.82423687,0.81701995,-0.87558854
142181151419282432,K,4754.702,0.2651761,0.75949365,0.75888111,-0.080650585
142181323217967872,G,5825.34,1.2833307,1.092968,1.1121923,1.7589107
142189432116192640,K,4438.7983,0.15684354,0.66932386,0.669662,0.050519908
142190462908338560,K,4908.728,0.24995522,0.6950112,0.69126781,-0.5386093
142190806505716992,F,6233.9775,5.07605,1.8837955,1.9314597,2.5302203
142201385009023872,K,4577.339,0.23042674,0.76464516,0.7632968,-0.17633763
142204378602374656,K,4567.3486,0.5001995,1.1448215,1.1295266,-1.3360064
142210833937919232,G,5659.804,0.8932617,0.98641175,0.9829688,-0.34903764
142214446005668736,K,4773.056,0.24775027,0.7298603,0.72789237,-0.26963046
142215923474392704,K,4605.3496,0.16316995,0.6308117,0.63452399,0.58849345
142220321520891008,G,5813.529,2.4909801,1.5134898,1.5558173,2.7966839
142258323391432448,K,4866.532,0.2941307,0.7788891,0.76292909,-2.049074
142259216744635648,K,5161.228,1.2969515,1.4382144,1.4243245,-0.96577516
142271723689382784,G,5522.6978,0.9034463,1.0408714,1.0382496,-0.2518848
142275705123470848,K,4976.374,0.32854655,0.7716839,0.77112644,-0.072240011
142288903559568256,K,5035.417,0.34172028,0.76950604,0.7680998,-0.18274533
142290655905862272,F,6623.552,2.5770848,1.2158968,1.2190896,0.26258549
142296531421065856,G,5886.339,2.9000456,1.6497858,1.6374386,-0.74840993
142297665292398976,G,5671.1226,2.7211297,1.7267519,1.708794,-1.0399816
142298897946280704,M,3218.376,0.0059340857,0.24750923,0.24777444,0.10715219
142300826388344832,G,5597.6055,0.86980146,0.99497426,0.99165054,-0.33405107
142306117788075520,G,5520.1997,2.1319497,1.5942549,1.5963645,0.13232472
142307182939958912,K,4359.022,0.12888537,0.6303214,0.62947263,-0.13465693
142310103517728000,G,5753.9727,1.0146242,1.0141608,1.0136083,-0.05447464
142316116471873408,F,6052.28,2.3566515,1.3832666,1.3962488,0.93851905
142319174488576640,G,5525.2056,2.2954664,1.6537493,1.6534526,-0.017942217
142319518085953664,G,5774.488,1.7215568,1.3119997,1.3109522,-0.079836305
142322468727005824,G,5466.955,0.56260663,0.8323715,0.83611225,0.44940851
142323125858646912,K,4391.915,0.13095368,0.62421304,0.62503475,0.131639
142330302747630080,M,3386.814,0.005928832,0.22380361,0.22364286,-0.071825707
142343432463829120,G,5862.6675,2.1994548,1.4405448,1.4375407,-0.20853818
142343909203387008,G,5882.6978,2.2121513,1.4301679,1.4318829,0.11991465
142349307979016448,F,6646.4883,4.0082226,1.5048761,1.5098875,0.33301039
142355527091627264,G,5718.4326,3.2271562,1.8684859,1.8302446,-2.0466449
142361540045815424,F,6219.9414,1.6657667,1.1090516,1.1114442,0.2157336
142363223672978176,F,6441.5586,2.8482294,1.3519036,1.3550606,0.23352292
142368613856113152,G,5390.0366,0.5397169,0.83873403,0.8424667,0.44503561
142370198699846528,F,6615.9565,3.2670887,1.3760331,1.3757779,-0.018543143
142373497234708608,F,6269.486,2.4366589,1.447814,1.3230817,-8.6152172
142379063512371712,G,5763.767,1.5378202,1.2447938,1.2436355,-0.09305189
142387275489802240,G,5671.6733,1.055831,1.0674825,1.0642115,-0.30642086
142394834632376576,G,5827.1885,1.454294,1.1803529,1.1832081,0.2418935
142398236246459008,G,5751.7686,1.5830336,1.2429414,1.2670549,1.9400312
142404627157773056,F,6437.903,2.4302874,1.255535,1.2531213,-0.19224273
142410674471609216,K,5077.6494,0.93023384,1.2522106,1.2463035,-0.47173553
142416790505025408,K,5299.3975,0.80041176,1.0632805,1.0613458,-0.18195745
142418611571258240,M,3593.015,0.06710215,0.66173303,0.66850293,1.0230568
142423078337138688,K,4994.0015,0.42153937,0.8647042,0.86731108,0.3014766
142436066318042752,K,4672.0654,0.24726507,0.7552871,0.75895621,0.48579013
142441529516429440,K,4422.077,0.20354618,0.7675092,0.76865603,0.14942219
142464035145147392,G,5531.2114,0.9428202,1.0651139,1.0573702,-0.72702584
142464138224361728,G,5591.546,0.8377342,0.97830087,0.97530956,-0.30576623
142465375174940672,K,4239.3735,0.10338444,0.5970797,0.59604272,-0.17367501
142468020874646016,F,6340.5493,1.9598756,1.1602823,1.1601487,-0.011517015
142479187789631616,M,3429.2239,0.033023685,0.51859045,0.51484233,-0.72275224
142481386813304704,K,4178.522,0.11462566,0.6516793,0.64602406,-0.86779561
142484616628275968,K,4549.3584,0.192129,0.6921621,0.70558496,1.9392661
142485681780132352,G,5651.6416,0.74539053,0.9027844,0.9005252,-0.25024813
142487159248879232,G,5802.952,1.2221948,1.0975631,1.0937685,-0.34572762
142518559754984576,F,6241.6587,1.3401567,1.1363215,0.98999025,-12.877628
142519079445715840,K,4696.289,0.668638,1.2370647,1.2352051,-0.15032754
142519697920998144,K,4595.76,0.2423623,0.77552795,0.77655284,0.13215372
142522859016915712,G,5445.2363,0.6490803,0.90484744,0.90525079,0.044576676
142526020112971904,F,6287.381,4.139313,1.7043982,1.7146589,0.60201305
142531483311225472,G,5702.2007,1.6085253,1.298613,1.2995174,0.069646278
142531895628260864,F,6214.845,3.716635,1.6628368,1.6629053,0.0041185907
142532853404998400,G,5720.7466,0.89252275,0.9613336,0.96173935,0.042207049
142536190595487360,K,4460.914,0.15184504,0.65373224,0.6523877,-0.20567132
142536946509760128,K,4868.2397,0.8601688,1.3118622,1.3037703,-0.61682251
142548285223345920,G,5951.233,1.8969669,1.2923341,1.2955946,0.25229552
142549797051778816,F,6327.864,4.448301,1.744391,1.7548337,0.59864559
142551377599736320,F,6216.804,2.296541,1.3094848,1.3063391,-0.2402275
142551411959476480,F,6128.6553,2.1514964,1.3086616,1.3010473,-0.58183969
142551515038690176,F,6145.0557,3.2530596,1.5972143,1.5912834,-0.3713298
142552786349008256,G,5867.877,2.2937613,1.4738898,1.4654306,-0.57393433
142559310403481472,M,3609.297,0.042370744,0.53397006,0.5264304,-1.4119996
142561891679739904,K,4510.0415,0.19122161,0.70369226,0.7162433,1.7835972
142564537379514112,G,5744.7944,1.7791314,1.3461185,1.3465057,0.02876332
142573986308571776,K,4887.995,0.348538,0.82268965,0.82322153,0.064651843
142585973560339584,M,3429.252,0.0068469467,0.23459587,0.23442441,-0.073087025
142591269256818048,G,5695.2144,2.07229,1.4758048,1.4786258,0.1911478
142593055963696640,K,4455.8794,0.1400556,0.62715423,0.6279666,0.12953245
142593154747076096,K,4786.877,0.23383026,0.70601714,0.70307067,-0.41733697
142599343795290880,K,4246.804,0.14757375,0.70660174,0.70963215,0.42887077
142601302300348416,K,5190.3384,0.7723717,1.0836431,1.0868635,0.2971793
142603978064607616,K,4875.2954,0.36941367,0.854943,0.85193757,-0.35153556
142607349614475520,G,5587.6367,1.1083411,1.1237258,1.1233978,-0.029191236
142608586565053952,F,6299.8433,2.3490963,1.2861357,1.2866016,0.036222472
142613122050481536,K,4936.2246,0.65818065,1.1189294,1.1092665,-0.86358568
142614496440008064,G,5866.872,1.3228009,1.1138039,1.1132358,-0.051002784
142626831585897088,M,3674.9653,0.090669036,0.75851035,0.74280732,-2.070246
142652257792331136,K,4348.1616,0.30672026,0.9885257,0.97591735,-1.2754699
142678955308978304,K,5104.077,0.5599515,0.9465348,0.95696032,1.1014412
142682460002240000,K,4592.174,0.18115272,0.67289925,0.67241736,-0.071613392
142683971830723968,K,4752.8257,0.28400862,0.78703654,0.78598661,-0.13340326
142685208781280896,G,5663.901,1.4518988,1.2576262,1.2513824,-0.49647866
142685621098133248,K,4611.237,0.18491846,0.6759523,0.67376494,-0.32359707
142686205213725184,G,5471.513,1.105361,1.1566299,1.1700121,1.1570006
142687304725340928,K,4565.1426,0.19617097,0.7058808,0.70804659,0.30682071
142687442164289920,F,6247.7847,1.4740903,1.0343032,1.0362465,0.18788907
142689194510923136,K,4579.767,0.1792293,0.67140514,0.67246688,0.15813673
142695516702843264,M,3284.6838,0.011855396,0.33661446,0.3362204,-0.11706665
142699983468770176,K,4716.3564,0.29019392,0.80314004,0.8068338,0.45991484
142704518954236288,K,4786.1836,0.28753635,0.77674425,0.77986751,0.40209686
142721080348359936,G,5796.762,2.0426207,1.4279478,1.4170203,-0.7652559
142725444035036544,G,5758.147,1.0135885,1.0212427,1.0116226,-0.94200408
142733999609837056,M,3739.1467,0.010162901,0.24853617,0.24022433,-3.3443161
142737126346150016,K,4486.9116,0.1726062,0.68778396,0.68752157,-0.038149597
142741971069096832,G,5552.938,0.90523374,1.0261426,1.0279876,0.17980007
142746025518378880,M,3403.9814,0.007937356,0.26098844,0.2561632,-1.8488342
142755268287965312,K,4505.758,0.20205963,0.74263996,0.73766166,-0.67035151
142756741459951360,K,4983.4463,0.3817516,0.8259847,0.82886543,0.34876349
142764442338220672,K,5087.354,0.3918402,0.80451715,0.80579346,0.15864294
142769626362417280,K,4452.8984,0.18475723,0.72296923,0.722218,-0.10390862
142773268493966720,K,4674.5747,0.24531358,0.75670195,0.75514395,-0.20589341
142774849042945024,K,4929.69,0.3803774,0.84698766,0.84551496,-0.17387552
142774990777554944,F,6602.075,3.532317,1.4299455,1.4365544,0.46218138
142783164098767232,F,6016.007,1.5149099,1.1371404,1.133,-0.36410929
142783683791533696,K,5049.3296,0.3468893,0.76969916,0.76962855,-0.0091733045
142785264339465984,G,5407.1904,0.62435377,0.89821124,0.90037869,0.24130684
142786810528230656,G,5623.41,1.0185891,1.0646151,1.0632935,-0.124135
142787360283493760,F,6162.308,1.8090965,1.3151222,1.1800413,-10.271354
142788562874321408,K,4468.6006,0.1432142,0.6313058,0.63139788,0.014586377
142789073974192768,G,5339.047,0.57459885,0.88587075,0.88594763,0.0086781001
142789215709338752,F,6009.075,4.2466955,1.902747,1.9013561,-0.073097174
142795331742714368,K,4355.228,0.12383049,0.6276822,0.61808068,-1.5296793
142795640980354560,K,4801.5107,0.31223878,0.7970919,0.80749674,1.3053505
142807357651136128,G,5632.577,0.68706536,0.871566,0.87043814,-0.12940609
142807804327721216,F,6053.855,4.402115,1.908576,1.9073036,-0.066668669
142809213077028992,G,5474.563,0.6547472,0.8999081,0.89947909,-0.047673068
142815874570394496,M,3513.4011,0.036140863,0.5133706,0.51309402,-0.053875006
142817734292699136,G,5446.857,1.054023,1.1528767,1.1528857,0.00078185158
142823919044943872,F,6419.6675,2.8514447,1.3598977,1.3650877,0.38164969
142823953404680576,F,6405.6523,4.095368,1.647482,1.6431337,-0.26393579
142825190355236864,F,6593.6465,3.0043728,1.323525,1.3282467,0.35675327
142825259074709760,F,6017.6055,3.0509615,1.7918984,1.6070304,-10.316878
142835292118325760,F,6464.8125,3.6465635,1.52009,1.5222402,0.14145155
142835807514448896,K,4646.255,0.22638856,0.73467183,0.73430133,-0.050430302
142841923547795072,K,4708.691,0.2555239,0.75698435,0.75957129,0.34174297
142851196380602368,M,3334.5881,0.011407443,0.3195644,0.32000954,0.13929519
142855426925338112,K,4435.773,0.19822983,0.7542607,0.75387447,-0.05120579
142858381862816896,K,5073.03,0.38571528,0.80455387,0.80399199,-0.069837564
142872194477646336,K,4184.2676,0.11440439,0.6507359,0.643629,-1.092133
142880612613508736,K,5212.3936,0.51884294,0.88346535,0.88327657,-0.021368005
142881196729050112,K,4900.3867,0.5373001,1.0138037,1.0169531,0.31065002
142883155234120576,F,6065.2983,1.6633868,1.1721395,1.168007,-0.35255795
142900919218954752,F,6043.13,1.5420054,1.1328291,1.1328495,0.0018047256
142906038819860480,M,3485.539,0.054600805,0.6325472,0.64078567,1.3024277
142912532810354048,K,5225.9688,0.7684862,1.0633326,1.0693936,0.56999845
142918644546956928,G,5707.9756,1.3688415,1.1950443,1.19637,0.11093601
142922978170738304,M,3276.7717,0.007480794,0.2684868,0.26837042,-0.043347902
142925933108861696,G,5314.29,0.6424108,0.914366,0.94551642,3.4067785
142926242345872128,G,5516.716,1.3264233,1.2608331,1.2607616,-0.0056696951
142930228075684352,K,4136.81,0.09295934,0.593188,0.59356533,0.063610873
142934454323296640,K,5264.023,0.59178865,0.9240408,0.92491308,0.094398215
142936653346625280,K,4374.2773,0.13271418,0.63346887,0.63430656,0.13223857
142939848802260608,M,3761.8567,0.04041175,0.4736623,0.47326294,-0.084314066
142947614103737344,K,5004.1035,2.226179,1.9915487,1.985092,-0.32420606
142951737271664000,K,4358.3447,0.10988144,0.58169526,0.58139619,-0.051413607
142952149588515456,G,5749.483,1.2008885,1.1062973,1.1044522,-0.16678368
142959262054554368,F,6119.7896,2.9263732,1.5358951,1.521756,-0.92057467
142960980041464960,M,3312.3037,0.00962172,0.2977383,0.29786482,0.042495011
142963007266018560,G,5499.456,1.2251233,1.2231113,1.2192804,-0.31320835
142964622173705856,F,6636.4546,3.770489,1.4652551,1.4688578,0.24587312
142979156343526016,K,5020.225,0.34698382,0.78360564,0.77868428,-0.62804009
142979392564387328,F,6596.5356,4.7382092,1.6525031,1.6665888,0.85238492
142981492805011584,M,3585.742,0.025152257,0.4183523,0.41094487,-1.7706196
142984516461967744,G,5966.1562,2.4501681,1.4606911,1.4650818,0.30058811
142989498624340224,K,4087.2627,0.17648049,0.8363307,0.83779238,0.1747733
142995855175916928,G,5343.5303,0.47497064,0.80406535,0.8041369,0.0088983487
142997435723876352,M,3683.285,0.05130483,0.5579181,0.55623926,-0.30091156
143003002001469952,G,5743.823,1.4807107,1.2294551,1.2288141,-0.05214025
143008087242781952,G,5786.258,1.1636804,1.0770721,1.0734317,-0.33798678
143008770144518912,M,3713.7815,0.05215382,0.54719746,0.55164988,0.8136765
143016505378631808,F,6164.3857,2.855181,1.4813764,1.4814615,0.0057458394
143025645069383552,K,4983.0825,0.4068654,0.85756683,0.85581991,-0.20370665
143029355920747904,G,5767.98,1.2939942,1.1372546,1.1391262,0.16457022
143031073907646720,G,5443.9453,0.62478036,0.8896926,0.88856528,-0.12670888
143032310858609024,K,4594.2617,0.20823337,0.7149376,0.72027255,0.74621217
143033410369980032,G,5718.364,1.2479106,1.1399763,1.1381547,-0.15979093
143033582168523008,K,5121.7886,0.5095388,0.9040938,0.90656405,0.27322928
143034028845269632,K,5042.8003,0.46069175,0.87933534,0.8892315,1.1254136
143040316677177856,G,5537.279,0.939968,1.0532203,1.0534572,0.02248991
197260018181785984,K,5246.4185,0.53920674,0.95686746,0.88880186,-7.1133779
197267263792594560,K,4500.4844,0.30554777,0.90741533,0.90923093,0.20008427
197268848634592640,K,5151.584,0.54989845,0.9288885,0.93092102,0.21881219
197268951713839360,F,6523.62,4.4964375,1.6490321,1.6600078,0.66558478
197277507288591488,K,4895.0713,0.39633203,0.876901,0.87531567,-0.18078792
197280462226095744,K,4651.98,0.31568238,0.87454265,0.8649732,-1.0942228
197282008414291328,K,4550.4326,0.18584599,0.6937687,0.69362444,-0.020793926
197283932559658752,F,6437.3374,2.8927684,1.3692892,1.3674059,-0.13753874
197295580510893824,G,5863.578,1.9322503,1.3483744,1.3469747,-0.10380633
197299944197713408,G,5815.22,1.3515675,1.1462592,1.145354,-0.078971061
197301559105415808,K,4640.3135,0.2841988,0.82001334,0.82483985,0.58858947
197301868343082112,G,5724.6772,1.1095676,1.0741853,1.0708485,-0.31063413
197308048800240128,F,6345.3096,5.60587,1.9875712,1.9591561,-1.42964
197312210624244352,G,5452.383,1.0952901,1.1787155,1.1728569,-0.49703149
197360932735201920,F,7403.2217,8.822881,1.9537748,1.8055805,-7.5850234
197368728099178368,M,3692.296,0.059425335,0.6005187,0.59572518,-0.79822914
197371824771940096,K,4754.8325,0.30970746,0.8100975,0.8200844,1.2328019
197395704790179328,K,4519.708,0.16584317,0.6637059,0.66417298,0.070373875
197397594575843840,G,5388.9507,1.2283746,1.2738839,1.2714818,-0.18856379
197399965397696768,G,5419.937,1.9612223,1.6022079,1.5882838,-0.86905949
197403195212855936,G,5902.949,2.1077902,1.396894,1.3881257,-0.62770103
197404638321839488,K,4607.0337,0.22439182,0.7427482,0.74355636,0.10880685
197406248932290560,F,6511.537,4.105563,1.5573325,1.5921079,2.2330103
197414499567858304,M,3498.2927,0.033428352,0.51128733,0.4977352,-2.6505895
197415908315981696,F,6097.5625,2.7536128,1.4875466,1.4869353,-0.041093605
197416595510759808,K,4962.9727,0.30466336,0.74805504,0.74658542,-0.19645934
197417076547084928,K,4955.1133,0.45907155,0.9087061,0.9193612,1.1725575
197418691454781184,K,4388.3267,0.18935056,0.75310564,0.7528155,-0.038525586
197420134561330432,F,6314.826,4.578402,1.7956188,1.78767,-0.44267901
197420512521160064,F,6640.7954,3.5974927,1.4229617,1.4328902,0.69773698
197423501818347264,K,4872.3228,0.34903076,0.82869965,0.82911144,0.049690661
197423738038418560,K,4525.8257,0.06602674,0.59758073,0.41794337,-30.060769
197429686571236224,G,5379.554,1.306631,1.3549637,1.3159431,-2.8798294
197431335838612352,K,5241.766,0.4396154,0.80679363,0.80395983,-0.35124201
197439479096677632,G,5999.1045,1.890133,1.2716116,1.2727013,0.085694692
197440716047049088,M,3477.2805,0.021535937,0.40407592,0.40434828,0.0674024
197442708911883392,G,5494.7363,0.64757395,0.89620703,0.88798195,-0.91776603
197443327387163136,M,3827.627,0.063533254,0.5754918,0.57318457,-0.40091428
197443941564863744,K,5151.349,0.6998912,1.0510168,1.0503317,-0.065183053
197447519275393408,G,5874.485,1.1766115,1.0528932,1.0472011,-0.54061121
197447622354601344,G,5769.963,2.1980631,1.4803234,1.4836354,0.22373374
197449031103852928,K,4564.16,0.45343313,1.0873666,1.0769315,-0.9596708
197456693324788352,K,4238.5474,0.16086099,0.75281614,0.74377991,-1.2003242
197458308232481280,G,5964.607,1.6894771,1.2213801,1.2172104,-0.34139398
197459442103899008,G,5741.37,0.9485695,1.0021824,0.98436614,-1.777746
197459545183072640,K,4925.551,0.33760667,0.8035533,0.79790104,-0.70340857
197467959021677824,F,6662.032,3.9246163,1.486485,1.4870937,0.040948926
197474010632765696,G,5617.057,0.75033915,0.9254051,0.91466972,-1.1600735
197474903985948672,K,4069.3157,0.08691253,0.58374625,0.59313232,1.6079023
197475037127810304,K,4511.408,0.19979715,0.7310941,0.73168406,0.080695679
197486929894316416,G,5416.7515,0.50263464,0.81414247,0.8050105,-1.1216675
197488201204583680,G,5981.4087,2.2285924,1.3921694,1.3901496,-0.14508562
197491121782685696,K,4507.5957,0.23799208,0.79932654,0.79991622,0.073771696
197514726922510976,G,5784.111,1.1683615,1.0770082,1.0763872,-0.057655671
197520224480879360,K,5158.7383,1.3239732,1.4228213,1.4404751,1.2407622
197521491495223936,K,5014.3086,0.31267625,0.7407667,0.74093224,0.022346764
197524278929704192,K,4925.643,0.3463921,0.804738,0.80818593,0.42845397
197528711336201856,K,4645.508,0.23646191,0.74978113,0.75070159,0.12276317
197532662706065152,F,6712.835,3.943456,1.4693519,1.4681814,-0.079661459
197537473069392896,F,6251.2056,2.3619976,1.4627937,1.3102836,-10.425944
197539259775789184,K,4528.0225,0.18280508,0.69468087,0.69475253,0.010315893
197539637732938240,G,5750.174,1.8162798,1.3566216,1.3579462,0.097639598
197542523950888576,G,5552.926,0.84571475,0.9950503,0.99362233,-0.14350766
197544654254790144,M,3582.4954,0.046097066,0.55428857,0.55733783,0.55012087
197562899275692160,K,4428.69,0.16988178,0.6992932,0.70012567,0.119044
197568328114337152,G,5733.7036,1.3242553,1.1666352,1.1661879,-0.038338158
197570557201838208,M,3479.492,0.014193909,0.32820132,0.32784796,-0.10766588
197577845761914624,G,5415.9126,1.5033461,1.393673,1.3926416,-0.074008174
197582140729117184,G,5758.46,1.4578682,1.2135718,1.2131083,-0.038190901
197583549478441728,K,4800.4614,0.36850417,0.87846005,0.87762382,-0.09519312
197588806518322048,G,5502.391,1.2512484,1.2723932,1.2308979,-3.2612007
197594819472518016,G,5927.6357,2.0114715,1.3489686,1.3447672,-0.31145622
197599629836413696,F,6602.9556,3.248304,1.3660673,1.3772245,0.81673878
197607807454086656,G,5454.122,1.1563778,1.2045981,1.2043517,-0.020453282
197621654428661504,G,5803.36,1.1261564,1.0534366,1.0497684,-0.34821362
197636184302689024,G,5992.63,1.6562138,1.1934412,1.1939233,0.040396808
197637081951049088,K,5003.095,0.5368755,0.9892008,0.97524213,-1.4111057
197639727650857344,G,5817.4077,2.9321418,1.7142862,1.6857247,-1.6660888
197639762010602624,F,6300.729,3.4589493,1.5611396,1.5607871,-0.022581763
197643021889538944,K,4715.937,0.20038678,0.6710464,0.67058171,-0.069248384
197644125697339904,F,7059.3994,5.6382537,1.5840532,1.5874131,0.21210785
197645671885506048,G,5534.3584,0.5765755,0.82634825,0.82593656,-0.049819936
197648386304991232,K,4983.3423,0.5309391,0.9796806,0.97753896,-0.2186056
197648863044870272,K,4849.9937,0.291122,0.7216844,0.76420227,5.8914773
197649245298421504,G,5857.639,1.459656,1.1990314,1.1730951,-2.163106
197657148038141952,K,5255.1934,1.2474663,1.329587,1.3473802,1.3382511
197658689929275520,G,5851.4297,0.92670834,0.9448596,0.93670042,-0.86353399
197661511724895616,G,5547.752,0.68722,0.9028245,0.89736056,-0.60520494
197664397942777344,K,4924.4316,0.31918696,0.7773617,0.7761819,-0.15176953
197667692182723840,K,4525.264,0.20320357,0.7358424,0.73338325,-0.33419528
197668108794951680,K,4493.614,0.14708042,0.6334339,0.63276007,-0.10637772
197668280593645440,G,5481.6904,0.60561264,0.86262316,0.86282281,0.023144917
197669758061902976,G,5416.0703,0.8756659,1.0605369,1.0628055,0.21391074
197676660074715648,M,3726.9407,0.04039238,0.4847004,0.48205647,-0.54547693
197679168335599104,G,5399.733,1.9435265,1.6041346,1.5929562,-0.69685202
197680753178144768,G,5900.9697,1.7719749,1.2762917,1.2736062,-0.210412
197711539503859968,G,5377.9653,1.0186733,1.1697326,1.1626115,-0.60877637
197714391362157312,F,6308.648,2.275146,1.2609822,1.2626565,0.13277416
197717415019060864,K,4800.43,0.2621991,0.7429266,0.74030124,-0.3533808
197725936235129088,F,6311.1284,3.0125744,1.4635688,1.4518041,-0.80383626
197726069376899712,K,4291.8066,0.11607066,0.6151645,0.6162176,0.17119069
197731708669909632,K,4896.902,0.2674839,0.71622926,0.71855358,0.32452209
197734594887939456,K,4974.044,0.66652226,1.0984744,1.0993633,0.080923574
197735694399561216,K,4602.41,0.24765089,0.7784368,0.78271291,0.54932036
197736209796416128,K,4483.378,0.17058915,0.68416846,0.68457045,0.058756489
197737171869019648,K,4716.2324,0.26816392,0.7751834,0.7756449,0.059533678
197737343667724544,G,5846.4624,1.2517961,1.091657,1.09052,-0.10415334
197737687265103616,K,4090.8408,0.17461349,0.82866365,0.83189191,0.38957396
197756413322440448,G,5481.606,1.3337874,1.2557915,1.2805037,1.9678574
197758779847536768,M,3720.2603,0.026161036,0.39262885,0.38934444,-0.83651834
197767580237576448,F,6399.9336,4.393769,1.7014081,1.7049861,0.21029456
197770466455310464,G,5362.5464,0.5015111,0.82979274,0.82044847,-1.1260968
197774074228067840,F,6462.1265,2.7088687,1.3064635,1.3130952,0.50761022
197774894566675712,M,3382.6035,0.014292746,0.34962025,0.34810384,-0.43373131
197779777944319360,K,4880.3457,0.34182075,0.8149133,0.81780771,0.35517984
197780185966386432,G,5581.373,1.0656694,1.1105908,1.1040337,-0.59041911
197781216757153408,M,3568.4275,0.04714389,0.5682646,0.56808342,-0.031883297
197781289773120512,G,5311.6533,1.0519949,1.1971598,1.2111573,1.1692226
197786100136149888,G,5614.052,0.41095302,0.68277484,0.67763587,-0.75265949
197792486752844544,K,4386.939,0.12930392,0.6227246,0.62249493,-0.036882246
197794071595504512,G,5748.2773,1.2244829,1.1104249,1.1157171,0.47659527
197794586991598208,F,6437.2246,5.126855,1.814755,1.8204609,0.31441666
197795068027920768,G,5802.487,1.3766634,1.1585238,1.1610173,0.21523096
197801287140453376,F,6911.3047,8.268871,1.973174,2.0056548,1.6461198
197803589242963328,G,5619.932,1.0599422,1.0852242,1.0860058,0.072018843
197807918570279296,G,5594.6377,1.2041612,1.2767227,1.1680234,-8.5139324
197808056009215232,K,4561.3896,0.1849492,0.690462,0.6886286,-0.26553291
197822212221271552,K,4892.6987,0.65886015,1.1240139,1.1296732,0.50349284
197823277373138176,G,5754.3203,1.1141821,1.0614176,1.0620457,0.059171003
197827641059699712,K,5237.5923,0.5091836,0.8672922,0.86661656,-0.077901774
197828225175238912,G,5568.9043,0.9081556,1.0309101,1.0237497,-0.69457154
197828495757597056,K,5278.353,1.992681,1.6950773,1.6880107,-0.41689107
197829462125841920,K,5035.577,0.4054144,0.83607686,0.83657381,0.059438152
197831867307512576,K,4942.2144,0.41752195,0.87972397,0.88135253,0.18512122
197832039106200832,F,7375.0337,6.9337893,1.6227276,1.6129112,-0.60493092
197839220291488768,K,4906.002,0.32740468,0.79385275,0.79202732,-0.22994607
197842724985005056,K,5291.403,0.80200064,1.066952,1.0656114,-0.1256518
197845675625899264,F,6070.322,1.811161,1.207735,1.2167693,0.74803396
197849287694974848,M,3467.8174,0.05323958,0.6402457,0.63923129,-0.15844
197850112328697344,G,5848.6934,3.8185523,1.9128637,1.9032017,-0.50510547
197850318487132800,K,4605.7085,0.20607401,0.7083853,0.71297102,0.64734811
197853960619354112,K,4722.0796,0.22043318,0.7008565,0.70149574,0.091208032
197867773234024832,F,6039.422,1.7730576,1.2020987,1.2162527,1.1774436
197872991617911808,G,5830.382,1.2055336,1.0755894,1.0760905,0.046589062
197879455545575808,K,4656.9014,0.24707614,0.76048696,0.76361505,0.41132724
197880653841401472,M,3830.5364,0.03456061,0.45660436,0.42210906,-7.5547462
197883097677836800,K,4994.1465,0.58715147,1.0305426,1.023542,-0.67930906
197883784872602496,G,5708.142,2.4775085,1.6325606,1.6094267,-1.4170319
197890824324122752,K,5148.451,0.73475266,1.0880865,1.0773841,-0.98359486
197902579649136128,G,5520.694,2.1446943,1.5984479,1.6008421,0.14978531
197911341382360576,K,4765.1675,0.23709217,0.7146017,0.71442299,-0.025007679
197915842508343552,K,4727.2827,0.2577034,0.76026374,0.75681562,-0.45354288
197920373697671424,G,5757.3413,0.9858389,0.9976317,0.99795782,0.032689315
197921340066447360,G,5767.0273,0.8218453,0.9014805,0.90812197,0.73672957
197922267779386624,K,5058.1523,0.07923777,0.57245404,0.3665519,-35.968326
197928040215345664,F,6455.138,4.686477,1.7038853,1.7308736,1.5839246
197939172770605440,F,6468.9946,3.7204373,1.5308584,1.5355946,0.30938252
197942196427530496,M,3671.0376,0.029500784,0.42946,0.42461201,-1.1288571
197945117005290368,K,4525.244,0.16448425,0.65983117,0.65982888,-0.00034759765
197947797064837888,G,5670.6396,1.135811,1.1047305,1.1041857,-0.049318675
197967519554615808,G,5537.832,2.6093316,1.8316756,1.7548429,-4.194667
197968825224662144,G,5791.9146,1.787297,1.3263665,1.3277222,0.10221337
197968825224662528,K,4402.4834,0.14394124,0.65162164,0.65215425,0.081735541
197970199614639744,G,5828.129,1.758887,1.3001424,1.3008099,0.051337092
197973085832212736,K,4517.927,0.08328097,0.57186353,0.47102898,-17.632624
197980644974595072,G,5852.5796,2.7182424,1.6112428,1.6036242,-0.47284175
197995728899649280,K,5236.3594,1.1634753,1.3165575,1.3106081,-0.45188988
197996003777552384,K,5251.104,0.36585385,0.73438036,0.73081211,-0.4858856
143060142246163712,G,5723.728,2.135644,1.4864831,1.4861396,-0.023106011
143070274073543808,M,3484.265,0.027487498,0.45886838,0.45498639,-0.84599121
143072030715594112,K,5129.6646,0.6316806,1.0115373,1.0062919,-0.51855413
143072133794801920,G,5597.9404,1.5430202,1.322437,1.3206339,-0.13635025
143072649191043584,K,5288.4814,0.569018,0.8969001,0.89857473,0.18671304
143074367177804672,M,3656.3591,0.053816754,0.585463,0.57811498,-1.2550777
143080380132025728,M,3763.7778,0.074791044,0.6446829,0.64317626,-0.23370249
143082991472152064,K,4640.9067,0.22984454,0.73544264,0.74159122,0.83603851
143083124614543616,F,6362.457,2.9392054,1.4093131,1.410972,0.11771291
143091443967738368,K,4721.141,0.32567823,0.8421003,0.85300894,1.2954087
143092096802773120,F,6259.306,2.698167,1.3949561,1.3968032,0.13240947
143096116892519168,G,5395.5786,1.1880498,1.2492344,1.2473675,-0.14944071
143106459173498752,M,3561.7458,0.03567817,0.49707133,0.4960536,-0.20474558
143114327553459200,G,5730.8843,1.6979696,1.3220497,1.3218277,-0.016795283
143122672673777536,M,3703.7092,0.058888532,0.5858799,0.58937914,0.59726317
143124837336880000,K,5128.6143,0.4766071,0.87408084,0.87444669,0.041855082
143133908309268992,G,5690.4453,1.5969692,1.3082364,1.3001963,-0.61457567
143134874677858176,M,3781.332,0.06033618,0.57251126,0.57233782,-0.030294307
143135390073928704,G,5509.845,0.61240256,0.85670936,0.8588017,0.24423004
143139513242633216,K,4413.683,0.1501987,0.6652182,0.66280225,-0.36318211
143140337876354304,K,4459.868,0.21986979,0.7827643,0.78540187,0.33695602
143142055863258880,G,5676.7637,1.8180021,1.3944894,1.3939549,-0.038330628
143147239886532992,M,3439.6804,0.018348796,0.38141498,0.3814352,0.0053001623
143148992234518912,G,5423.4077,0.79819524,1.0052576,1.0119597,0.66670549
143150233480885760,G,5427.36,0.5129267,0.82341784,0.81003457,-1.6253313
143154562807908992,G,5862.999,2.2199552,1.4443159,1.4440613,-0.017628539
143156967989569536,G,5302.4497,0.5393449,0.8659155,0.87022856,0.49809294
143163599419023488,G,5913.205,1.6591328,1.2186337,1.2272919,0.71048342
143169470637233280,F,6237.452,2.3929164,1.490161,1.3246541,-11.106645
143169715452635520,F,6064.326,3.9826741,1.795839,1.8079044,0.67185421
143169887251328128,K,5214.4487,0.5410314,0.90082556,0.90125482,0.047651301
143170093409752576,K,4175.8896,0.099624015,0.6084633,0.60302756,-0.89335474
143170570148988288,F,6067.4297,1.4540511,1.0831664,1.0912732,0.74843523
143173357584879232,K,4510.7744,0.2284472,0.7661625,0.78260725,2.1463788
143177510816005632,F,6418.476,2.6825206,1.3200611,1.3245271,0.33831815
143195553975823488,M,3388.4915,0.011607193,0.31307393,0.31261079,-0.14793341
143195622695299072,G,5472.4834,0.67181456,0.9196412,0.91181968,-0.85049699
143200604857328128,G,5870.0293,1.0921175,1.0084262,1.0104325,0.19895343
143206549092029696,F,6243.3755,1.6582855,1.0974998,1.1006365,0.2858018
143206583451765632,F,6069.872,1.5099757,1.1118973,1.1111663,-0.065740532
143208675099050624,G,5703.506,1.3658898,1.1752869,1.1969532,1.8434941
143216341617385856,G,5711.1133,1.4119043,1.1919819,1.2137081,1.8226929
143226924416824832,K,4409.728,0.1424579,0.6451043,0.64665528,0.24042255
143230149935955712,G,5411.749,0.8667071,1.0647936,1.0590441,-0.53996339
143232009658071680,M,3541.169,0.013003431,0.30311945,0.30296247,-0.051788297
143236643926444160,K,4258.7393,0.081959315,0.52547896,0.52588431,0.077138319
143241046269535872,K,4772.569,0.2833616,0.7713917,0.77860865,0.93557591
143241114988721664,K,4639.1367,0.2065342,0.69601583,0.70351735,1.0777794
143241252427666816,G,5685.727,1.2421257,1.1471326,1.1485871,0.126793
143246127214472320,K,4887.7725,0.38787204,0.8661105,0.86851122,0.27718346
143246956144174720,F,6009.3096,3.0034106,1.6053936,1.5988634,-0.40676733
143248158735007616,K,4898.2915,0.37274334,0.84725976,0.84775206,0.058104966
143248777210333056,M,3598.477,0.033145107,0.46903026,0.46840919,-0.13241485
143248811570065536,F,7405.7056,8.809519,1.80465,1.8030027,-0.091281986
143251251111459200,K,4119.7246,0.10881873,0.6333496,0.64754299,2.2410044
143252144464652672,G,5983.531,1.1366045,1.0087783,0.992071,-1.6561912
143252384982814336,G,5633.0845,1.0936188,1.1010996,1.0979779,-0.28350433
143254755805409792,G,5733.367,1.7490187,1.3390944,1.3403891,0.0966882
143254888947745152,K,4712.5547,0.4863548,1.0472797,1.0462054,-0.10258043
143256920468312960,K,5222.731,0.47543153,0.8392866,0.84217401,0.34403162
143260077267093248,K,4427.178,0.1737619,0.699113,0.70855974,1.3512464
143264170373073792,K,4226.495,0.14356385,0.6995219,0.70666729,1.0214678
143271042320570112,K,4883.1675,0.5893541,1.0757756,1.0726007,-0.29512743
143275646525501184,F,6205.6064,3.640388,1.7031211,1.6506635,-3.080087
143278635822819584,K,3913.6306,0.08611001,0.634974,0.63829335,0.52275341
143283544968894592,M,3457.1216,0.019948117,0.39467427,0.39370851,-0.24469777
143293719747844352,G,5528.1333,0.74802285,0.93909395,0.94287383,0.40250241
143301175811161600,G,5583.73,0.5039599,0.76226646,0.75858165,-0.48340214
143309215989930112,F,6507.6846,4.6778154,1.7011886,1.7014599,0.015945304
143312720683245312,K,4776.7915,0.31770843,0.8207269,0.82299076,0.27583599
143312858122200576,F,6329.3647,2.6604586,1.3576407,1.3564731,-0.086005235
143324643512274688,K,4493.224,0.21272443,0.76174766,0.76110698,-0.084106482
143326979974440448,G,5589.87,1.0034833,1.0705954,1.0680825,-0.23471519
143329178998264576,G,5462.896,1.0864493,1.1933689,1.1636223,-2.4926593
143333267806765696,K,4205.0596,0.11379855,0.6352075,0.63559023,0.060252992
143333439605226240,G,5789.0854,2.7784417,1.6654723,1.6570434,-0.50609456
143335565612362880,F,6140.7085,3.06644,1.5770963,1.5471536,-1.8985967
143338593565931392,K,4513.2563,0.40245134,1.0317373,1.0375997,0.56821086
143338662286024832,K,4710.3354,0.3306897,0.86285114,0.86349501,0.074620825
143341067467058816,G,5775.195,1.5593586,1.2469101,1.247363,0.036321218
143351306669477120,K,5034.3306,1.1415038,1.4030787,1.4044568,0.098218043
143353230814587136,F,6495.7236,3.3168395,1.4304962,1.4380047,0.52489009
143360034042588800,G,5635.398,1.1078019,1.1049442,1.1041677,-0.070277798
143368727056577152,M,3566.4927,0.04509042,0.55534905,0.55617648,0.14899351
143375152327434112,G,5697.563,1.3272759,1.2034329,1.1823757,-1.7497616
143378966258547968,G,5749.442,1.7007484,1.3182212,1.3143826,-0.29119525
143383295585566336,G,5613.6016,1.0047922,1.0603818,1.0597614,-0.05850337
143391159669660288,F,6009.913,2.0176811,1.3091369,1.3102165,0.082464045
143397314358797952,M,3517.0676,0.03494624,0.51249003,0.50349128,-1.755887
143405973012797056,K,4658.0264,0.37265885,0.9281277,0.93735692,0.99439105
143406763286778752,G,5793.5713,1.2443368,1.1039104,1.1072085,0.29876752
143410817735903872,K,5232.48,0.6501671,0.9755348,0.9811841,0.57909766
143410886455826432,G,5708.916,1.0074276,1.0277705,1.0260128,-0.17102099
143422293889225472,G,5674.327,2.2928836,1.5710545,1.5668068,-0.27037306
143426932453891584,G,5796.6797,1.1687547,1.0699966,1.0719049,0.17834228
143429887391425152,K,4876.2295,0.30389005,0.7704565,0.77240153,0.25245181
143431364860171136,G,5786.4165,2.4574323,1.5620161,1.5598203,-0.14057636
143435316229883264,G,5777.0054,3.6470509,1.9057021,1.9064197,0.037657492
